




DueFlashStorage: reading/writing a struct from/to flash example (with optimized write: only when change has happened)
Z:\lib\tooling\qiqqa\MuPDF\thirdparty\owemdjee\DueFlashStorage\examples\DueFlashStorageOverwriteWithSameExample\DueFlashStorageExample.ino


writing a fresh CFG at index 0: 1
(b0:0,b1:42,i1:1,li2:1234567890123456,i3:-555,iter:0)
  flash [0] level 0: Must disable interrupts when writing to flash; this is done automatically.
========================================================
(re)writing active CFG (unchanged) -- this should report that there's nothing to write as the CFG data has not changed -- at 0x87300: 1
  flash [0] level 0: Must disable interrupts when writing to flash; this is done automatically.
  flash [1] level 1: Flash sector already contains matching data: skipping write operation.
-----------------------------------------
(re)writing active CFG (unchanged) -- this should report that there's nothing to write as the CFG data has not changed -- at 0x87300: 1
  flash [0] level 0: Must disable interrupts when writing to flash; this is done automatically.
  flash [1] level 1: Flash sector already contains matching data: skipping write operation.
writing an updated CFG at address 0x87320: 1
(b0:0,b1:42,i1:1,li2:1234567890123456,i3:-555,iter:1)
  flash [0] level 0: Must disable interrupts when writing to flash; this is done automatically.
-----------------------------------------
(re)writing active CFG (unchanged) -- this should report that there's nothing to write as the CFG data has not changed -- at 0x87320: 1
  flash [0] level 0: Must disable interrupts when writing to flash; this is done automatically.
  flash [1] level 1: Flash sector already contains matching data: skipping write operation.
-----------------------------------------
(re)writing active CFG (unchanged) -- this should report that there's nothing to write as the CFG data has not changed -- at 0x87320: 1
  flash [0] level 0: Must disable interrupts when writing to flash; this is done automatically.
  flash [1] level 1: Flash sector already contains matching data: skipping write operation.
-----------------------------------------
(re)writing active CFG (unchanged) -- this should report that there's nothing to write as the CFG data has not changed -- at 0x87320: 1
  flash [0] level 0: Must disable interrupts when writing to flash; this is done automatically.
  flash [1] level 1: Flash sector already contains matching data: skipping write operation.
writing an updated CFG at address 0x87340: 1
(b0:0,b1:42,i1:1,li2:1234567890123456,i3:-555,iter:2)
  flash [0] level 0: Must disable interrupts when writing to flash; this is done automatically.
-----------------------------------------
(re)writing active CFG (unchanged) -- this should report that there's nothing to write as the CFG data has not changed -- at 0x87340: 1
  flash [0] level 0: Must disable interrupts when writing to flash; this is done automatically.
  flash [1] level 1: Flash sector already contains matching data: skipping write operation.
-----------------------------------------
(re)writing active CFG (unchanged) -- this should report that there's nothing to write as the CFG data has not changed -- at 0x87340: 1
  flash [0] level 0: Must disable interrupts when writing to flash; this is done automatically.
  flash [1] level 1: Flash sector already contains matching data: skipping write operation.
-----------------------------------------
(re)writing active CFG (unchanged) -- this should report that there's nothing to write as the CFG data has not changed -- at 0x87340: 1
  flash [0] level 0: Must disable interrupts when writing to flash; this is done automatically.
  flash [1] level 1: Flash sector already contains matching data: skipping write operation.
writing an updated CFG at address 0x87360: 1
(b0:0,b1:42,i1:1,li2:1234567890123456,i3:-555,iter:3)
  flash [0] level 0: Must disable interrupts when writing to flash; this is done automatically.
-----------------------------------------
(re)writing active CFG (unchanged) -- this should report that there's nothing to write as the CFG data has not changed -- at 0x87360: 1
  flash [0] level 0: Must disable interrupts when writing to flash; this is done automatically.
  flash [1] level 1: Flash sector already contains matching data: skipping write operation.
-----------------------------------------
(re)writing active CFG (unchanged) -- this should report that there's nothing to write as the CFG data has not changed -- at 0x87360: 1
  flash [0] level 0: Must disable interrupts when writing to flash; this is done automatically.
  flash [1] level 1: Flash sector already contains matching data: skipping write operation.
-----------------------------------------
(re)writing active CFG (unchanged) -- this should report that there's nothing to write as the CFG data has not changed -- at 0x87360: 1
  flash [0] level 0: Must disable interrupts when writing to flash; this is done automatically.
  flash [1] level 1: Flash sector already contains matching data: skipping write operation.
writing an updated CFG at address 0x87380: 1
(b0:0,b1:42,i1:1,li2:1234567890123456,i3:-555,iter:4)
  flash [0] level 0: Must disable interrupts when writing to flash; this is done automatically.
-----------------------------------------
(re)writing active CFG (unchanged) -- this should report that there's nothing to write as the CFG data has not changed -- at 0x87380: 1
  flash [0] level 0: Must disable interrupts when writing to flash; this is done automatically.
  flash [1] level 1: Flash sector already contains matching data: skipping write operation.
-----------------------------------------
(re)writing active CFG (unchanged) -- this should report that there's nothing to write as the CFG data has not changed -- at 0x87380: 1
  flash [0] level 0: Must disable interrupts when writing to flash; this is done automatically.
  flash [1] level 1: Flash sector already contains matching data: skipping write operation.
-----------------------------------------
(re)writing active CFG (unchanged) -- this should report that there's nothing to write as the CFG data has not changed -- at 0x87380: 1
  flash [0] level 0: Must disable interrupts when writing to flash; this is done automatically.
  flash [1] level 1: Flash sector already contains matching data: skipping write operation.
writing an updated CFG at address 0x873A0: 1
(b0:0,b1:42,i1:1,li2:1234567890123456,i3:-555,iter:5)
  flash [0] level 0: Must disable interrupts when writing to flash; this is done automatically.
-----------------------------------------
(re)writing active CFG (unchanged) -- this should report that there's nothing to write as the CFG data has not changed -- at 0x873A0: 1
  flash [0] level 0: Must disable interrupts when writing to flash; this is done automatically.
  flash [1] level 1: Flash sector already contains matching data: skipping write operation.
-----------------------------------------
(re)writing active CFG (unchanged) -- this should report that there's nothing to write as the CFG data has not changed -- at 0x873A0: 1
  flash [0] level 0: Must disable interrupts when writing to flash; this is done automatically.
  flash [1] level 1: Flash sector already contains matching data: skipping write operation.
-----------------------------------------
(re)writing active CFG (unchanged) -- this should report that there's nothing to write as the CFG data has not changed -- at 0x873A0: 1
  flash [0] level 0: Must disable interrupts when writing to flash; this is done automatically.
  flash [1] level 1: Flash sector already contains matching data: skipping write operation.
writing an updated CFG at address 0x873C0: 1
(b0:0,b1:42,i1:1,li2:1234567890123456,i3:-555,iter:6)
  flash [0] level 0: Must disable interrupts when writing to flash; this is done automatically.
-----------------------------------------
(re)writing active CFG (unchanged) -- this should report that there's nothing to write as the CFG data has not changed -- at 0x873C0: 1
  flash [0] level 0: Must disable interrupts when writing to flash; this is done automatically.
  flash [1] level 1: Flash sector already contains matching data: skipping write operation.
-----------------------------------------
(re)writing active CFG (unchanged) -- this should report that there's nothing to write as the CFG data has not changed -- at 0x873C0: 1
  flash [0] level 0: Must disable interrupts when writing to flash; this is done automatically.
  flash [1] level 1: Flash sector already contains matching data: skipping write operation.
-----------------------------------------
(re)writing active CFG (unchanged) -- this should report that there's nothing to write as the CFG data has not changed -- at 0x873C0: 1
  flash [0] level 0: Must disable interrupts when writing to flash; this is done automatically.
  flash [1] level 1: Flash sector already contains matching data: skipping write operation.
writing an updated CFG at address 0x873E0: 1
(b0:0,b1:42,i1:1,li2:1234567890123456,i3:-555,iter:7)
  flash [0] level 0: Must disable interrupts when writing to flash; this is done automatically.
-----------------------------------------
(re)writing active CFG (unchanged) -- this should report that there's nothing to write as the CFG data has not changed -- at 0x873E0: 1
  flash [0] level 0: Must disable interrupts when writing to flash; this is done automatically.
  flash [1] level 1: Flash sector already contains matching data: skipping write operation.
-----------------------------------------
(re)writing active CFG (unchanged) -- this should report that there's nothing to write as the CFG data has not changed -- at 0x873E0: 1
  flash [0] level 0: Must disable interrupts when writing to flash; this is done automatically.
  flash [1] level 1: Flash sector already contains matching data: skipping write operation.
-----------------------------------------
(re)writing active CFG (unchanged) -- this should report that there's nothing to write as the CFG data has not changed -- at 0x873E0: 1
  flash [0] level 0: Must disable interrupts when writing to flash; this is done automatically.
  flash [1] level 1: Flash sector already contains matching data: skipping write operation.
writing an updated CFG at address 0x87400: 1
(b0:0,b1:42,i1:1,li2:1234567890123456,i3:-555,iter:8)
  flash [0] level 0: Must disable interrupts when writing to flash; this is done automatically.
-----------------------------------------
(re)writing active CFG (unchanged) -- this should report that there's nothing to write as the CFG data has not changed -- at 0x87400: 1
  flash [0] level 0: Must disable interrupts when writing to flash; this is done automatically.
  flash [1] level 1: Flash sector already contains matching data: skipping write operation.
-----------------------------------------
(re)writing active CFG (unchanged) -- this should report that there's nothing to write as the CFG data has not changed -- at 0x87400: 1
  flash [0] level 0: Must disable interrupts when writing to flash; this is done automatically.
  flash [1] level 1: Flash sector already contains matching data: skipping write operation.
-----------------------------------------
(re)writing active CFG (unchanged) -- this should report that there's nothing to write as the CFG data has not changed -- at 0x87400: 1
  flash [0] level 0: Must disable interrupts when writing to flash; this is done automatically.
  flash [1] level 1: Flash sector already contains matching data: skipping write operation.
writing an updated CFG at address 0x87420: 1
(b0:0,b1:42,i1:1,li2:1234567890123456,i3:-555,iter:9)
  flash [0] level 0: Must disable interrupts when writing to flash; this is done automatically.
-----------------------------------------
(re)writing active CFG (unchanged) -- this should report that there's nothing to write as the CFG data has not changed -- at 0x87420: 1
  flash [0] level 0: Must disable interrupts when writing to flash; this is done automatically.
  flash [1] level 1: Flash sector already contains matching data: skipping write operation.
-----------------------------------------
(re)writing active CFG (unchanged) -- this should report that there's nothing to write as the CFG data has not changed -- at 0x87420: 1
  flash [0] level 0: Must disable interrupts when writing to flash; this is done automatically.
  flash [1] level 1: Flash sector already contains matching data: skipping write operation.
-----------------------------------------
(re)writing active CFG (unchanged) -- this should report that there's nothing to write as the CFG data has not changed -- at 0x87420: 1
  flash [0] level 0: Must disable interrupts when writing to flash; this is done automatically.
  flash [1] level 1: Flash sector already contains matching data: skipping write operation.
writing an updated CFG at address 0x87440: 1
(b0:0,b1:42,i1:1,li2:1234567890123456,i3:-555,iter:10)
  flash [0] level 0: Must disable interrupts when writing to flash; this is done automatically.
-----------------------------------------
(re)writing active CFG (unchanged) -- this should report that there's nothing to write as the CFG data has not changed -- at 0x87440: 1
  flash [0] level 0: Must disable interrupts when writing to flash; this is done automatically.
  flash [1] level 1: Flash sector already contains matching data: skipping write operation.
-----------------------------------------
(re)writing active CFG (unchanged) -- this should report that there's nothing to write as the CFG data has not changed -- at 0x87440: 1
  flash [0] level 0: Must disable interrupts when writing to flash; this is done automatically.
  flash [1] level 1: Flash sector already contains matching data: skipping write operation.
-----------------------------------------
(re)writing active CFG (unchanged) -- this should report that there's nothing to write as the CFG data has not changed -- at 0x87440: 1
  flash [0] level 0: Must disable interrupts when writing to flash; this is done automatically.
  flash [1] level 1: Flash sector already contains matching data: skipping write operation.
writing an updated CFG at address 0x87460: 1
(b0:0,b1:42,i1:1,li2:1234567890123456,i3:-555,iter:11)
  flash [0] level 0: Must disable interrupts when writing to flash; this is done automatically.
-----------------------------------------
(re)writing active CFG (unchanged) -- this should report that there's nothing to write as the CFG data has not changed -- at 0x87460: 1
  flash [0] level 0: Must disable interrupts when writing to flash; this is done automatically.
  flash [1] level 1: Flash sector already contains matching data: skipping write operation.
-----------------------------------------
(re)writing active CFG (unchanged) -- this should report that there's nothing to write as the CFG data has not changed -- at 0x87460: 1
  flash [0] level 0: Must disable interrupts when writing to flash; this is done automatically.
  flash [1] level 1: Flash sector already contains matching data: skipping write operation.
-----------------------------------------
(re)writing active CFG (unchanged) -- this should report that there's nothing to write as the CFG data has not changed -- at 0x87460: 1
  flash [0] level 0: Must disable interrupts when writing to flash; this is done automatically.
  flash [1] level 1: Flash sector already contains matching data: skipping write operation.
writing an updated CFG at address 0x87480: 1
(b0:0,b1:42,i1:1,li2:1234567890123456,i3:-555,iter:12)
  flash [0] level 0: Must disable interrupts when writing to flash; this is done automatically.
-----------------------------------------
(re)writing active CFG (unchanged) -- this should report that there's nothing to write as the CFG data has not changed -- at 0x87480: 1
  flash [0] level 0: Must disable interrupts when writing to flash; this is done automatically.
  flash [1] level 1: Flash sector already contains matching data: skipping write operation.
-----------------------------------------
(re)writing active CFG (unchanged) -- this should report that there's nothing to write as the CFG data has not changed -- at 0x87480: 1
  flash [0] level 0: Must disable interrupts when writing to flash; this is done automatically.
  flash [1] level 1: Flash sector already contains matching data: skipping write operation.
-----------------------------------------
(re)writing active CFG (unchanged) -- this should report that there's nothing to write as the CFG data has not changed -- at 0x87480: 1
  flash [0] level 0: Must disable interrupts when writing to flash; this is done automatically.
  flash [1] level 1: Flash sector already contains matching data: skipping write operation.
writing an updated CFG at address 0x874A0: 1
(b0:0,b1:42,i1:1,li2:1234567890123456,i3:-555,iter:13)
  flash [0] level 0: Must disable interrupts when writing to flash; this is done automatically.
-----------------------------------------
(re)writing active CFG (unchanged) -- this should report that there's nothing to write as the CFG data has not changed -- at 0x874A0: 1
  flash [0] level 0: Must disable interrupts when writing to flash; this is done automatically.
  flash [1] level 1: Flash sector already contains matching data: skipping write operation.
-----------------------------------------
(re)writing active CFG (unchanged) -- this should report that there's nothing to write as the CFG data has not changed -- at 0x874A0: 1
  flash [0] level 0: Must disable interrupts when writing to flash; this is done automatically.
  flash [1] level 1: Flash sector already contains matching data: skipping write operation.
-----------------------------------------
(re)writing active CFG (unchanged) -- this should report that there's nothing to write as the CFG data has not changed -- at 0x874A0: 1
  flash [0] level 0: Must disable interrupts when writing to flash; this is done automatically.
  flash [1] level 1: Flash sector already contains matching data: skipping write operation.
writing an updated CFG at address 0x874C0: 1
(b0:0,b1:42,i1:1,li2:1234567890123456,i3:-555,iter:14)
  flash [0] level 0: Must disable interrupts when writing to flash; this is done automatically.
-----------------------------------------
(re)writing active CFG (unchanged) -- this should report that there's nothing to write as the CFG data has not changed -- at 0x874C0: 1
  flash [0] level 0: Must disable interrupts when writing to flash; this is done automatically.
  flash [1] level 1: Flash sector already contains matching data: skipping write operation.
-----------------------------------------
(re)writing active CFG (unchanged) -- this should report that there's nothing to write as the CFG data has not changed -- at 0x874C0: 1
  flash [0] level 0: Must disable interrupts when writing to flash; this is done automatically.
  flash [1] level 1: Flash sector already contains matching data: skipping write operation.
-----------------------------------------
(re)writing active CFG (unchanged) -- this should report that there's nothing to write as the CFG data has not changed -- at 0x874C0: 1
  flash [0] level 0: Must disable interrupts when writing to flash; this is done automatically.
  flash [1] level 1: Flash sector already contains matching data: skipping write operation.
writing an updated CFG at address 0x874E0: 1
(b0:0,b1:42,i1:1,li2:1234567890123456,i3:-555,iter:15)
  flash [0] level 0: Must disable interrupts when writing to flash; this is done automatically.
-----------------------------------------
(re)writing active CFG (unchanged) -- this should report that there's nothing to write as the CFG data has not changed -- at 0x874E0: 1
  flash [0] level 0: Must disable interrupts when writing to flash; this is done automatically.
  flash [1] level 1: Flash sector already contains matching data: skipping write operation.
-----------------------------------------
(re)writing active CFG (unchanged) -- this should report that there's nothing to write as the CFG data has not changed -- at 0x874E0: 1
  flash [0] level 0: Must disable interrupts when writing to flash; this is done automatically.
  flash [1] level 1: Flash sector already contains matching data: skipping write operation.
-----------------------------------------
(re)writing active CFG (unchanged) -- this should report that there's nothing to write as the CFG data has not changed -- at 0x874E0: 1
  flash [0] level 0: Must disable interrupts when writing to flash; this is done automatically.
  flash [1] level 1: Flash sector already contains matching data: skipping write operation.
writing an updated CFG at address 0x87500: 1
(b0:0,b1:42,i1:1,li2:1234567890123456,i3:-555,iter:16)
  flash [0] level 0: Must disable interrupts when writing to flash; this is done automatically.
-----------------------------------------
(re)writing active CFG (unchanged) -- this should report that there's nothing to write as the CFG data has not changed -- at 0x87500: 1
  flash [0] level 0: Must disable interrupts when writing to flash; this is done automatically.
  flash [1] level 1: Flash sector already contains matching data: skipping write operation.
-----------------------------------------
(re)writing active CFG (unchanged) -- this should report that there's nothing to write as the CFG data has not changed -- at 0x87500: 1
  flash [0] level 0: Must disable interrupts when writing to flash; this is done automatically.
  flash [1] level 1: Flash sector already contains matching data: skipping write operation.
-----------------------------------------
(re)writing active CFG (unchanged) -- this should report that there's nothing to write as the CFG data has not changed -- at 0x87500: 1
  flash [0] level 0: Must disable interrupts when writing to flash; this is done automatically.
  flash [1] level 1: Flash sector already contains matching data: skipping write operation.
writing an updated CFG at address 0x87520: 1
(b0:0,b1:42,i1:1,li2:1234567890123456,i3:-555,iter:17)
  flash [0] level 0: Must disable interrupts when writing to flash; this is done automatically.
-----------------------------------------
(re)writing active CFG (unchanged) -- this should report that there's nothing to write as the CFG data has not changed -- at 0x87520: 1
  flash [0] level 0: Must disable interrupts when writing to flash; this is done automatically.
  flash [1] level 1: Flash sector already contains matching data: skipping write operation.
-----------------------------------------
(re)writing active CFG (unchanged) -- this should report that there's nothing to write as the CFG data has not changed -- at 0x87520: 1
  flash [0] level 0: Must disable interrupts when writing to flash; this is done automatically.
  flash [1] level 1: Flash sector already contains matching data: skipping write operation.
-----------------------------------------
(re)writing active CFG (unchanged) -- this should report that there's nothing to write as the CFG data has not changed -- at 0x87520: 1
  flash [0] level 0: Must disable interrupts when writing to flash; this is done automatically.
  flash [1] level 1: Flash sector already contains matching data: skipping write operation.
writing an updated CFG at address 0x87540: 1
(b0:0,b1:42,i1:1,li2:1234567890123456,i3:-555,iter:18)
  flash [0] level 0: Must disable interrupts when writing to flash; this is done automatically.
-----------------------------------------
(re)writing active CFG (unchanged) -- this should report that there's nothing to write as the CFG data has not changed -- at 0x87540: 1
  flash [0] level 0: Must disable interrupts when writing to flash; this is done automatically.
  flash [1] level 1: Flash sector already contains matching data: skipping write operation.
-----------------------------------------
(re)writing active CFG (unchanged) -- this should report that there's nothing to write as the CFG data has not changed -- at 0x87540: 1
  flash [0] level 0: Must disable interrupts when writing to flash; this is done automatically.
  flash [1] level 1: Flash sector already contains matching data: skipping write operation.
-----------------------------------------
(re)writing active CFG (unchanged) -- this should report that there's nothing to write as the CFG data has not changed -- at 0x87540: 1
  flash [0] level 0: Must disable interrupts when writing to flash; this is done automatically.
  flash [1] level 1: Flash sector already contains matching data: skipping write operation.
writing an updated CFG at address 0x87560: 1
(b0:0,b1:42,i1:1,li2:1234567890123456,i3:-555,iter:19)
  flash [0] level 0: Must disable interrupts when writing to flash; this is done automatically.
-----------------------------------------
(re)writing active CFG (unchanged) -- this should report that there's nothing to write as the CFG data has not changed -- at 0x87560: 1
  flash [0] level 0: Must disable interrupts when writing to flash; this is done automatically.
  flash [1] level 1: Flash sector already contains matching data: skipping write operation.
-----------------------------------------
(re)writing active CFG (unchanged) -- this should report that there's nothing to write as the CFG data has not changed -- at 0x87560: 1
  flash [0] level 0: Must disable interrupts when writing to flash; this is done automatically.
  flash [1] level 1: Flash sector already contains matching data: skipping write operation.
-----------------------------------------
(re)writing active CFG (unchanged) -- this should report that there's nothing to write as the CFG data has not changed -- at 0x87560: 1
  flash [0] level 0: Must disable interrupts when writing to flash; this is done automatically.
  flash [1] level 1: Flash sector already contains matching data: skipping write operation.
writing an updated CFG at address 0x87580: 1
(b0:0,b1:42,i1:1,li2:1234567890123456,i3:-555,iter:20)
  flash [0] level 0: Must disable interrupts when writing to flash; this is done automatically.
-----------------------------------------
(re)writing active CFG (unchanged) -- this should report that there's nothing to write as the CFG data has not changed -- at 0x87580: 1
  flash [0] level 0: Must disable interrupts when writing to flash; this is done automatically.
  flash [1] level 1: Flash sector already contains matching data: skipping write operation.
-----------------------------------------
(re)writing active CFG (unchanged) -- this should report that there's nothing to write as the CFG data has not changed -- at 0x87580: 1
  flash [0] level 0: Must disable interrupts when writing to flash; this is done automatically.
  flash [1] level 1: Flash sector already contains matching data: skipping write operation.
-----------------------------------------
(re)writing active CFG (unchanged) -- this should report that there's nothing to write as the CFG data has not changed -- at 0x87580: 1
  flash [0] level 0: Must disable interrupts when writing to flash; this is done automatically.
  flash [1] level 1: Flash sector already contains matching data: skipping write operation.
writing an updated CFG at address 0x875A0: 1
(b0:0,b1:42,i1:1,li2:1234567890123456,i3:-555,iter:21)
  flash [0] level 0: Must disable interrupts when writing to flash; this is done automatically.
-----------------------------------------
(re)writing active CFG (unchanged) -- this should report that there's nothing to write as the CFG data has not changed -- at 0x875A0: 1
  flash [0] level 0: Must disable interrupts when writing to flash; this is done automatically.
  flash [1] level 1: Flash sector already contains matching data: skipping write operation.
-----------------------------------------
(re)writing active CFG (unchanged) -- this should report that there's nothing to write as the CFG data has not changed -- at 0x875A0: 1
  flash [0] level 0: Must disable interrupts when writing to flash; this is done automatically.
  flash [1] level 1: Flash sector already contains matching data: skipping write operation.
-----------------------------------------
(re)writing active CFG (unchanged) -- this should report that there's nothing to write as the CFG data has not changed -- at 0x875A0: 1
  flash [0] level 0: Must disable interrupts when writing to flash; this is done automatically.
  flash [1] level 1: Flash sector already contains matching data: skipping write operation.
writing an updated CFG at address 0x875C0: 1
(b0:0,b1:42,i1:1,li2:1234567890123456,i3:-555,iter:22)
  flash [0] level 0: Must disable interrupts when writing to flash; this is done automatically.
-----------------------------------------
(re)writing active CFG (unchanged) -- this should report that there's nothing to write as the CFG data has not changed -- at 0x875C0: 1
  flash [0] level 0: Must disable interrupts when writing to flash; this is done automatically.
  flash [1] level 1: Flash sector already contains matching data: skipping write operation.
-----------------------------------------
(re)writing active CFG (unchanged) -- this should report that there's nothing to write as the CFG data has not changed -- at 0x875C0: 1
  flash [0] level 0: Must disable interrupts when writing to flash; this is done automatically.
  flash [1] level 1: Flash sector already contains matching data: skipping write operation.
-----------------------------------------
(re)writing active CFG (unchanged) -- this should report that there's nothing to write as the CFG data has not changed -- at 0x875C0: 1
  flash [0] level 0: Must disable interrupts when writing to flash; this is done automatically.
  flash [1] level 1: Flash sector already contains matching data: skipping write operation.
writing an updated CFG at address 0x875E0: 1
(b0:0,b1:42,i1:1,li2:1234567890123456,i3:-555,iter:23)
  flash [0] level 0: Must disable interrupts when writing to flash; this is done automatically.
-----------------------------------------
(re)writing active CFG (unchanged) -- this should report that there's nothing to write as the CFG data has not changed -- at 0x875E0: 1
  flash [0] level 0: Must disable interrupts when writing to flash; this is done automatically.
  flash [1] level 1: Flash sector already contains matching data: skipping write operation.
-----------------------------------------
(re)writing active CFG (unchanged) -- this should report that there's nothing to write as the CFG data has not changed -- at 0x875E0: 1
  flash [0] level 0: Must disable interrupts when writing to flash; this is done automatically.
  flash [1] level 1: Flash sector already contains matching data: skipping write operation.
-----------------------------------------
(re)writing active CFG (unchanged) -- this should report that there's nothing to write as the CFG data has not changed -- at 0x875E0: 1
  flash [0] level 0: Must disable interrupts when writing to flash; this is done automatically.
  flash [1] level 1: Flash sector already contains matching data: skipping write operation.
writing an updated CFG at address 0x87600: 1
(b0:0,b1:42,i1:1,li2:1234567890123456,i3:-555,iter:24)
  flash [0] level 0: Must disable interrupts when writing to flash; this is done automatically.
-----------------------------------------
(re)writing active CFG (unchanged) -- this should report that there's nothing to write as the CFG data has not changed -- at 0x87600: 1
  flash [0] level 0: Must disable interrupts when writing to flash; this is done automatically.
  flash [1] level 1: Flash sector already contains matching data: skipping write operation.
-----------------------------------------
(re)writing active CFG (unchanged) -- this should report that there's nothing to write as the CFG data has not changed -- at 0x87600: 1
  flash [0] level 0: Must disable interrupts when writing to flash; this is done automatically.
  flash [1] level 1: Flash sector already contains matching data: skipping write operation.
-----------------------------------------
(re)writing active CFG (unchanged) -- this should report that there's nothing to write as the CFG data has not changed -- at 0x87600: 1
  flash [0] level 0: Must disable interrupts when writing to flash; this is done automatically.
  flash [1] level 1: Flash sector already contains matching data: skipping write operation.
writing an updated CFG at address 0x87620: 1
(b0:0,b1:42,i1:1,li2:1234567890123456,i3:-555,iter:25)
  flash [0] level 0: Must disable interrupts when writing to flash; this is done automatically.
-----------------------------------------
(re)writing active CFG (unchanged) -- this should report that there's nothing to write as the CFG data has not changed -- at 0x87620: 1
  flash [0] level 0: Must disable interrupts when writing to flash; this is done automatically.
  flash [1] level 1: Flash sector already contains matching data: skipping write operation.
-----------------------------------------
(re)writing active CFG (unchanged) -- this should report that there's nothing to write as the CFG data has not changed -- at 0x87620: 1
  flash [0] level 0: Must disable interrupts when writing to flash; this is done automatically.
  flash [1] level 1: Flash sector already contains matching data: skipping write operation.
-----------------------------------------
(re)writing active CFG (unchanged) -- this should report that there's nothing to write as the CFG data has not changed -- at 0x87620: 1
  flash [0] level 0: Must disable interrupts when writing to flash; this is done automatically.
  flash [1] level 1: Flash sector already contains matching data: skipping write operation.
writing an updated CFG at address 0x87640: 1
(b0:0,b1:42,i1:1,li2:1234567890123456,i3:-555,iter:26)
  flash [0] level 0: Must disable interrupts when writing to flash; this is done automatically.
-----------------------------------------
(re)writing active CFG (unchanged) -- this should report that there's nothing to write as the CFG data has not changed -- at 0x87640: 1
  flash [0] level 0: Must disable interrupts when writing to flash; this is done automatically.
  flash [1] level 1: Flash sector already contains matching data: skipping write operation.
-----------------------------------------
(re)writing active CFG (unchanged) -- this should report that there's nothing to write as the CFG data has not changed -- at 0x87640: 1
  flash [0] level 0: Must disable interrupts when writing to flash; this is done automatically.
  flash [1] level 1: Flash sector already contains matching data: skipping write operation.
-----------------------------------------
(re)writing active CFG (unchanged) -- this should report that there's nothing to write as the CFG data has not changed -- at 0x87640: 1
  flash [0] level 0: Must disable interrupts when writing to flash; this is done automatically.
  flash [1] level 1: Flash sector already contains matching data: skipping write operation.
writing an updated CFG at address 0x87660: 1
(b0:0,b1:42,i1:1,li2:1234567890123456,i3:-555,iter:27)
  flash [0] level 0: Must disable interrupts when writing to flash; this is done automatically.
-----------------------------------------
(re)writing active CFG (unchanged) -- this should report that there's nothing to write as the CFG data has not changed -- at 0x87660: 1
  flash [0] level 0: Must disable interrupts when writing to flash; this is done automatically.
  flash [1] level 1: Flash sector already contains matching data: skipping write operation.
-----------------------------------------
(re)writing active CFG (unchanged) -- this should report that there's nothing to write as the CFG data has not changed -- at 0x87660: 1
  flash [0] level 0: Must disable interrupts when writing to flash; this is done automatically.
  flash [1] level 1: Flash sector already contains matching data: skipping write operation.
-----------------------------------------
(re)writing active CFG (unchanged) -- this should report that there's nothing to write as the CFG data has not changed -- at 0x87660: 1
  flash [0] level 0: Must disable interrupts when writing to flash; this is done automatically.
  flash [1] level 1: Flash sector already contains matching data: skipping write operation.
writing an updated CFG at address 0x87680: 1
(b0:0,b1:42,i1:1,li2:1234567890123456,i3:-555,iter:28)
  flash [0] level 0: Must disable interrupts when writing to flash; this is done automatically.
-----------------------------------------
(re)writing active CFG (unchanged) -- this should report that there's nothing to write as the CFG data has not changed -- at 0x87680: 1
  flash [0] level 0: Must disable interrupts when writing to flash; this is done automatically.
  flash [1] level 1: Flash sector already contains matching data: skipping write operation.
-----------------------------------------
(re)writing active CFG (unchanged) -- this should report that there's nothing to write as the CFG data has not changed -- at 0x87680: 1
  flash [0] level 0: Must disable interrupts when writing to flash; this is done automatically.
  flash [1] level 1: Flash sector already contains matching data: skipping write operation.
-----------------------------------------
(re)writing active CFG (unchanged) -- this should report that there's nothing to write as the CFG data has not changed -- at 0x87680: 1
  flash [0] level 0: Must disable interrupts when writing to flash; this is done automatically.
  flash [1] level 1: Flash sector already contains matching data: skipping write operation.
writing an updated CFG at address 0x876A0: 1
(b0:0,b1:42,i1:1,li2:1234567890123456,i3:-555,iter:29)
  flash [0] level 0: Must disable interrupts when writing to flash; this is done automatically.
-----------------------------------------
(re)writing active CFG (unchanged) -- this should report that there's nothing to write as the CFG data has not changed -- at 0x876A0: 1
  flash [0] level 0: Must disable interrupts when writing to flash; this is done automatically.
  flash [1] level 1: Flash sector already contains matching data: skipping write operation.
-----------------------------------------
(re)writing active CFG (unchanged) -- this should report that there's nothing to write as the CFG data has not changed -- at 0x876A0: 1
  flash [0] level 0: Must disable interrupts when writing to flash; this is done automatically.
  flash [1] level 1: Flash sector already contains matching data: skipping write operation.
-----------------------------------------
(re)writing active CFG (unchanged) -- this should report that there's nothing to write as the CFG data has not changed -- at 0x876A0: 1
  flash [0] level 0: Must disable interrupts when writing to flash; this is done automatically.
  flash [1] level 1: Flash sector already contains matching data: skipping write operation.
writing an updated CFG at address 0x876C0: 1
(b0:0,b1:42,i1:1,li2:1234567890123456,i3:-555,iter:30)
  flash [0] level 0: Must disable interrupts when writing to flash; this is done automatically.
-----------------------------------------
(re)writing active CFG (unchanged) -- this should report that there's nothing to write as the CFG data has not changed -- at 0x876C0: 1
  flash [0] level 0: Must disable interrupts when writing to flash; this is done automatically.
  flash [1] level 1: Flash sector already contains matching data: skipping write operation.
-----------------------------------------
(re)writing active CFG (unchanged) -- this should report that there's nothing to write as the CFG data has not changed -- at 0x876C0: 1
  flash [0] level 0: Must disable interrupts when writing to flash; this is done automatically.
  flash [1] level 1: Flash sector already contains matching data: skipping write operation.
-----------------------------------------
(re)writing active CFG (unchanged) -- this should report that there's nothing to write as the CFG data has not changed -- at 0x876C0: 1
  flash [0] level 0: Must disable interrupts when writing to flash; this is done automatically.
  flash [1] level 1: Flash sector already contains matching data: skipping write operation.
writing an updated CFG at address 0x876E0: 1
(b0:0,b1:42,i1:1,li2:1234567890123456,i3:-555,iter:31)
  flash [0] level 0: Must disable interrupts when writing to flash; this is done automatically.
-----------------------------------------
(re)writing active CFG (unchanged) -- this should report that there's nothing to write as the CFG data has not changed -- at 0x876E0: 1
  flash [0] level 0: Must disable interrupts when writing to flash; this is done automatically.
  flash [1] level 1: Flash sector already contains matching data: skipping write operation.
-----------------------------------------
(re)writing active CFG (unchanged) -- this should report that there's nothing to write as the CFG data has not changed -- at 0x876E0: 1
  flash [0] level 0: Must disable interrupts when writing to flash; this is done automatically.
  flash [1] level 1: Flash sector already contains matching data: skipping write operation.
-----------------------------------------
(re)writing active CFG (unchanged) -- this should report that there's nothing to write as the CFG data has not changed -- at 0x876E0: 1
  flash [0] level 0: Must disable interrupts when writing to flash; this is done automatically.
  flash [1] level 1: Flash sector already contains matching data: skipping write operation.
writing an updated CFG at address 0x87700: 1
(b0:0,b1:42,i1:1,li2:1234567890123456,i3:-555,iter:32)
  flash [0] level 0: Must disable interrupts when writing to flash; this is done automatically.
-----------------------------------------
(re)writing active CFG (unchanged) -- this should report that there's nothing to write as the CFG data has not changed -- at 0x87700: 1
  flash [0] level 0: Must disable interrupts when writing to flash; this is done automatically.
  flash [1] level 1: Flash sector already contains matching data: skipping write operation.
-----------------------------------------
(re)writing active CFG (unchanged) -- this should report that there's nothing to write as the CFG data has not changed -- at 0x87700: 1
  flash [0] level 0: Must disable interrupts when writing to flash; this is done automatically.
  flash [1] level 1: Flash sector already contains matching data: skipping write operation.
-----------------------------------------
(re)writing active CFG (unchanged) -- this should report that there's nothing to write as the CFG data has not changed -- at 0x87700: 1
  flash [0] level 0: Must disable interrupts when writing to flash; this is done automatically.
  flash [1] level 1: Flash sector already contains matching data: skipping write operation.
writing an updated CFG at address 0x87720: 1
(b0:0,b1:42,i1:1,li2:1234567890123456,i3:-555,iter:33)
  flash [0] level 0: Must disable interrupts when writing to flash; this is done automatically.
-----------------------------------------
(re)writing active CFG (unchanged) -- this should report that there's nothing to write as the CFG data has not changed -- at 0x87720: 1
  flash [0] level 0: Must disable interrupts when writing to flash; this is done automatically.
  flash [1] level 1: Flash sector already contains matching data: skipping write operation.
-----------------------------------------
(re)writing active CFG (unchanged) -- this should report that there's nothing to write as the CFG data has not changed -- at 0x87720: 1
  flash [0] level 0: Must disable interrupts when writing to flash; this is done automatically.
  flash [1] level 1: Flash sector already contains matching data: skipping write operation.
-----------------------------------------
(re)writing active CFG (unchanged) -- this should report that there's nothing to write as the CFG data has not changed -- at 0x87720: 1
  flash [0] level 0: Must disable interrupts when writing to flash; this is done automatically.
  flash [1] level 1: Flash sector already contains matching data: skipping write operation.
writing an updated CFG at address 0x87740: 1
(b0:0,b1:42,i1:1,li2:1234567890123456,i3:-555,iter:34)
  flash [0] level 0: Must disable interrupts when writing to flash; this is done automatically.
-----------------------------------------
(re)writing active CFG (unchanged) -- this should report that there's nothing to write as the CFG data has not changed -- at 0x87740: 1
  flash [0] level 0: Must disable interrupts when writing to flash; this is done automatically.
  flash [1] level 1: Flash sector already contains matching data: skipping write operation.
-----------------------------------------
(re)writing active CFG (unchanged) -- this should report that there's nothing to write as the CFG data has not changed -- at 0x87740: 1
  flash [0] level 0: Must disable interrupts when writing to flash; this is done automatically.
  flash [1] level 1: Flash sector already contains matching data: skipping write operation.
-----------------------------------------
(re)writing active CFG (unchanged) -- this should report that there's nothing to write as the CFG data has not changed -- at 0x87740: 1
  flash [0] level 0: Must disable interrupts when writing to flash; this is done automatically.
  flash [1] level 1: Flash sector already contains matching data: skipping write operation.
writing an updated CFG at address 0x87760: 1
(b0:0,b1:42,i1:1,li2:1234567890123456,i3:-555,iter:35)
  flash [0] level 0: Must disable interrupts when writing to flash; this is done automatically.
-----------------------------------------
(re)writing active CFG (unchanged) -- this should report that there's nothing to write as the CFG data has not changed -- at 0x87760: 1
  flash [0] level 0: Must disable interrupts when writing to flash; this is done automatically.
  flash [1] level 1: Flash sector already contains matching data: skipping write operation.
-----------------------------------------
(re)writing active CFG (unchanged) -- this should report that there's nothing to write as the CFG data has not changed -- at 0x87760: 1
  flash [0] level 0: Must disable interrupts when writing to flash; this is done automatically.
  flash [1] level 1: Flash sector already contains matching data: skipping write operation.
-----------------------------------------
(re)writing active CFG (unchanged) -- this should report that there's nothing to write as the CFG data has not changed -- at 0x87760: 1
  flash [0] level 0: Must disable interrupts when writing to flash; this is done automatically.
  flash [1] level 1: Flash sector already contains matching data: skipping write operation.
writing an updated CFG at address 0x87780: 1
(b0:0,b1:42,i1:1,li2:1234567890123456,i3:-555,iter:36)
  flash [0] level 0: Must disable interrupts when writing to flash; this is done automatically.
-----------------------------------------
(re)writing active CFG (unchanged) -- this should report that there's nothing to write as the CFG data has not changed -- at 0x87780: 1
  flash [0] level 0: Must disable interrupts when writing to flash; this is done automatically.
  flash [1] level 1: Flash sector already contains matching data: skipping write operation.
-----------------------------------------
(re)writing active CFG (unchanged) -- this should report that there's nothing to write as the CFG data has not changed -- at 0x87780: 1
  flash [0] level 0: Must disable interrupts when writing to flash; this is done automatically.
  flash [1] level 1: Flash sector already contains matching data: skipping write operation.
-----------------------------------------
(re)writing active CFG (unchanged) -- this should report that there's nothing to write as the CFG data has not changed -- at 0x87780: 1
  flash [0] level 0: Must disable interrupts when writing to flash; this is done automatically.
  flash [1] level 1: Flash sector already contains matching data: skipping write operation.
writing an updated CFG at address 0x877A0: 1
(b0:0,b1:42,i1:1,li2:1234567890123456,i3:-555,iter:37)
  flash [0] level 0: Must disable interrupts when writing to flash; this is done automatically.
-----------------------------------------
(re)writing active CFG (unchanged) -- this should report that there's nothing to write as the CFG data has not changed -- at 0x877A0: 1
  flash [0] level 0: Must disable interrupts when writing to flash; this is done automatically.
  flash [1] level 1: Flash sector already contains matching data: skipping write operation.
-----------------------------------------
(re)writing active CFG (unchanged) -- this should report that there's nothing to write as the CFG data has not changed -- at 0x877A0: 1
  flash [0] level 0: Must disable interrupts when writing to flash; this is done automatically.
  flash [1] level 1: Flash sector already contains matching data: skipping write operation.
-----------------------------------------
(re)writing active CFG (unchanged) -- this should report that there's nothing to write as the CFG data has not changed -- at 0x877A0: 1
  flash [0] level 0: Must disable interrupts when writing to flash; this is done automatically.
  flash [1] level 1: Flash sector already contains matching data: skipping write operation.
writing an updated CFG at address 0x877C0: 1
(b0:0,b1:42,i1:1,li2:1234567890123456,i3:-555,iter:38)
  flash [0] level 0: Must disable interrupts when writing to flash; this is done automatically.
-----------------------------------------
(re)writing active CFG (unchanged) -- this should report that there's nothing to write as the CFG data has not changed -- at 0x877C0: 1
  flash [0] level 0: Must disable interrupts when writing to flash; this is done automatically.
  flash [1] level 1: Flash sector already contains matching data: skipping write operation.
-----------------------------------------
(re)writing active CFG (unchanged) -- this should report that there's nothing to write as the CFG data has not changed -- at 0x877C0: 1
  flash [0] level 0: Must disable interrupts when writing to flash; this is done automatically.
  flash [1] level 1: Flash sector already contains matching data: skipping write operation.
-----------------------------------------
(re)writing active CFG (unchanged) -- this should report that there's nothing to write as the CFG data has not changed -- at 0x877C0: 1
  flash [0] level 0: Must disable interrupts when writing to flash; this is done automatically.
  flash [1] level 1: Flash sector already contains matching data: skipping write operation.
writing an updated CFG at address 0x877E0: 1
(b0:0,b1:42,i1:1,li2:1234567890123456,i3:-555,iter:39)
  flash [0] level 0: Must disable interrupts when writing to flash; this is done automatically.
-----------------------------------------
(re)writing active CFG (unchanged) -- this should report that there's nothing to write as the CFG data has not changed -- at 0x877E0: 1
  flash [0] level 0: Must disable interrupts when writing to flash; this is done automatically.
  flash [1] level 1: Flash sector already contains matching data: skipping write operation.
-----------------------------------------
(re)writing active CFG (unchanged) -- this should report that there's nothing to write as the CFG data has not changed -- at 0x877E0: 1
  flash [0] level 0: Must disable interrupts when writing to flash; this is done automatically.
  flash [1] level 1: Flash sector already contains matching data: skipping write operation.
-----------------------------------------
(re)writing active CFG (unchanged) -- this should report that there's nothing to write as the CFG data has not changed -- at 0x877E0: 1
  flash [0] level 0: Must disable interrupts when writing to flash; this is done automatically.
  flash [1] level 1: Flash sector already contains matching data: skipping write operation.
writing an updated CFG at address 0x87800: 1
(b0:0,b1:42,i1:1,li2:1234567890123456,i3:-555,iter:40)
  flash [0] level 0: Must disable interrupts when writing to flash; this is done automatically.
-----------------------------------------
(re)writing active CFG (unchanged) -- this should report that there's nothing to write as the CFG data has not changed -- at 0x87800: 1
  flash [0] level 0: Must disable interrupts when writing to flash; this is done automatically.
  flash [1] level 1: Flash sector already contains matching data: skipping write operation.
-----------------------------------------
(re)writing active CFG (unchanged) -- this should report that there's nothing to write as the CFG data has not changed -- at 0x87800: 1
  flash [0] level 0: Must disable interrupts when writing to flash; this is done automatically.
  flash [1] level 1: Flash sector already contains matching data: skipping write operation.
-----------------------------------------
(re)writing active CFG (unchanged) -- this should report that there's nothing to write as the CFG data has not changed -- at 0x87800: 1
  flash [0] level 0: Must disable interrupts when writing to flash; this is done automatically.
  flash [1] level 1: Flash sector already contains matching data: skipping write operation.
writing an updated CFG at address 0x87820: 1
(b0:0,b1:42,i1:1,li2:1234567890123456,i3:-555,iter:41)
  flash [0] level 0: Must disable interrupts when writing to flash; this is done automatically.
-----------------------------------------
(re)writing active CFG (unchanged) -- this should report that there's nothing to write as the CFG data has not changed -- at 0x87820: 1
  flash [0] level 0: Must disable interrupts when writing to flash; this is done automatically.
  flash [1] level 1: Flash sector already contains matching data: skipping write operation.
-----------------------------------------
(re)writing active CFG (unchanged) -- this should report that there's nothing to write as the CFG data has not changed -- at 0x87820: 1
  flash [0] level 0: Must disable interrupts when writing to flash; this is done automatically.
  flash [1] level 1: Flash sector already contains matching data: skipping write operation.
-----------------------------------------
(re)writing active CFG (unchanged) -- this should report that there's nothing to write as the CFG data has not changed -- at 0x87820: 1
  flash [0] level 0: Must disable interrupts when writing to flash; this is done automatically.
  flash [1] level 1: Flash sector already contains matching data: skipping write operation.
writing an updated CFG at address 0x87840: 1
(b0:0,b1:42,i1:1,li2:1234567890123456,i3:-555,iter:42)
  flash [0] level 0: Must disable interrupts when writing to flash; this is done automatically.
-----------------------------------------
(re)writing active CFG (unchanged) -- this should report that there's nothing to write as the CFG data has not changed -- at 0x87840: 1
  flash [0] level 0: Must disable interrupts when writing to flash; this is done automatically.
  flash [1] level 1: Flash sector already contains matching data: skipping write operation.
-----------------------------------------
(re)writing active CFG (unchanged) -- this should report that there's nothing to write as the CFG data has not changed -- at 0x87840: 1
  flash [0] level 0: Must disable interrupts when writing to flash; this is done automatically.
  flash [1] level 1: Flash sector already contains matching data: skipping write operation.
-----------------------------------------
(re)writing active CFG (unchanged) -- this should report that there's nothing to write as the CFG data has not changed -- at 0x87840: 1
  flash [0] level 0: Must disable interrupts when writing to flash; this is done automatically.
  flash [1] level 1: Flash sector already contains matching data: skipping write operation.
writing an updated CFG at address 0x87860: 1
(b0:0,b1:42,i1:1,li2:1234567890123456,i3:-555,iter:43)
  flash [0] level 0: Must disable interrupts when writing to flash; this is done automatically.
-----------------------------------------
(re)writing active CFG (unchanged) -- this should report that there's nothing to write as the CFG data has not changed -- at 0x87860: 1
  flash [0] level 0: Must disable interrupts when writing to flash; this is done automatically.
  flash [1] level 1: Flash sector already contains matching data: skipping write operation.
-----------------------------------------
(re)writing active CFG (unchanged) -- this should report that there's nothing to write as the CFG data has not changed -- at 0x87860: 1
  flash [0] level 0: Must disable interrupts when writing to flash; this is done automatically.
  flash [1] level 1: Flash sector already contains matching data: skipping write operation.
-----------------------------------------
(re)writing active CFG (unchanged) -- this should report that there's nothing to write as the CFG data has not changed -- at 0x87860: 1
  flash [0] level 0: Must disable interrupts when writing to flash; this is done automatically.
  flash [1] level 1: Flash sector already contains matching data: skipping write operation.
writing an updated CFG at address 0x87880: 1
(b0:0,b1:42,i1:1,li2:1234567890123456,i3:-555,iter:44)
  flash [0] level 0: Must disable interrupts when writing to flash; this is done automatically.
-----------------------------------------
(re)writing active CFG (unchanged) -- this should report that there's nothing to write as the CFG data has not changed -- at 0x87880: 1
  flash [0] level 0: Must disable interrupts when writing to flash; this is done automatically.
  flash [1] level 1: Flash sector already contains matching data: skipping write operation.
-----------------------------------------
(re)writing active CFG (unchanged) -- this should report that there's nothing to write as the CFG data has not changed -- at 0x87880: 1
  flash [0] level 0: Must disable interrupts when writing to flash; this is done automatically.
  flash [1] level 1: Flash sector already contains matching data: skipping write operation.
-----------------------------------------
(re)writing active CFG (unchanged) -- this should report that there's nothing to write as the CFG data has not changed -- at 0x87880: 1
  flash [0] level 0: Must disable interrupts when writing to flash; this is done automatically.
  flash [1] level 1: Flash sector already contains matching data: skipping write operation.
writing an updated CFG at address 0x878A0: 1
(b0:0,b1:42,i1:1,li2:1234567890123456,i3:-555,iter:45)
  flash [0] level 0: Must disable interrupts when writing to flash; this is done automatically.
-----------------------------------------
(re)writing active CFG (unchanged) -- this should report that there's nothing to write as the CFG data has not changed -- at 0x878A0: 1
  flash [0] level 0: Must disable interrupts when writing to flash; this is done automatically.
  flash [1] level 1: Flash sector already contains matching data: skipping write operation.
-----------------------------------------
(re)writing active CFG (unchanged) -- this should report that there's nothing to write as the CFG data has not changed -- at 0x878A0: 1
  flash [0] level 0: Must disable interrupts when writing to flash; this is done automatically.
  flash [1] level 1: Flash sector already contains matching data: skipping write operation.
-----------------------------------------
(re)writing active CFG (unchanged) -- this should report that there's nothing to write as the CFG data has not changed -- at 0x878A0: 1
  flash [0] level 0: Must disable interrupts when writing to flash; this is done automatically.
  flash [1] level 1: Flash sector already contains matching data: skipping write operation.
writing an updated CFG at address 0x878C0: 1
(b0:0,b1:42,i1:1,li2:1234567890123456,i3:-555,iter:46)
  flash [0] level 0: Must disable interrupts when writing to flash; this is done automatically.
-----------------------------------------
(re)writing active CFG (unchanged) -- this should report that there's nothing to write as the CFG data has not changed -- at 0x878C0: 1
  flash [0] level 0: Must disable interrupts when writing to flash; this is done automatically.
  flash [1] level 1: Flash sector already contains matching data: skipping write operation.
-----------------------------------------
(re)writing active CFG (unchanged) -- this should report that there's nothing to write as the CFG data has not changed -- at 0x878C0: 1
  flash [0] level 0: Must disable interrupts when writing to flash; this is done automatically.
  flash [1] level 1: Flash sector already contains matching data: skipping write operation.
-----------------------------------------
(re)writing active CFG (unchanged) -- this should report that there's nothing to write as the CFG data has not changed -- at 0x878C0: 1
  flash [0] level 0: Must disable interrupts when writing to flash; this is done automatically.
  flash [1] level 1: Flash sector already contains matching data: skipping write operation.
writing an updated CFG at address 0x878E0: 1
(b0:0,b1:42,i1:1,li2:1234567890123456,i3:-555,iter:47)
  flash [0] level 0: Must disable interrupts when writing to flash; this is done automatically.
-----------------------------------------
(re)writing active CFG (unchanged) -- this should report that there's nothing to write as the CFG data has not changed -- at 0x878E0: 1
  flash [0] level 0: Must disable interrupts when writing to flash; this is done automatically.
  flash [1] level 1: Flash sector already contains matching data: skipping write operation.
-----------------------------------------
(re)writing active CFG (unchanged) -- this should report that there's nothing to write as the CFG data has not changed -- at 0x878E0: 1
  flash [0] level 0: Must disable interrupts when writing to flash; this is done automatically.
  flash [1] level 1: Flash sector already contains matching data: skipping write operation.
-----------------------------------------
(re)writing active CFG (unchanged) -- this should report that there's nothing to write as the CFG data has not changed -- at 0x878E0: 1
  flash [0] level 0: Must disable interrupts when writing to flash; this is done automatically.
  flash [1] level 1: Flash sector already contains matching data: skipping write operation.
writing an updated CFG at address 0x87900: 1
(b0:0,b1:42,i1:1,li2:1234567890123456,i3:-555,iter:48)
  flash [0] level 0: Must disable interrupts when writing to flash; this is done automatically.
-----------------------------------------
(re)writing active CFG (unchanged) -- this should report that there's nothing to write as the CFG data has not changed -- at 0x87900: 1
  flash [0] level 0: Must disable interrupts when writing to flash; this is done automatically.
  flash [1] level 1: Flash sector already contains matching data: skipping write operation.
-----------------------------------------
(re)writing active CFG (unchanged) -- this should report that there's nothing to write as the CFG data has not changed -- at 0x87900: 1
  flash [0] level 0: Must disable interrupts when writing to flash; this is done automatically.
  flash [1] level 1: Flash sector already contains matching data: skipping write operation.
-----------------------------------------
(re)writing active CFG (unchanged) -- this should report that there's nothing to write as the CFG data has not changed -- at 0x87900: 1
  flash [0] level 0: Must disable interrupts when writing to flash; this is done automatically.
  flash [1] level 1: Flash sector already contains matching data: skipping write operation.
writing an updated CFG at address 0x87920: 1
(b0:0,b1:42,i1:1,li2:1234567890123456,i3:-555,iter:49)
  flash [0] level 0: Must disable interrupts when writing to flash; this is done automatically.
-----------------------------------------
(re)writing active CFG (unchanged) -- this should report that there's nothing to write as the CFG data has not changed -- at 0x87920: 1
  flash [0] level 0: Must disable interrupts when writing to flash; this is done automatically.
  flash [1] level 1: Flash sector already contains matching data: skipping write operation.
-----------------------------------------
(re)writing active CFG (unchanged) -- this should report that there's nothing to write as the CFG data has not changed -- at 0x87920: 1
  flash [0] level 0: Must disable interrupts when writing to flash; this is done automatically.
  flash [1] level 1: Flash sector already contains matching data: skipping write operation.
-----------------------------------------
(re)writing active CFG (unchanged) -- this should report that there's nothing to write as the CFG data has not changed -- at 0x87920: 1
  flash [0] level 0: Must disable interrupts when writing to flash; this is done automatically.
  flash [1] level 1: Flash sector already contains matching data: skipping write operation.
writing an updated CFG at address 0x87940: 1
(b0:0,b1:42,i1:1,li2:1234567890123456,i3:-555,iter:50)
  flash [0] level 0: Must disable interrupts when writing to flash; this is done automatically.
-----------------------------------------
(re)writing active CFG (unchanged) -- this should report that there's nothing to write as the CFG data has not changed -- at 0x87940: 1
  flash [0] level 0: Must disable interrupts when writing to flash; this is done automatically.
  flash [1] level 1: Flash sector already contains matching data: skipping write operation.
-----------------------------------------
(re)writing active CFG (unchanged) -- this should report that there's nothing to write as the CFG data has not changed -- at 0x87940: 1
  flash [0] level 0: Must disable interrupts when writing to flash; this is done automatically.
  flash [1] level 1: Flash sector already contains matching data: skipping write operation.
-----------------------------------------
(re)writing active CFG (unchanged) -- this should report that there's nothing to write as the CFG data has not changed -- at 0x87940: 1
  flash [0] level 0: Must disable interrupts when writing to flash; this is done automatically.
  flash [1] level 1: Flash sector already contains matching data: skipping write operation.
writing an updated CFG at address 0x87960: 1
(b0:0,b1:42,i1:1,li2:1234567890123456,i3:-555,iter:51)
  flash [0] level 0: Must disable interrupts when writing to flash; this is done automatically.
-----------------------------------------
(re)writing active CFG (unchanged) -- this should report that there's nothing to write as the CFG data has not changed -- at 0x87960: 1
  flash [0] level 0: Must disable interrupts when writing to flash; this is done automatically.
  flash [1] level 1: Flash sector already contains matching data: skipping write operation.
-----------------------------------------
(re)writing active CFG (unchanged) -- this should report that there's nothing to write as the CFG data has not changed -- at 0x87960: 1
  flash [0] level 0: Must disable interrupts when writing to flash; this is done automatically.
  flash [1] level 1: Flash sector already contains matching data: skipping write operation.
-----------------------------------------
(re)writing active CFG (unchanged) -- this should report that there's nothing to write as the CFG data has not changed -- at 0x87960: 1
  flash [0] level 0: Must disable interrupts when writing to flash; this is done automatically.
  flash [1] level 1: Flash sector already contains matching data: skipping write operation.
writing an updated CFG at address 0x87980: 1
(b0:0,b1:42,i1:1,li2:1234567890123456,i3:-555,iter:52)
  flash [0] level 0: Must disable interrupts when writing to flash; this is done automatically.
-----------------------------------------
(re)writing active CFG (unchanged) -- this should report that there's nothing to write as the CFG data has not changed -- at 0x87980: 1
  flash [0] level 0: Must disable interrupts when writing to flash; this is done automatically.
  flash [1] level 1: Flash sector already contains matching data: skipping write operation.
-----------------------------------------
(re)writing active CFG (unchanged) -- this should report that there's nothing to write as the CFG data has not changed -- at 0x87980: 1
  flash [0] level 0: Must disable interrupts when writing to flash; this is done automatically.
  flash [1] level 1: Flash sector already contains matching data: skipping write operation.
-----------------------------------------
(re)writing active CFG (unchanged) -- this should report that there's nothing to write as the CFG data has not changed -- at 0x87980: 1
  flash [0] level 0: Must disable interrupts when writing to flash; this is done automatically.
  flash [1] level 1: Flash sector already contains matching data: skipping write operation.
writing an updated CFG at address 0x879A0: 1
(b0:0,b1:42,i1:1,li2:1234567890123456,i3:-555,iter:53)
  flash [0] level 0: Must disable interrupts when writing to flash; this is done automatically.
-----------------------------------------
(re)writing active CFG (unchanged) -- this should report that there's nothing to write as the CFG data has not changed -- at 0x879A0: 1
  flash [0] level 0: Must disable interrupts when writing to flash; this is done automatically.
  flash [1] level 1: Flash sector already contains matching data: skipping write operation.
-----------------------------------------
(re)writing active CFG (unchanged) -- this should report that there's nothing to write as the CFG data has not changed -- at 0x879A0: 1
  flash [0] level 0: Must disable interrupts when writing to flash; this is done automatically.
  flash [1] level 1: Flash sector already contains matching data: skipping write operation.
-----------------------------------------
(re)writing active CFG (unchanged) -- this should report that there's nothing to write as the CFG data has not changed -- at 0x879A0: 1
  flash [0] level 0: Must disable interrupts when writing to flash; this is done automatically.
  flash [1] level 1: Flash sector already contains matching data: skipping write operation.
writing an updated CFG at address 0x879C0: 1
(b0:0,b1:42,i1:1,li2:1234567890123456,i3:-555,iter:54)
  flash [0] level 0: Must disable interrupts when writing to flash; this is done automatically.
-----------------------------------------
(re)writing active CFG (unchanged) -- this should report that there's nothing to write as the CFG data has not changed -- at 0x879C0: 1
  flash [0] level 0: Must disable interrupts when writing to flash; this is done automatically.
  flash [1] level 1: Flash sector already contains matching data: skipping write operation.
-----------------------------------------
(re)writing active CFG (unchanged) -- this should report that there's nothing to write as the CFG data has not changed -- at 0x879C0: 1
  flash [0] level 0: Must disable interrupts when writing to flash; this is done automatically.
  flash [1] level 1: Flash sector already contains matching data: skipping write operation.
-----------------------------------------
(re)writing active CFG (unchanged) -- this should report that there's nothing to write as the CFG data has not changed -- at 0x879C0: 1
  flash [0] level 0: Must disable interrupts when writing to flash; this is done automatically.
  flash [1] level 1: Flash sector already contains matching data: skipping write operation.
writing an updated CFG at address 0x879E0: 1
(b0:0,b1:42,i1:1,li2:1234567890123456,i3:-555,iter:55)
  flash [0] level 0: Must disable interrupts when writing to flash; this is done automatically.
-----------------------------------------
(re)writing active CFG (unchanged) -- this should report that there's nothing to write as the CFG data has not changed -- at 0x879E0: 1
  flash [0] level 0: Must disable interrupts when writing to flash; this is done automatically.
  flash [1] level 1: Flash sector already contains matching data: skipping write operation.
-----------------------------------------
(re)writing active CFG (unchanged) -- this should report that there's nothing to write as the CFG data has not changed -- at 0x879E0: 1
  flash [0] level 0: Must disable interrupts when writing to flash; this is done automatically.
  flash [1] level 1: Flash sector already contains matching data: skipping write operation.
-----------------------------------------
(re)writing active CFG (unchanged) -- this should report that there's nothing to write as the CFG data has not changed -- at 0x879E0: 1
  flash [0] level 0: Must disable interrupts when writing to flash; this is done automatically.
  flash [1] level 1: Flash sector already contains matching data: skipping write operation.
writing an updated CFG at address 0x87A00: 1
(b0:0,b1:42,i1:1,li2:1234567890123456,i3:-555,iter:56)
  flash [0] level 0: Must disable interrupts when writing to flash; this is done automatically.
-----------------------------------------
(re)writing active CFG (unchanged) -- this should report that there's nothing to write as the CFG data has not changed -- at 0x87A00: 1
  flash [0] level 0: Must disable interrupts when writing to flash; this is done automatically.
  flash [1] level 1: Flash sector already contains matching data: skipping write operation.
-----------------------------------------
(re)writing active CFG (unchanged) -- this should report that there's nothing to write as the CFG data has not changed -- at 0x87A00: 1
  flash [0] level 0: Must disable interrupts when writing to flash; this is done automatically.
  flash [1] level 1: Flash sector already contains matching data: skipping write operation.
-----------------------------------------
(re)writing active CFG (unchanged) -- this should report that there's nothing to write as the CFG data has not changed -- at 0x87A00: 1
  flash [0] level 0: Must disable interrupts when writing to flash; this is done automatically.
  flash [1] level 1: Flash sector already contains matching data: skipping write operation.
writing an updated CFG at address 0x87A20: 1
(b0:0,b1:42,i1:1,li2:1234567890123456,i3:-555,iter:57)
  flash [0] level 0: Must disable interrupts when writing to flash; this is done automatically.
-----------------------------------------
(re)writing active CFG (unchanged) -- this should report that there's nothing to write as the CFG data has not changed -- at 0x87A20: 1
  flash [0] level 0: Must disable interrupts when writing to flash; this is done automatically.
  flash [1] level 1: Flash sector already contains matching data: skipping write operation.
-----------------------------------------
(re)writing active CFG (unchanged) -- this should report that there's nothing to write as the CFG data has not changed -- at 0x87A20: 1
  flash [0] level 0: Must disable interrupts when writing to flash; this is done automatically.
  flash [1] level 1: Flash sector already contains matching data: skipping write operation.
-----------------------------------------
(re)writing active CFG (unchanged) -- this should report that there's nothing to write as the CFG data has not changed -- at 0x87A20: 1
  flash [0] level 0: Must disable interrupts when writing to flash; this is done automatically.
  flash [1] level 1: Flash sector already contains matching data: skipping write operation.
writing an updated CFG at address 0x87A40: 1
(b0:0,b1:42,i1:1,li2:1234567890123456,i3:-555,iter:58)
  flash [0] level 0: Must disable interrupts when writing to flash; this is done automatically.
-----------------------------------------
(re)writing active CFG (unchanged) -- this should report that there's nothing to write as the CFG data has not changed -- at 0x87A40: 1
  flash [0] level 0: Must disable interrupts when writing to flash; this is done automatically.
  flash [1] level 1: Flash sector already contains matching data: skipping write operation.
-----------------------------------------
(re)writing active CFG (unchanged) -- this should report that there's nothing to write as the CFG data has not changed -- at 0x87A40: 1
  flash [0] level 0: Must disable interrupts when writing to flash; this is done automatically.
  flash [1] level 1: Flash sector already contains matching data: skipping write operation.
-----------------------------------------
(re)writing active CFG (unchanged) -- this should report that there's nothing to write as the CFG data has not changed -- at 0x87A40: 1
  flash [0] level 0: Must disable interrupts when writing to flash; this is done automatically.
  flash [1] level 1: Flash sector already contains matching data: skipping write operation.
writing an updated CFG at address 0x87A60: 1
(b0:0,b1:42,i1:1,li2:1234567890123456,i3:-555,iter:59)
  flash [0] level 0: Must disable interrupts when writing to flash; this is done automatically.
-----------------------------------------
(re)writing active CFG (unchanged) -- this should report that there's nothing to write as the CFG data has not changed -- at 0x87A60: 1
  flash [0] level 0: Must disable interrupts when writing to flash; this is done automatically.
  flash [1] level 1: Flash sector already contains matching data: skipping write operation.
-----------------------------------------
(re)writing active CFG (unchanged) -- this should report that there's nothing to write as the CFG data has not changed -- at 0x87A60: 1
  flash [0] level 0: Must disable interrupts when writing to flash; this is done automatically.
  flash [1] level 1: Flash sector already contains matching data: skipping write operation.
-----------------------------------------
(re)writing active CFG (unchanged) -- this should report that there's nothing to write as the CFG data has not changed -- at 0x87A60: 1
  flash [0] level 0: Must disable interrupts when writing to flash; this is done automatically.
  flash [1] level 1: Flash sector already contains matching data: skipping write operation.
writing an updated CFG at address 0x87A80: 1
(b0:0,b1:42,i1:1,li2:1234567890123456,i3:-555,iter:60)
  flash [0] level 0: Must disable interrupts when writing to flash; this is done automatically.
-----------------------------------------
(re)writing active CFG (unchanged) -- this should report that there's nothing to write as the CFG data has not changed -- at 0x87A80: 1
  flash [0] level 0: Must disable interrupts when writing to flash; this is done automatically.
  flash [1] level 1: Flash sector already contains matching data: skipping write operation.
-----------------------------------------
(re)writing active CFG (unchanged) -- this should report that there's nothing to write as the CFG data has not changed -- at 0x87A80: 1
  flash [0] level 0: Must disable interrupts when writing to flash; this is done automatically.
  flash [1] level 1: Flash sector already contains matching data: skipping write operation.
-----------------------------------------
(re)writing active CFG (unchanged) -- this should report that there's nothing to write as the CFG data has not changed -- at 0x87A80: 1
  flash [0] level 0: Must disable interrupts when writing to flash; this is done automatically.
  flash [1] level 1: Flash sector already contains matching data: skipping write operation.
writing an updated CFG at address 0x87AA0: 1
(b0:0,b1:42,i1:1,li2:1234567890123456,i3:-555,iter:61)
  flash [0] level 0: Must disable interrupts when writing to flash; this is done automatically.
-----------------------------------------
(re)writing active CFG (unchanged) -- this should report that there's nothing to write as the CFG data has not changed -- at 0x87AA0: 1
  flash [0] level 0: Must disable interrupts when writing to flash; this is done automatically.
  flash [1] level 1: Flash sector already contains matching data: skipping write operation.
-----------------------------------------
(re)writing active CFG (unchanged) -- this should report that there's nothing to write as the CFG data has not changed -- at 0x87AA0: 1
  flash [0] level 0: Must disable interrupts when writing to flash; this is done automatically.
  flash [1] level 1: Flash sector already contains matching data: skipping write operation.
-----------------------------------------
(re)writing active CFG (unchanged) -- this should report that there's nothing to write as the CFG data has not changed -- at 0x87AA0: 1
  flash [0] level 0: Must disable interrupts when writing to flash; this is done automatically.
  flash [1] level 1: Flash sector already contains matching data: skipping write operation.
writing an updated CFG at address 0x87AC0: 1
(b0:0,b1:42,i1:1,li2:1234567890123456,i3:-555,iter:62)
  flash [0] level 0: Must disable interrupts when writing to flash; this is done automatically.
-----------------------------------------
(re)writing active CFG (unchanged) -- this should report that there's nothing to write as the CFG data has not changed -- at 0x87AC0: 1
  flash [0] level 0: Must disable interrupts when writing to flash; this is done automatically.
  flash [1] level 1: Flash sector already contains matching data: skipping write operation.
-----------------------------------------
(re)writing active CFG (unchanged) -- this should report that there's nothing to write as the CFG data has not changed -- at 0x87AC0: 1
  flash [0] level 0: Must disable interrupts when writing to flash; this is done automatically.
  flash [1] level 1: Flash sector already contains matching data: skipping write operation.
-----------------------------------------
(re)writing active CFG (unchanged) -- this should report that there's nothing to write as the CFG data has not changed -- at 0x87AC0: 1
  flash [0] level 0: Must disable interrupts when writing to flash; this is done automatically.
  flash [1] level 1: Flash sector already contains matching data: skipping write operation.
writing an updated CFG at address 0x87AE0: 1
(b0:0,b1:42,i1:1,li2:1234567890123456,i3:-555,iter:63)
  flash [0] level 0: Must disable interrupts when writing to flash; this is done automatically.
-----------------------------------------
(re)writing active CFG (unchanged) -- this should report that there's nothing to write as the CFG data has not changed -- at 0x87AE0: 1
  flash [0] level 0: Must disable interrupts when writing to flash; this is done automatically.
  flash [1] level 1: Flash sector already contains matching data: skipping write operation.
-----------------------------------------
(re)writing active CFG (unchanged) -- this should report that there's nothing to write as the CFG data has not changed -- at 0x87AE0: 1
  flash [0] level 0: Must disable interrupts when writing to flash; this is done automatically.
  flash [1] level 1: Flash sector already contains matching data: skipping write operation.
-----------------------------------------
(re)writing active CFG (unchanged) -- this should report that there's nothing to write as the CFG data has not changed -- at 0x87AE0: 1
  flash [0] level 0: Must disable interrupts when writing to flash; this is done automatically.
  flash [1] level 1: Flash sector already contains matching data: skipping write operation.
writing an updated CFG at address 0x87B00: 1
(b0:0,b1:42,i1:1,li2:1234567890123456,i3:-555,iter:64)
  flash [0] level 0: Must disable interrupts when writing to flash; this is done automatically.
-----------------------------------------
(re)writing active CFG (unchanged) -- this should report that there's nothing to write as the CFG data has not changed -- at 0x87B00: 1
  flash [0] level 0: Must disable interrupts when writing to flash; this is done automatically.
  flash [1] level 1: Flash sector already contains matching data: skipping write operation.
-----------------------------------------
(re)writing active CFG (unchanged) -- this should report that there's nothing to write as the CFG data has not changed -- at 0x87B00: 1
  flash [0] level 0: Must disable interrupts when writing to flash; this is done automatically.
  flash [1] level 1: Flash sector already contains matching data: skipping write operation.
-----------------------------------------
(re)writing active CFG (unchanged) -- this should report that there's nothing to write as the CFG data has not changed -- at 0x87B00: 1
  flash [0] level 0: Must disable interrupts when writing to flash; this is done automatically.
  flash [1] level 1: Flash sector already contains matching data: skipping write operation.
writing an updated CFG at address 0x87B20: 1
(b0:0,b1:42,i1:1,li2:1234567890123456,i3:-555,iter:65)
  flash [0] level 0: Must disable interrupts when writing to flash; this is done automatically.
-----------------------------------------
(re)writing active CFG (unchanged) -- this should report that there's nothing to write as the CFG data has not changed -- at 0x87B20: 1
  flash [0] level 0: Must disable interrupts when writing to flash; this is done automatically.
  flash [1] level 1: Flash sector already contains matching data: skipping write operation.
-----------------------------------------
(re)writing active CFG (unchanged) -- this should report that there's nothing to write as the CFG data has not changed -- at 0x87B20: 1
  flash [0] level 0: Must disable interrupts when writing to flash; this is done automatically.
  flash [1] level 1: Flash sector already contains matching data: skipping write operation.
-----------------------------------------
(re)writing active CFG (unchanged) -- this should report that there's nothing to write as the CFG data has not changed -- at 0x87B20: 1
  flash [0] level 0: Must disable interrupts when writing to flash; this is done automatically.
  flash [1] level 1: Flash sector already contains matching data: skipping write operation.
writing an updated CFG at address 0x87B40: 1
(b0:0,b1:42,i1:1,li2:1234567890123456,i3:-555,iter:66)
  flash [0] level 0: Must disable interrupts when writing to flash; this is done automatically.
-----------------------------------------
(re)writing active CFG (unchanged) -- this should report that there's nothing to write as the CFG data has not changed -- at 0x87B40: 1
  flash [0] level 0: Must disable interrupts when writing to flash; this is done automatically.
  flash [1] level 1: Flash sector already contains matching data: skipping write operation.
-----------------------------------------
(re)writing active CFG (unchanged) -- this should report that there's nothing to write as the CFG data has not changed -- at 0x87B40: 1
  flash [0] level 0: Must disable interrupts when writing to flash; this is done automatically.
  flash [1] level 1: Flash sector already contains matching data: skipping write operation.
-----------------------------------------
(re)writing active CFG (unchanged) -- this should report that there's nothing to write as the CFG data has not changed -- at 0x87B40: 1
  flash [0] level 0: Must disable interrupts when writing to flash; this is done automatically.
  flash [1] level 1: Flash sector already contains matching data: skipping write operation.
writing an updated CFG at address 0x87B60: 1
(b0:0,b1:42,i1:1,li2:1234567890123456,i3:-555,iter:67)
  flash [0] level 0: Must disable interrupts when writing to flash; this is done automatically.
-----------------------------------------
(re)writing active CFG (unchanged) -- this should report that there's nothing to write as the CFG data has not changed -- at 0x87B60: 1
  flash [0] level 0: Must disable interrupts when writing to flash; this is done automatically.
  flash [1] level 1: Flash sector already contains matching data: skipping write operation.
-----------------------------------------
(re)writing active CFG (unchanged) -- this should report that there's nothing to write as the CFG data has not changed -- at 0x87B60: 1
  flash [0] level 0: Must disable interrupts when writing to flash; this is done automatically.
  flash [1] level 1: Flash sector already contains matching data: skipping write operation.
-----------------------------------------
(re)writing active CFG (unchanged) -- this should report that there's nothing to write as the CFG data has not changed -- at 0x87B60: 1
  flash [0] level 0: Must disable interrupts when writing to flash; this is done automatically.
  flash [1] level 1: Flash sector already contains matching data: skipping write operation.
writing an updated CFG at address 0x87B80: 1
(b0:0,b1:42,i1:1,li2:1234567890123456,i3:-555,iter:68)
  flash [0] level 0: Must disable interrupts when writing to flash; this is done automatically.
-----------------------------------------
(re)writing active CFG (unchanged) -- this should report that there's nothing to write as the CFG data has not changed -- at 0x87B80: 1
  flash [0] level 0: Must disable interrupts when writing to flash; this is done automatically.
  flash [1] level 1: Flash sector already contains matching data: skipping write operation.
-----------------------------------------
(re)writing active CFG (unchanged) -- this should report that there's nothing to write as the CFG data has not changed -- at 0x87B80: 1
  flash [0] level 0: Must disable interrupts when writing to flash; this is done automatically.
  flash [1] level 1: Flash sector already contains matching data: skipping write operation.
-----------------------------------------
(re)writing active CFG (unchanged) -- this should report that there's nothing to write as the CFG data has not changed -- at 0x87B80: 1
  flash [0] level 0: Must disable interrupts when writing to flash; this is done automatically.
  flash [1] level 1: Flash sector already contains matching data: skipping write operation.
writing an updated CFG at address 0x87BA0: 1
(b0:0,b1:42,i1:1,li2:1234567890123456,i3:-555,iter:69)
  flash [0] level 0: Must disable interrupts when writing to flash; this is done automatically.
-----------------------------------------
(re)writing active CFG (unchanged) -- this should report that there's nothing to write as the CFG data has not changed -- at 0x87BA0: 1
  flash [0] level 0: Must disable interrupts when writing to flash; this is done automatically.
  flash [1] level 1: Flash sector already contains matching data: skipping write operation.
-----------------------------------------
(re)writing active CFG (unchanged) -- this should report that there's nothing to write as the CFG data has not changed -- at 0x87BA0: 1
  flash [0] level 0: Must disable interrupts when writing to flash; this is done automatically.
  flash [1] level 1: Flash sector already contains matching data: skipping write operation.
-----------------------------------------
(re)writing active CFG (unchanged) -- this should report that there's nothing to write as the CFG data has not changed -- at 0x87BA0: 1
  flash [0] level 0: Must disable interrupts when writing to flash; this is done automatically.
  flash [1] level 1: Flash sector already contains matching data: skipping write operation.
writing an updated CFG at address 0x87BC0: 1
(b0:0,b1:42,i1:1,li2:1234567890123456,i3:-555,iter:70)
  flash [0] level 0: Must disable interrupts when writing to flash; this is done automatically.
-----------------------------------------
(re)writing active CFG (unchanged) -- this should report that there's nothing to write as the CFG data has not changed -- at 0x87BC0: 1
  flash [0] level 0: Must disable interrupts when writing to flash; this is done automatically.
  flash [1] level 1: Flash sector already contains matching data: skipping write operation.
-----------------------------------------
(re)writing active CFG (unchanged) -- this should report that there's nothing to write as the CFG data has not changed -- at 0x87BC0: 1
  flash [0] level 0: Must disable interrupts when writing to flash; this is done automatically.
  flash [1] level 1: Flash sector already contains matching data: skipping write operation.
-----------------------------------------
(re)writing active CFG (unchanged) -- this should report that there's nothing to write as the CFG data has not changed -- at 0x87BC0: 1
  flash [0] level 0: Must disable interrupts when writing to flash; this is done automatically.
  flash [1] level 1: Flash sector already contains matching data: skipping write operation.
writing an updated CFG at address 0x87BE0: 1
(b0:0,b1:42,i1:1,li2:1234567890123456,i3:-555,iter:71)
  flash [0] level 0: Must disable interrupts when writing to flash; this is done automatically.
-----------------------------------------
(re)writing active CFG (unchanged) -- this should report that there's nothing to write as the CFG data has not changed -- at 0x87BE0: 1
  flash [0] level 0: Must disable interrupts when writing to flash; this is done automatically.
  flash [1] level 1: Flash sector already contains matching data: skipping write operation.
-----------------------------------------
(re)writing active CFG (unchanged) -- this should report that there's nothing to write as the CFG data has not changed -- at 0x87BE0: 1
  flash [0] level 0: Must disable interrupts when writing to flash; this is done automatically.
  flash [1] level 1: Flash sector already contains matching data: skipping write operation.
-----------------------------------------
(re)writing active CFG (unchanged) -- this should report that there's nothing to write as the CFG data has not changed -- at 0x87BE0: 1
  flash [0] level 0: Must disable interrupts when writing to flash; this is done automatically.
  flash [1] level 1: Flash sector already contains matching data: skipping write operation.
writing an updated CFG at address 0x87C00: 1
(b0:0,b1:42,i1:1,li2:1234567890123456,i3:-555,iter:72)
  flash [0] level 0: Must disable interrupts when writing to flash; this is done automatically.
-----------------------------------------
(re)writing active CFG (unchanged) -- this should report that there's nothing to write as the CFG data has not changed -- at 0x87C00: 1
  flash [0] level 0: Must disable interrupts when writing to flash; this is done automatically.
  flash [1] level 1: Flash sector already contains matching data: skipping write operation.
-----------------------------------------
(re)writing active CFG (unchanged) -- this should report that there's nothing to write as the CFG data has not changed -- at 0x87C00: 1
  flash [0] level 0: Must disable interrupts when writing to flash; this is done automatically.
  flash [1] level 1: Flash sector already contains matching data: skipping write operation.
-----------------------------------------
(re)writing active CFG (unchanged) -- this should report that there's nothing to write as the CFG data has not changed -- at 0x87C00: 1
  flash [0] level 0: Must disable interrupts when writing to flash; this is done automatically.
  flash [1] level 1: Flash sector already contains matching data: skipping write operation.
writing an updated CFG at address 0x87C20: 1
(b0:0,b1:42,i1:1,li2:1234567890123456,i3:-555,iter:73)
  flash [0] level 0: Must disable interrupts when writing to flash; this is done automatically.
-----------------------------------------
(re)writing active CFG (unchanged) -- this should report that there's nothing to write as the CFG data has not changed -- at 0x87C20: 1
  flash [0] level 0: Must disable interrupts when writing to flash; this is done automatically.
  flash [1] level 1: Flash sector already contains matching data: skipping write operation.
-----------------------------------------
(re)writing active CFG (unchanged) -- this should report that there's nothing to write as the CFG data has not changed -- at 0x87C20: 1
  flash [0] level 0: Must disable interrupts when writing to flash; this is done automatically.
  flash [1] level 1: Flash sector already contains matching data: skipping write operation.
-----------------------------------------
(re)writing active CFG (unchanged) -- this should report that there's nothing to write as the CFG data has not changed -- at 0x87C20: 1
  flash [0] level 0: Must disable interrupts when writing to flash; this is done automatically.
  flash [1] level 1: Flash sector already contains matching data: skipping write operation.
writing an updated CFG at address 0x87C40: 1
(b0:0,b1:42,i1:1,li2:1234567890123456,i3:-555,iter:74)
  flash [0] level 0: Must disable interrupts when writing to flash; this is done automatically.
-----------------------------------------
(re)writing active CFG (unchanged) -- this should report that there's nothing to write as the CFG data has not changed -- at 0x87C40: 1
  flash [0] level 0: Must disable interrupts when writing to flash; this is done automatically.
  flash [1] level 1: Flash sector already contains matching data: skipping write operation.
-----------------------------------------
(re)writing active CFG (unchanged) -- this should report that there's nothing to write as the CFG data has not changed -- at 0x87C40: 1
  flash [0] level 0: Must disable interrupts when writing to flash; this is done automatically.
  flash [1] level 1: Flash sector already contains matching data: skipping write operation.
-----------------------------------------
(re)writing active CFG (unchanged) -- this should report that there's nothing to write as the CFG data has not changed -- at 0x87C40: 1
  flash [0] level 0: Must disable interrupts when writing to flash; this is done automatically.
  flash [1] level 1: Flash sector already contains matching data: skipping write operation.
writing an updated CFG at address 0x87C60: 1
(b0:0,b1:42,i1:1,li2:1234567890123456,i3:-555,iter:75)
  flash [0] level 0: Must disable interrupts when writing to flash; this is done automatically.
-----------------------------------------
(re)writing active CFG (unchanged) -- this should report that there's nothing to write as the CFG data has not changed -- at 0x87C60: 1
  flash [0] level 0: Must disable interrupts when writing to flash; this is done automatically.
  flash [1] level 1: Flash sector already contains matching data: skipping write operation.
-----------------------------------------
(re)writing active CFG (unchanged) -- this should report that there's nothing to write as the CFG data has not changed -- at 0x87C60: 1
  flash [0] level 0: Must disable interrupts when writing to flash; this is done automatically.
  flash [1] level 1: Flash sector already contains matching data: skipping write operation.
-----------------------------------------
(re)writing active CFG (unchanged) -- this should report that there's nothing to write as the CFG data has not changed -- at 0x87C60: 1
  flash [0] level 0: Must disable interrupts when writing to flash; this is done automatically.
  flash [1] level 1: Flash sector already contains matching data: skipping write operation.
writing an updated CFG at address 0x87C80: 1
(b0:0,b1:42,i1:1,li2:1234567890123456,i3:-555,iter:76)
  flash [0] level 0: Must disable interrupts when writing to flash; this is done automatically.
-----------------------------------------
(re)writing active CFG (unchanged) -- this should report that there's nothing to write as the CFG data has not changed -- at 0x87C80: 1
  flash [0] level 0: Must disable interrupts when writing to flash; this is done automatically.
  flash [1] level 1: Flash sector already contains matching data: skipping write operation.
-----------------------------------------
(re)writing active CFG (unchanged) -- this should report that there's nothing to write as the CFG data has not changed -- at 0x87C80: 1
  flash [0] level 0: Must disable interrupts when writing to flash; this is done automatically.
  flash [1] level 1: Flash sector already contains matching data: skipping write operation.
-----------------------------------------
(re)writing active CFG (unchanged) -- this should report that there's nothing to write as the CFG data has not changed -- at 0x87C80: 1
  flash [0] level 0: Must disable interrupts when writing to flash; this is done automatically.
  flash [1] level 1: Flash sector already contains matching data: skipping write operation.
writing an updated CFG at address 0x87CA0: 1
(b0:0,b1:42,i1:1,li2:1234567890123456,i3:-555,iter:77)
  flash [0] level 0: Must disable interrupts when writing to flash; this is done automatically.
-----------------------------------------
(re)writing active CFG (unchanged) -- this should report that there's nothing to write as the CFG data has not changed -- at 0x87CA0: 1
  flash [0] level 0: Must disable interrupts when writing to flash; this is done automatically.
  flash [1] level 1: Flash sector already contains matching data: skipping write operation.
-----------------------------------------
(re)writing active CFG (unchanged) -- this should report that there's nothing to write as the CFG data has not changed -- at 0x87CA0: 1
  flash [0] level 0: Must disable interrupts when writing to flash; this is done automatically.
  flash [1] level 1: Flash sector already contains matching data: skipping write operation.
-----------------------------------------
(re)writing active CFG (unchanged) -- this should report that there's nothing to write as the CFG data has not changed -- at 0x87CA0: 1
  flash [0] level 0: Must disable interrupts when writing to flash; this is done automatically.
  flash [1] level 1: Flash sector already contains matching data: skipping write operation.
writing an updated CFG at address 0x87CC0: 1
(b0:0,b1:42,i1:1,li2:1234567890123456,i3:-555,iter:78)
  flash [0] level 0: Must disable interrupts when writing to flash; this is done automatically.
-----------------------------------------
(re)writing active CFG (unchanged) -- this should report that there's nothing to write as the CFG data has not changed -- at 0x87CC0: 1
  flash [0] level 0: Must disable interrupts when writing to flash; this is done automatically.
  flash [1] level 1: Flash sector already contains matching data: skipping write operation.
-----------------------------------------
(re)writing active CFG (unchanged) -- this should report that there's nothing to write as the CFG data has not changed -- at 0x87CC0: 1
  flash [0] level 0: Must disable interrupts when writing to flash; this is done automatically.
  flash [1] level 1: Flash sector already contains matching data: skipping write operation.
-----------------------------------------
(re)writing active CFG (unchanged) -- this should report that there's nothing to write as the CFG data has not changed -- at 0x87CC0: 1
  flash [0] level 0: Must disable interrupts when writing to flash; this is done automatically.
  flash [1] level 1: Flash sector already contains matching data: skipping write operation.
writing an updated CFG at address 0x87CE0: 1
(b0:0,b1:42,i1:1,li2:1234567890123456,i3:-555,iter:79)
  flash [0] level 0: Must disable interrupts when writing to flash; this is done automatically.
-----------------------------------------
(re)writing active CFG (unchanged) -- this should report that there's nothing to write as the CFG data has not changed -- at 0x87CE0: 1
  flash [0] level 0: Must disable interrupts when writing to flash; this is done automatically.
  flash [1] level 1: Flash sector already contains matching data: skipping write operation.
-----------------------------------------
(re)writing active CFG (unchanged) -- this should report that there's nothing to write as the CFG data has not changed -- at 0x87CE0: 1
  flash [0] level 0: Must disable interrupts when writing to flash; this is done automatically.
  flash [1] level 1: Flash sector already contains matching data: skipping write operation.
-----------------------------------------
(re)writing active CFG (unchanged) -- this should report that there's nothing to write as the CFG data has not changed -- at 0x87CE0: 1
  flash [0] level 0: Must disable interrupts when writing to flash; this is done automatically.
  flash [1] level 1: Flash sector already contains matching data: skipping write operation.
writing an updated CFG at address 0x87D00: 1
(b0:0,b1:42,i1:1,li2:1234567890123456,i3:-555,iter:80)
  flash [0] level 0: Must disable interrupts when writing to flash; this is done automatically.
-----------------------------------------
(re)writing active CFG (unchanged) -- this should report that there's nothing to write as the CFG data has not changed -- at 0x87D00: 1
  flash [0] level 0: Must disable interrupts when writing to flash; this is done automatically.
  flash [1] level 1: Flash sector already contains matching data: skipping write operation.
-----------------------------------------
(re)writing active CFG (unchanged) -- this should report that there's nothing to write as the CFG data has not changed -- at 0x87D00: 1
  flash [0] level 0: Must disable interrupts when writing to flash; this is done automatically.
  flash [1] level 1: Flash sector already contains matching data: skipping write operation.
-----------------------------------------
(re)writing active CFG (unchanged) -- this should report that there's nothing to write as the CFG data has not changed -- at 0x87D00: 1
  flash [0] level 0: Must disable interrupts when writing to flash; this is done automatically.
  flash [1] level 1: Flash sector already contains matching data: skipping write operation.
writing an updated CFG at address 0x87D20: 1
(b0:0,b1:42,i1:1,li2:1234567890123456,i3:-555,iter:81)
  flash [0] level 0: Must disable interrupts when writing to flash; this is done automatically.
-----------------------------------------
(re)writing active CFG (unchanged) -- this should report that there's nothing to write as the CFG data has not changed -- at 0x87D20: 1
  flash [0] level 0: Must disable interrupts when writing to flash; this is done automatically.
  flash [1] level 1: Flash sector already contains matching data: skipping write operation.
-----------------------------------------
(re)writing active CFG (unchanged) -- this should report that there's nothing to write as the CFG data has not changed -- at 0x87D20: 1
  flash [0] level 0: Must disable interrupts when writing to flash; this is done automatically.
  flash [1] level 1: Flash sector already contains matching data: skipping write operation.
-----------------------------------------
(re)writing active CFG (unchanged) -- this should report that there's nothing to write as the CFG data has not changed -- at 0x87D20: 1
  flash [0] level 0: Must disable interrupts when writing to flash; this is done automatically.
  flash [1] level 1: Flash sector already contains matching data: skipping write operation.
writing an updated CFG at address 0x87D40: 1
(b0:0,b1:42,i1:1,li2:1234567890123456,i3:-555,iter:82)
  flash [0] level 0: Must disable interrupts when writing to flash; this is done automatically.
-----------------------------------------
(re)writing active CFG (unchanged) -- this should report that there's nothing to write as the CFG data has not changed -- at 0x87D40: 1
  flash [0] level 0: Must disable interrupts when writing to flash; this is done automatically.
  flash [1] level 1: Flash sector already contains matching data: skipping write operation.
-----------------------------------------
(re)writing active CFG (unchanged) -- this should report that there's nothing to write as the CFG data has not changed -- at 0x87D40: 1
  flash [0] level 0: Must disable interrupts when writing to flash; this is done automatically.
  flash [1] level 1: Flash sector already contains matching data: skipping write operation.
-----------------------------------------
(re)writing active CFG (unchanged) -- this should report that there's nothing to write as the CFG data has not changed -- at 0x87D40: 1
  flash [0] level 0: Must disable interrupts when writing to flash; this is done automatically.
  flash [1] level 1: Flash sector already contains matching data: skipping write operation.
writing an updated CFG at address 0x87D60: 1
(b0:0,b1:42,i1:1,li2:1234567890123456,i3:-555,iter:83)
  flash [0] level 0: Must disable interrupts when writing to flash; this is done automatically.
-----------------------------------------
(re)writing active CFG (unchanged) -- this should report that there's nothing to write as the CFG data has not changed -- at 0x87D60: 1
  flash [0] level 0: Must disable interrupts when writing to flash; this is done automatically.
  flash [1] level 1: Flash sector already contains matching data: skipping write operation.
-----------------------------------------
(re)writing active CFG (unchanged) -- this should report that there's nothing to write as the CFG data has not changed -- at 0x87D60: 1
  flash [0] level 0: Must disable interrupts when writing to flash; this is done automatically.
  flash [1] level 1: Flash sector already contains matching data: skipping write operation.
-----------------------------------------
(re)writing active CFG (unchanged) -- this should report that there's nothing to write as the CFG data has not changed -- at 0x87D60: 1
  flash [0] level 0: Must disable interrupts when writing to flash; this is done automatically.
  flash [1] level 1: Flash sector already contains matching data: skipping write operation.
writing an updated CFG at address 0x87D80: 1
(b0:0,b1:42,i1:1,li2:1234567890123456,i3:-555,iter:84)
  flash [0] level 0: Must disable interrupts when writing to flash; this is done automatically.
-----------------------------------------
(re)writing active CFG (unchanged) -- this should report that there's nothing to write as the CFG data has not changed -- at 0x87D80: 1
  flash [0] level 0: Must disable interrupts when writing to flash; this is done automatically.
  flash [1] level 1: Flash sector already contains matching data: skipping write operation.
-----------------------------------------
(re)writing active CFG (unchanged) -- this should report that there's nothing to write as the CFG data has not changed -- at 0x87D80: 1
  flash [0] level 0: Must disable interrupts when writing to flash; this is done automatically.
  flash [1] level 1: Flash sector already contains matching data: skipping write operation.
-----------------------------------------
(re)writing active CFG (unchanged) -- this should report that there's nothing to write as the CFG data has not changed -- at 0x87D80: 1
  flash [0] level 0: Must disable interrupts when writing to flash; this is done automatically.
  flash [1] level 1: Flash sector already contains matching data: skipping write operation.
writing an updated CFG at address 0x87DA0: 1
(b0:0,b1:42,i1:1,li2:1234567890123456,i3:-555,iter:85)
  flash [0] level 0: Must disable interrupts when writing to flash; this is done automatically.
-----------------------------------------
(re)writing active CFG (unchanged) -- this should report that there's nothing to write as the CFG data has not changed -- at 0x87DA0: 1
  flash [0] level 0: Must disable interrupts when writing to flash; this is done automatically.
  flash [1] level 1: Flash sector already contains matching data: skipping write operation.
-----------------------------------------
(re)writing active CFG (unchanged) -- this should report that there's nothing to write as the CFG data has not changed -- at 0x87DA0: 1
  flash [0] level 0: Must disable interrupts when writing to flash; this is done automatically.
  flash [1] level 1: Flash sector already contains matching data: skipping write operation.
-----------------------------------------
(re)writing active CFG (unchanged) -- this should report that there's nothing to write as the CFG data has not changed -- at 0x87DA0: 1
  flash [0] level 0: Must disable interrupts when writing to flash; this is done automatically.
  flash [1] level 1: Flash sector already contains matching data: skipping write operation.
writing an updated CFG at address 0x87DC0: 1
(b0:0,b1:42,i1:1,li2:1234567890123456,i3:-555,iter:86)
  flash [0] level 0: Must disable interrupts when writing to flash; this is done automatically.
-----------------------------------------
(re)writing active CFG (unchanged) -- this should report that there's nothing to write as the CFG data has not changed -- at 0x87DC0: 1
  flash [0] level 0: Must disable interrupts when writing to flash; this is done automatically.
  flash [1] level 1: Flash sector already contains matching data: skipping write operation.
-----------------------------------------
(re)writing active CFG (unchanged) -- this should report that there's nothing to write as the CFG data has not changed -- at 0x87DC0: 1
  flash [0] level 0: Must disable interrupts when writing to flash; this is done automatically.
  flash [1] level 1: Flash sector already contains matching data: skipping write operation.
-----------------------------------------
(re)writing active CFG (unchanged) -- this should report that there's nothing to write as the CFG data has not changed -- at 0x87DC0: 1
  flash [0] level 0: Must disable interrupts when writing to flash; this is done automatically.
  flash [1] level 1: Flash sector already contains matching data: skipping write operation.
writing an updated CFG at address 0x87DE0: 1
(b0:0,b1:42,i1:1,li2:1234567890123456,i3:-555,iter:87)
  flash [0] level 0: Must disable interrupts when writing to flash; this is done automatically.
-----------------------------------------
(re)writing active CFG (unchanged) -- this should report that there's nothing to write as the CFG data has not changed -- at 0x87DE0: 1
  flash [0] level 0: Must disable interrupts when writing to flash; this is done automatically.
  flash [1] level 1: Flash sector already contains matching data: skipping write operation.
-----------------------------------------
(re)writing active CFG (unchanged) -- this should report that there's nothing to write as the CFG data has not changed -- at 0x87DE0: 1
  flash [0] level 0: Must disable interrupts when writing to flash; this is done automatically.
  flash [1] level 1: Flash sector already contains matching data: skipping write operation.
-----------------------------------------
(re)writing active CFG (unchanged) -- this should report that there's nothing to write as the CFG data has not changed -- at 0x87DE0: 1
  flash [0] level 0: Must disable interrupts when writing to flash; this is done automatically.
  flash [1] level 1: Flash sector already contains matching data: skipping write operation.
writing an updated CFG at address 0x87E00: 1
(b0:0,b1:42,i1:1,li2:1234567890123456,i3:-555,iter:88)
  flash [0] level 0: Must disable interrupts when writing to flash; this is done automatically.
-----------------------------------------
(re)writing active CFG (unchanged) -- this should report that there's nothing to write as the CFG data has not changed -- at 0x87E00: 1
  flash [0] level 0: Must disable interrupts when writing to flash; this is done automatically.
  flash [1] level 1: Flash sector already contains matching data: skipping write operation.
-----------------------------------------
(re)writing active CFG (unchanged) -- this should report that there's nothing to write as the CFG data has not changed -- at 0x87E00: 1
  flash [0] level 0: Must disable interrupts when writing to flash; this is done automatically.
  flash [1] level 1: Flash sector already contains matching data: skipping write operation.
-----------------------------------------
(re)writing active CFG (unchanged) -- this should report that there's nothing to write as the CFG data has not changed -- at 0x87E00: 1
  flash [0] level 0: Must disable interrupts when writing to flash; this is done automatically.
  flash [1] level 1: Flash sector already contains matching data: skipping write operation.
writing an updated CFG at address 0x87E20: 1
(b0:0,b1:42,i1:1,li2:1234567890123456,i3:-555,iter:89)
  flash [0] level 0: Must disable interrupts when writing to flash; this is done automatically.
-----------------------------------------
(re)writing active CFG (unchanged) -- this should report that there's nothing to write as the CFG data has not changed -- at 0x87E20: 1
  flash [0] level 0: Must disable interrupts when writing to flash; this is done automatically.
  flash [1] level 1: Flash sector already contains matching data: skipping write operation.
-----------------------------------------
(re)writing active CFG (unchanged) -- this should report that there's nothing to write as the CFG data has not changed -- at 0x87E20: 1
  flash [0] level 0: Must disable interrupts when writing to flash; this is done automatically.
  flash [1] level 1: Flash sector already contains matching data: skipping write operation.
-----------------------------------------
(re)writing active CFG (unchanged) -- this should report that there's nothing to write as the CFG data has not changed -- at 0x87E20: 1
  flash [0] level 0: Must disable interrupts when writing to flash; this is done automatically.
  flash [1] level 1: Flash sector already contains matching data: skipping write operation.
writing an updated CFG at address 0x87E40: 1
(b0:0,b1:42,i1:1,li2:1234567890123456,i3:-555,iter:90)
  flash [0] level 0: Must disable interrupts when writing to flash; this is done automatically.
-----------------------------------------
(re)writing active CFG (unchanged) -- this should report that there's nothing to write as the CFG data has not changed -- at 0x87E40: 1
  flash [0] level 0: Must disable interrupts when writing to flash; this is done automatically.
  flash [1] level 1: Flash sector already contains matching data: skipping write operation.
-----------------------------------------
(re)writing active CFG (unchanged) -- this should report that there's nothing to write as the CFG data has not changed -- at 0x87E40: 1
  flash [0] level 0: Must disable interrupts when writing to flash; this is done automatically.
  flash [1] level 1: Flash sector already contains matching data: skipping write operation.
-----------------------------------------
(re)writing active CFG (unchanged) -- this should report that there's nothing to write as the CFG data has not changed -- at 0x87E40: 1
  flash [0] level 0: Must disable interrupts when writing to flash; this is done automatically.
  flash [1] level 1: Flash sector already contains matching data: skipping write operation.
writing an updated CFG at address 0x87E60: 1
(b0:0,b1:42,i1:1,li2:1234567890123456,i3:-555,iter:91)
  flash [0] level 0: Must disable interrupts when writing to flash; this is done automatically.
-----------------------------------------
(re)writing active CFG (unchanged) -- this should report that there's nothing to write as the CFG data has not changed -- at 0x87E60: 1
  flash [0] level 0: Must disable interrupts when writing to flash; this is done automatically.
  flash [1] level 1: Flash sector already contains matching data: skipping write operation.
-----------------------------------------
(re)writing active CFG (unchanged) -- this should report that there's nothing to write as the CFG data has not changed -- at 0x87E60: 1
  flash [0] level 0: Must disable interrupts when writing to flash; this is done automatically.
  flash [1] level 1: Flash sector already contains matching data: skipping write operation.
-----------------------------------------
(re)writing active CFG (unchanged) -- this should report that there's nothing to write as the CFG data has not changed -- at 0x87E60: 1
  flash [0] level 0: Must disable interrupts when writing to flash; this is done automatically.
  flash [1] level 1: Flash sector already contains matching data: skipping write operation.
writing an updated CFG at address 0x87E80: 1
(b0:0,b1:42,i1:1,li2:1234567890123456,i3:-555,iter:92)
  flash [0] level 0: Must disable interrupts when writing to flash; this is done automatically.
-----------------------------------------
(re)writing active CFG (unchanged) -- this should report that there's nothing to write as the CFG data has not changed -- at 0x87E80: 1
  flash [0] level 0: Must disable interrupts when writing to flash; this is done automatically.
  flash [1] level 1: Flash sector already contains matching data: skipping write operation.
-----------------------------------------
(re)writing active CFG (unchanged) -- this should report that there's nothing to write as the CFG data has not changed -- at 0x87E80: 1
  flash [0] level 0: Must disable interrupts when writing to flash; this is done automatically.
  flash [1] level 1: Flash sector already contains matching data: skipping write operation.
-----------------------------------------
(re)writing active CFG (unchanged) -- this should report that there's nothing to write as the CFG data has not changed -- at 0x87E80: 1
  flash [0] level 0: Must disable interrupts when writing to flash; this is done automatically.
  flash [1] level 1: Flash sector already contains matching data: skipping write operation.
writing an updated CFG at address 0x87EA0: 1
(b0:0,b1:42,i1:1,li2:1234567890123456,i3:-555,iter:93)
  flash [0] level 0: Must disable interrupts when writing to flash; this is done automatically.
-----------------------------------------
(re)writing active CFG (unchanged) -- this should report that there's nothing to write as the CFG data has not changed -- at 0x87EA0: 1
  flash [0] level 0: Must disable interrupts when writing to flash; this is done automatically.
  flash [1] level 1: Flash sector already contains matching data: skipping write operation.
-----------------------------------------
(re)writing active CFG (unchanged) -- this should report that there's nothing to write as the CFG data has not changed -- at 0x87EA0: 1
  flash [0] level 0: Must disable interrupts when writing to flash; this is done automatically.
  flash [1] level 1: Flash sector already contains matching data: skipping write operation.
-----------------------------------------
(re)writing active CFG (unchanged) -- this should report that there's nothing to write as the CFG data has not changed -- at 0x87EA0: 1
  flash [0] level 0: Must disable interrupts when writing to flash; this is done automatically.
  flash [1] level 1: Flash sector already contains matching data: skipping write operation.
writing an updated CFG at address 0x87EC0: 1
(b0:0,b1:42,i1:1,li2:1234567890123456,i3:-555,iter:94)
  flash [0] level 0: Must disable interrupts when writing to flash; this is done automatically.
-----------------------------------------
(re)writing active CFG (unchanged) -- this should report that there's nothing to write as the CFG data has not changed -- at 0x87EC0: 1
  flash [0] level 0: Must disable interrupts when writing to flash; this is done automatically.
  flash [1] level 1: Flash sector already contains matching data: skipping write operation.
-----------------------------------------
(re)writing active CFG (unchanged) -- this should report that there's nothing to write as the CFG data has not changed -- at 0x87EC0: 1
  flash [0] level 0: Must disable interrupts when writing to flash; this is done automatically.
  flash [1] level 1: Flash sector already contains matching data: skipping write operation.
-----------------------------------------
(re)writing active CFG (unchanged) -- this should report that there's nothing to write as the CFG data has not changed -- at 0x87EC0: 1
  flash [0] level 0: Must disable interrupts when writing to flash; this is done automatically.
  flash [1] level 1: Flash sector already contains matching data: skipping write operation.
writing an updated CFG at address 0x87EE0: 1
(b0:0,b1:42,i1:1,li2:1234567890123456,i3:-555,iter:95)
  flash [0] level 0: Must disable interrupts when writing to flash; this is done automatically.
-----------------------------------------
(re)writing active CFG (unchanged) -- this should report that there's nothing to write as the CFG data has not changed -- at 0x87EE0: 1
  flash [0] level 0: Must disable interrupts when writing to flash; this is done automatically.
  flash [1] level 1: Flash sector already contains matching data: skipping write operation.
-----------------------------------------
(re)writing active CFG (unchanged) -- this should report that there's nothing to write as the CFG data has not changed -- at 0x87EE0: 1
  flash [0] level 0: Must disable interrupts when writing to flash; this is done automatically.
  flash [1] level 1: Flash sector already contains matching data: skipping write operation.
-----------------------------------------
(re)writing active CFG (unchanged) -- this should report that there's nothing to write as the CFG data has not changed -- at 0x87EE0: 1
  flash [0] level 0: Must disable interrupts when writing to flash; this is done automatically.
  flash [1] level 1: Flash sector already contains matching data: skipping write operation.
writing an updated CFG at address 0x87F00: 1
(b0:0,b1:42,i1:1,li2:1234567890123456,i3:-555,iter:96)
  flash [0] level 0: Must disable interrupts when writing to flash; this is done automatically.
-----------------------------------------
(re)writing active CFG (unchanged) -- this should report that there's nothing to write as the CFG data has not changed -- at 0x87F00: 1
  flash [0] level 0: Must disable interrupts when writing to flash; this is done automatically.
  flash [1] level 1: Flash sector already contains matching data: skipping write operation.
-----------------------------------------
(re)writing active CFG (unchanged) -- this should report that there's nothing to write as the CFG data has not changed -- at 0x87F00: 1
  flash [0] level 0: Must disable interrupts when writing to flash; this is done automatically.
  flash [1] level 1: Flash sector already contains matching data: skipping write operation.
-----------------------------------------
(re)writing active CFG (unchanged) -- this should report that there's nothing to write as the CFG data has not changed -- at 0x87F00: 1
  flash [0] level 0: Must disable interrupts when writing to flash; this is done automatically.
  flash [1] level 1: Flash sector already contains matching data: skipping write operation.
writing an updated CFG at address 0x87F20: 1
(b0:0,b1:42,i1:1,li2:1234567890123456,i3:-555,iter:97)
  flash [0] level 0: Must disable interrupts when writing to flash; this is done automatically.
-----------------------------------------
(re)writing active CFG (unchanged) -- this should report that there's nothing to write as the CFG data has not changed -- at 0x87F20: 1
  flash [0] level 0: Must disable interrupts when writing to flash; this is done automatically.
  flash [1] level 1: Flash sector already contains matching data: skipping write operation.
-----------------------------------------
(re)writing active CFG (unchanged) -- this should report that there's nothing to write as the CFG data has not changed -- at 0x87F20: 1
  flash [0] level 0: Must disable interrupts when writing to flash; this is done automatically.
  flash [1] level 1: Flash sector already contains matching data: skipping write operation.
-----------------------------------------
(re)writing active CFG (unchanged) -- this should report that there's nothing to write as the CFG data has not changed -- at 0x87F20: 1
  flash [0] level 0: Must disable interrupts when writing to flash; this is done automatically.
  flash [1] level 1: Flash sector already contains matching data: skipping write operation.
writing an updated CFG at address 0x87F40: 1
(b0:0,b1:42,i1:1,li2:1234567890123456,i3:-555,iter:98)
  flash [0] level 0: Must disable interrupts when writing to flash; this is done automatically.
-----------------------------------------
(re)writing active CFG (unchanged) -- this should report that there's nothing to write as the CFG data has not changed -- at 0x87F40: 1
  flash [0] level 0: Must disable interrupts when writing to flash; this is done automatically.
  flash [1] level 1: Flash sector already contains matching data: skipping write operation.
-----------------------------------------
(re)writing active CFG (unchanged) -- this should report that there's nothing to write as the CFG data has not changed -- at 0x87F40: 1
  flash [0] level 0: Must disable interrupts when writing to flash; this is done automatically.
  flash [1] level 1: Flash sector already contains matching data: skipping write operation.
-----------------------------------------
(re)writing active CFG (unchanged) -- this should report that there's nothing to write as the CFG data has not changed -- at 0x87F40: 1
  flash [0] level 0: Must disable interrupts when writing to flash; this is done automatically.
  flash [1] level 1: Flash sector already contains matching data: skipping write operation.
writing an updated CFG at address 0x87F60: 1
(b0:0,b1:42,i1:1,li2:1234567890123456,i3:-555,iter:99)
  flash [0] level 0: Must disable interrupts when writing to flash; this is done automatically.
-----------------------------------------
(re)writing active CFG (unchanged) -- this should report that there's nothing to write as the CFG data has not changed -- at 0x87F60: 1
  flash [0] level 0: Must disable interrupts when writing to flash; this is done automatically.
  flash [1] level 1: Flash sector already contains matching data: skipping write operation.
-----------------------------------------
(re)writing active CFG (unchanged) -- this should report that there's nothing to write as the CFG data has not changed -- at 0x87F60: 1
  flash [0] level 0: Must disable interrupts when writing to flash; this is done automatically.
  flash [1] level 1: Flash sector already contains matching data: skipping write operation.
-----------------------------------------
(re)writing active CFG (unchanged) -- this should report that there's nothing to write as the CFG data has not changed -- at 0x87F60: 1
  flash [0] level 0: Must disable interrupts when writing to flash; this is done automatically.
  flash [1] level 1: Flash sector already contains matching data: skipping write operation.
writing an updated CFG at address 0x87F80: 1
(b0:0,b1:42,i1:1,li2:1234567890123456,i3:-555,iter:100)
  flash [0] level 0: Must disable interrupts when writing to flash; this is done automatically.
-----------------------------------------
(re)writing active CFG (unchanged) -- this should report that there's nothing to write as the CFG data has not changed -- at 0x87F80: 1
  flash [0] level 0: Must disable interrupts when writing to flash; this is done automatically.
  flash [1] level 1: Flash sector already contains matching data: skipping write operation.
-----------------------------------------
(re)writing active CFG (unchanged) -- this should report that there's nothing to write as the CFG data has not changed -- at 0x87F80: 1
  flash [0] level 0: Must disable interrupts when writing to flash; this is done automatically.
  flash [1] level 1: Flash sector already contains matching data: skipping write operation.
-----------------------------------------
(re)writing active CFG (unchanged) -- this should report that there's nothing to write as the CFG data has not changed -- at 0x87F80: 1
  flash [0] level 0: Must disable interrupts when writing to flash; this is done automatically.
  flash [1] level 1: Flash sector already contains matching data: skipping write operation.
writing an updated CFG at address 0x87FA0: 1
(b0:0,b1:42,i1:1,li2:1234567890123456,i3:-555,iter:101)
  flash [0] level 0: Must disable interrupts when writing to flash; this is done automatically.
-----------------------------------------
(re)writing active CFG (unchanged) -- this should report that there's nothing to write as the CFG data has not changed -- at 0x87FA0: 1
  flash [0] level 0: Must disable interrupts when writing to flash; this is done automatically.
  flash [1] level 1: Flash sector already contains matching data: skipping write operation.
-----------------------------------------
(re)writing active CFG (unchanged) -- this should report that there's nothing to write as the CFG data has not changed -- at 0x87FA0: 1
  flash [0] level 0: Must disable interrupts when writing to flash; this is done automatically.
  flash [1] level 1: Flash sector already contains matching data: skipping write operation.
-----------------------------------------
(re)writing active CFG (unchanged) -- this should report that there's nothing to write as the CFG data has not changed -- at 0x87FA0: 1
  flash [0] level 0: Must disable interrupts when writing to flash; this is done automatically.
  flash [1] level 1: Flash sector already contains matching data: skipping write operation.
writing an updated CFG at address 0x87FC0: 1
(b0:0,b1:42,i1:1,li2:1234567890123456,i3:-555,iter:102)
  flash [0] level 0: Must disable interrupts when writing to flash; this is done automatically.
-----------------------------------------
(re)writing active CFG (unchanged) -- this should report that there's nothing to write as the CFG data has not changed -- at 0x87FC0: 1
  flash [0] level 0: Must disable interrupts when writing to flash; this is done automatically.
  flash [1] level 1: Flash sector already contains matching data: skipping write operation.
-----------------------------------------
(re)writing active CFG (unchanged) -- this should report that there's nothing to write as the CFG data has not changed -- at 0x87FC0: 1
  flash [0] level 0: Must disable interrupts when writing to flash; this is done automatically.
  flash [1] level 1: Flash sector already contains matching data: skipping write operation.
-----------------------------------------
(re)writing active CFG (unchanged) -- this should report that there's nothing to write as the CFG data has not changed -- at 0x87FC0: 1
  flash [0] level 0: Must disable interrupts when writing to flash; this is done automatically.
  flash [1] level 1: Flash sector already contains matching data: skipping write operation.
writing an updated CFG at address 0x87FE0: 1
(b0:0,b1:42,i1:1,li2:1234567890123456,i3:-555,iter:103)
  flash [0] level 0: Must disable interrupts when writing to flash; this is done automatically.
-----------------------------------------
(re)writing active CFG (unchanged) -- this should report that there's nothing to write as the CFG data has not changed -- at 0x87FE0: 1
  flash [0] level 0: Must disable interrupts when writing to flash; this is done automatically.
  flash [1] level 1: Flash sector already contains matching data: skipping write operation.
-----------------------------------------
(re)writing active CFG (unchanged) -- this should report that there's nothing to write as the CFG data has not changed -- at 0x87FE0: 1
  flash [0] level 0: Must disable interrupts when writing to flash; this is done automatically.
  flash [1] level 1: Flash sector already contains matching data: skipping write operation.
-----------------------------------------
(re)writing active CFG (unchanged) -- this should report that there's nothing to write as the CFG data has not changed -- at 0x87FE0: 1
  flash [0] level 0: Must disable interrupts when writing to flash; this is done automatically.
  flash [1] level 1: Flash sector already contains matching data: skipping write operation.
writing an updated CFG at address 0x88000: 1
(b0:0,b1:42,i1:1,li2:1234567890123456,i3:-555,iter:104)
  flash [0] level 0: Must disable interrupts when writing to flash; this is done automatically.
-----------------------------------------
(re)writing active CFG (unchanged) -- this should report that there's nothing to write as the CFG data has not changed -- at 0x88000: 1
  flash [0] level 0: Must disable interrupts when writing to flash; this is done automatically.
  flash [1] level 1: Flash sector already contains matching data: skipping write operation.
-----------------------------------------
(re)writing active CFG (unchanged) -- this should report that there's nothing to write as the CFG data has not changed -- at 0x88000: 1
  flash [0] level 0: Must disable interrupts when writing to flash; this is done automatically.
  flash [1] level 1: Flash sector already contains matching data: skipping write operation.
-----------------------------------------
(re)writing active CFG (unchanged) -- this should report that there's nothing to write as the CFG data has not changed -- at 0x88000: 1
  flash [0] level 0: Must disable interrupts when writing to flash; this is done automatically.
  flash [1] level 1: Flash sector already contains matching data: skipping write operation.
writing an updated CFG at address 0x88020: 1
(b0:0,b1:42,i1:1,li2:1234567890123456,i3:-555,iter:105)
  flash [0] level 0: Must disable interrupts when writing to flash; this is done automatically.
-----------------------------------------
(re)writing active CFG (unchanged) -- this should report that there's nothing to write as the CFG data has not changed -- at 0x88020: 1
  flash [0] level 0: Must disable interrupts when writing to flash; this is done automatically.
  flash [1] level 1: Flash sector already contains matching data: skipping write operation.
-----------------------------------------
(re)writing active CFG (unchanged) -- this should report that there's nothing to write as the CFG data has not changed -- at 0x88020: 1
  flash [0] level 0: Must disable interrupts when writing to flash; this is done automatically.
  flash [1] level 1: Flash sector already contains matching data: skipping write operation.
-----------------------------------------
(re)writing active CFG (unchanged) -- this should report that there's nothing to write as the CFG data has not changed -- at 0x88020: 1
  flash [0] level 0: Must disable interrupts when writing to flash; this is done automatically.
  flash [1] level 1: Flash sector already contains matching data: skipping write operation.
writing an updated CFG at address 0x88040: 1
(b0:0,b1:42,i1:1,li2:1234567890123456,i3:-555,iter:106)
  flash [0] level 0: Must disable interrupts when writing to flash; this is done automatically.
-----------------------------------------
(re)writing active CFG (unchanged) -- this should report that there's nothing to write as the CFG data has not changed -- at 0x88040: 1
  flash [0] level 0: Must disable interrupts when writing to flash; this is done automatically.
  flash [1] level 1: Flash sector already contains matching data: skipping write operation.
-----------------------------------------
(re)writing active CFG (unchanged) -- this should report that there's nothing to write as the CFG data has not changed -- at 0x88040: 1
  flash [0] level 0: Must disable interrupts when writing to flash; this is done automatically.
  flash [1] level 1: Flash sector already contains matching data: skipping write operation.
-----------------------------------------
(re)writing active CFG (unchanged) -- this should report that there's nothing to write as the CFG data has not changed -- at 0x88040: 1
  flash [0] level 0: Must disable interrupts when writing to flash; this is done automatically.
  flash [1] level 1: Flash sector already contains matching data: skipping write operation.
writing an updated CFG at address 0x88060: 1
(b0:0,b1:42,i1:1,li2:1234567890123456,i3:-555,iter:107)
  flash [0] level 0: Must disable interrupts when writing to flash; this is done automatically.
-----------------------------------------
(re)writing active CFG (unchanged) -- this should report that there's nothing to write as the CFG data has not changed -- at 0x88060: 1
  flash [0] level 0: Must disable interrupts when writing to flash; this is done automatically.
  flash [1] level 1: Flash sector already contains matching data: skipping write operation.
-----------------------------------------
(re)writing active CFG (unchanged) -- this should report that there's nothing to write as the CFG data has not changed -- at 0x88060: 1
  flash [0] level 0: Must disable interrupts when writing to flash; this is done automatically.
  flash [1] level 1: Flash sector already contains matching data: skipping write operation.
-----------------------------------------
(re)writing active CFG (unchanged) -- this should report that there's nothing to write as the CFG data has not changed -- at 0x88060: 1
  flash [0] level 0: Must disable interrupts when writing to flash; this is done automatically.
  flash [1] level 1: Flash sector already contains matching data: skipping write operation.
writing an updated CFG at address 0x88080: 1
(b0:0,b1:42,i1:1,li2:1234567890123456,i3:-555,iter:108)
  flash [0] level 0: Must disable interrupts when writing to flash; this is done automatically.
-----------------------------------------
(re)writing active CFG (unchanged) -- this should report that there's nothing to write as the CFG data has not changed -- at 0x88080: 1
  flash [0] level 0: Must disable interrupts when writing to flash; this is done automatically.
  flash [1] level 1: Flash sector already contains matching data: skipping write operation.
-----------------------------------------
(re)writing active CFG (unchanged) -- this should report that there's nothing to write as the CFG data has not changed -- at 0x88080: 1
  flash [0] level 0: Must disable interrupts when writing to flash; this is done automatically.
  flash [1] level 1: Flash sector already contains matching data: skipping write operation.
-----------------------------------------
(re)writing active CFG (unchanged) -- this should report that there's nothing to write as the CFG data has not changed -- at 0x88080: 1
  flash [0] level 0: Must disable interrupts when writing to flash; this is done automatically.
  flash [1] level 1: Flash sector already contains matching data: skipping write operation.
writing an updated CFG at address 0x880A0: 1
(b0:0,b1:42,i1:1,li2:1234567890123456,i3:-555,iter:109)
  flash [0] level 0: Must disable interrupts when writing to flash; this is done automatically.
-----------------------------------------
(re)writing active CFG (unchanged) -- this should report that there's nothing to write as the CFG data has not changed -- at 0x880A0: 1
  flash [0] level 0: Must disable interrupts when writing to flash; this is done automatically.
  flash [1] level 1: Flash sector already contains matching data: skipping write operation.
-----------------------------------------
(re)writing active CFG (unchanged) -- this should report that there's nothing to write as the CFG data has not changed -- at 0x880A0: 1
  flash [0] level 0: Must disable interrupts when writing to flash; this is done automatically.
  flash [1] level 1: Flash sector already contains matching data: skipping write operation.
-----------------------------------------
(re)writing active CFG (unchanged) -- this should report that there's nothing to write as the CFG data has not changed -- at 0x880A0: 1
  flash [0] level 0: Must disable interrupts when writing to flash; this is done automatically.
  flash [1] level 1: Flash sector already contains matching data: skipping write operation.
writing an updated CFG at address 0x880C0: 1
(b0:0,b1:42,i1:1,li2:1234567890123456,i3:-555,iter:110)
  flash [0] level 0: Must disable interrupts when writing to flash; this is done automatically.
-----------------------------------------
(re)writing active CFG (unchanged) -- this should report that there's nothing to write as the CFG data has not changed -- at 0x880C0: 1
  flash [0] level 0: Must disable interrupts when writing to flash; this is done automatically.
  flash [1] level 1: Flash sector already contains matching data: skipping write operation.
-----------------------------------------
(re)writing active CFG (unchanged) -- this should report that there's nothing to write as the CFG data has not changed -- at 0x880C0: 1
  flash [0] level 0: Must disable interrupts when writing to flash; this is done automatically.
  flash [1] level 1: Flash sector already contains matching data: skipping write operation.
-----------------------------------------
(re)writing active CFG (unchanged) -- this should report that there's nothing to write as the CFG data has not changed -- at 0x880C0: 1
  flash [0] level 0: Must disable interrupts when writing to flash; this is done automatically.
  flash [1] level 1: Flash sector already contains matching data: skipping write operation.
writing an updated CFG at address 0x880E0: 1
(b0:0,b1:42,i1:1,li2:1234567890123456,i3:-555,iter:111)
  flash [0] level 0: Must disable interrupts when writing to flash; this is done automatically.
-----------------------------------------
(re)writing active CFG (unchanged) -- this should report that there's nothing to write as the CFG data has not changed -- at 0x880E0: 1
  flash [0] level 0: Must disable interrupts when writing to flash; this is done automatically.
  flash [1] level 1: Flash sector already contains matching data: skipping write operation.
-----------------------------------------
(re)writing active CFG (unchanged) -- this should report that there's nothing to write as the CFG data has not changed -- at 0x880E0: 1
  flash [0] level 0: Must disable interrupts when writing to flash; this is done automatically.
  flash [1] level 1: Flash sector already contains matching data: skipping write operation.
-----------------------------------------
(re)writing active CFG (unchanged) -- this should report that there's nothing to write as the CFG data has not changed -- at 0x880E0: 1
  flash [0] level 0: Must disable interrupts when writing to flash; this is done automatically.
  flash [1] level 1: Flash sector already contains matching data: skipping write operation.
writing an updated CFG at address 0x88100: 1
(b0:0,b1:42,i1:1,li2:1234567890123456,i3:-555,iter:112)
  flash [0] level 0: Must disable interrupts when writing to flash; this is done automatically.
-----------------------------------------
(re)writing active CFG (unchanged) -- this should report that there's nothing to write as the CFG data has not changed -- at 0x88100: 1
  flash [0] level 0: Must disable interrupts when writing to flash; this is done automatically.
  flash [1] level 1: Flash sector already contains matching data: skipping write operation.
-----------------------------------------
(re)writing active CFG (unchanged) -- this should report that there's nothing to write as the CFG data has not changed -- at 0x88100: 1
  flash [0] level 0: Must disable interrupts when writing to flash; this is done automatically.
  flash [1] level 1: Flash sector already contains matching data: skipping write operation.
-----------------------------------------
(re)writing active CFG (unchanged) -- this should report that there's nothing to write as the CFG data has not changed -- at 0x88100: 1
  flash [0] level 0: Must disable interrupts when writing to flash; this is done automatically.
  flash [1] level 1: Flash sector already contains matching data: skipping write operation.
writing an updated CFG at address 0x88120: 1
(b0:0,b1:42,i1:1,li2:1234567890123456,i3:-555,iter:113)
  flash [0] level 0: Must disable interrupts when writing to flash; this is done automatically.
-----------------------------------------
(re)writing active CFG (unchanged) -- this should report that there's nothing to write as the CFG data has not changed -- at 0x88120: 1
  flash [0] level 0: Must disable interrupts when writing to flash; this is done automatically.
  flash [1] level 1: Flash sector already contains matching data: skipping write operation.
-----------------------------------------
(re)writing active CFG (unchanged) -- this should report that there's nothing to write as the CFG data has not changed -- at 0x88120: 1
  flash [0] level 0: Must disable interrupts when writing to flash; this is done automatically.
  flash [1] level 1: Flash sector already contains matching data: skipping write operation.
-----------------------------------------
(re)writing active CFG (unchanged) -- this should report that there's nothing to write as the CFG data has not changed -- at 0x88120: 1
  flash [0] level 0: Must disable interrupts when writing to flash; this is done automatically.
  flash [1] level 1: Flash sector already contains matching data: skipping write operation.
writing an updated CFG at address 0x88140: 1
(b0:0,b1:42,i1:1,li2:1234567890123456,i3:-555,iter:114)
  flash [0] level 0: Must disable interrupts when writing to flash; this is done automatically.
-----------------------------------------
(re)writing active CFG (unchanged) -- this should report that there's nothing to write as the CFG data has not changed -- at 0x88140: 1
  flash [0] level 0: Must disable interrupts when writing to flash; this is done automatically.
  flash [1] level 1: Flash sector already contains matching data: skipping write operation.
-----------------------------------------
(re)writing active CFG (unchanged) -- this should report that there's nothing to write as the CFG data has not changed -- at 0x88140: 1
  flash [0] level 0: Must disable interrupts when writing to flash; this is done automatically.
  flash [1] level 1: Flash sector already contains matching data: skipping write operation.
-----------------------------------------
(re)writing active CFG (unchanged) -- this should report that there's nothing to write as the CFG data has not changed -- at 0x88140: 1
  flash [0] level 0: Must disable interrupts when writing to flash; this is done automatically.
  flash [1] level 1: Flash sector already contains matching data: skipping write operation.
writing an updated CFG at address 0x88160: 1
(b0:0,b1:42,i1:1,li2:1234567890123456,i3:-555,iter:115)
  flash [0] level 0: Must disable interrupts when writing to flash; this is done automatically.
-----------------------------------------
(re)writing active CFG (unchanged) -- this should report that there's nothing to write as the CFG data has not changed -- at 0x88160: 1
  flash [0] level 0: Must disable interrupts when writing to flash; this is done automatically.
  flash [1] level 1: Flash sector already contains matching data: skipping write operation.
-----------------------------------------
(re)writing active CFG (unchanged) -- this should report that there's nothing to write as the CFG data has not changed -- at 0x88160: 1
  flash [0] level 0: Must disable interrupts when writing to flash; this is done automatically.
  flash [1] level 1: Flash sector already contains matching data: skipping write operation.
-----------------------------------------
(re)writing active CFG (unchanged) -- this should report that there's nothing to write as the CFG data has not changed -- at 0x88160: 1
  flash [0] level 0: Must disable interrupts when writing to flash; this is done automatically.
  flash [1] level 1: Flash sector already contains matching data: skipping write operation.
writing an updated CFG at address 0x88180: 1
(b0:0,b1:42,i1:1,li2:1234567890123456,i3:-555,iter:116)
  flash [0] level 0: Must disable interrupts when writing to flash; this is done automatically.
-----------------------------------------
(re)writing active CFG (unchanged) -- this should report that there's nothing to write as the CFG data has not changed -- at 0x88180: 1
  flash [0] level 0: Must disable interrupts when writing to flash; this is done automatically.
  flash [1] level 1: Flash sector already contains matching data: skipping write operation.
-----------------------------------------
(re)writing active CFG (unchanged) -- this should report that there's nothing to write as the CFG data has not changed -- at 0x88180: 1
  flash [0] level 0: Must disable interrupts when writing to flash; this is done automatically.
  flash [1] level 1: Flash sector already contains matching data: skipping write operation.
-----------------------------------------
(re)writing active CFG (unchanged) -- this should report that there's nothing to write as the CFG data has not changed -- at 0x88180: 1
  flash [0] level 0: Must disable interrupts when writing to flash; this is done automatically.
  flash [1] level 1: Flash sector already contains matching data: skipping write operation.
writing an updated CFG at address 0x881A0: 1
(b0:0,b1:42,i1:1,li2:1234567890123456,i3:-555,iter:117)
  flash [0] level 0: Must disable interrupts when writing to flash; this is done automatically.
-----------------------------------------
(re)writing active CFG (unchanged) -- this should report that there's nothing to write as the CFG data has not changed -- at 0x881A0: 1
  flash [0] level 0: Must disable interrupts when writing to flash; this is done automatically.
  flash [1] level 1: Flash sector already contains matching data: skipping write operation.
-----------------------------------------
(re)writing active CFG (unchanged) -- this should report that there's nothing to write as the CFG data has not changed -- at 0x881A0: 1
  flash [0] level 0: Must disable interrupts when writing to flash; this is done automatically.
  flash [1] level 1: Flash sector already contains matching data: skipping write operation.
-----------------------------------------
(re)writing active CFG (unchanged) -- this should report that there's nothing to write as the CFG data has not changed -- at 0x881A0: 1
  flash [0] level 0: Must disable interrupts when writing to flash; this is done automatically.
  flash [1] level 1: Flash sector already contains matching data: skipping write operation.
writing an updated CFG at address 0x881C0: 1
(b0:0,b1:42,i1:1,li2:1234567890123456,i3:-555,iter:118)
  flash [0] level 0: Must disable interrupts when writing to flash; this is done automatically.
-----------------------------------------
(re)writing active CFG (unchanged) -- this should report that there's nothing to write as the CFG data has not changed -- at 0x881C0: 1
  flash [0] level 0: Must disable interrupts when writing to flash; this is done automatically.
  flash [1] level 1: Flash sector already contains matching data: skipping write operation.
-----------------------------------------
(re)writing active CFG (unchanged) -- this should report that there's nothing to write as the CFG data has not changed -- at 0x881C0: 1
  flash [0] level 0: Must disable interrupts when writing to flash; this is done automatically.
  flash [1] level 1: Flash sector already contains matching data: skipping write operation.
-----------------------------------------
(re)writing active CFG (unchanged) -- this should report that there's nothing to write as the CFG data has not changed -- at 0x881C0: 1
  flash [0] level 0: Must disable interrupts when writing to flash; this is done automatically.
  flash [1] level 1: Flash sector already contains matching data: skipping write operation.
writing an updated CFG at address 0x881E0: 1
(b0:0,b1:42,i1:1,li2:1234567890123456,i3:-555,iter:119)
  flash [0] level 0: Must disable interrupts when writing to flash; this is done automatically.
-----------------------------------------
(re)writing active CFG (unchanged) -- this should report that there's nothing to write as the CFG data has not changed -- at 0x881E0: 1
  flash [0] level 0: Must disable interrupts when writing to flash; this is done automatically.
  flash [1] level 1: Flash sector already contains matching data: skipping write operation.
-----------------------------------------
(re)writing active CFG (unchanged) -- this should report that there's nothing to write as the CFG data has not changed -- at 0x881E0: 1
  flash [0] level 0: Must disable interrupts when writing to flash; this is done automatically.
  flash [1] level 1: Flash sector already contains matching data: skipping write operation.
-----------------------------------------
(re)writing active CFG (unchanged) -- this should report that there's nothing to write as the CFG data has not changed -- at 0x881E0: 1
  flash [0] level 0: Must disable interrupts when writing to flash; this is done automatically.
  flash [1] level 1: Flash sector already contains matching data: skipping write operation.
writing an updated CFG at address 0x88200: 1
(b0:0,b1:42,i1:1,li2:1234567890123456,i3:-555,iter:120)
  flash [0] level 0: Must disable interrupts when writing to flash; this is done automatically.
-----------------------------------------
(re)writing active CFG (unchanged) -- this should report that there's nothing to write as the CFG data has not changed -- at 0x88200: 1
  flash [0] level 0: Must disable interrupts when writing to flash; this is done automatically.
  flash [1] level 1: Flash sector already contains matching data: skipping write operation.
-----------------------------------------
(re)writing active CFG (unchanged) -- this should report that there's nothing to write as the CFG data has not changed -- at 0x88200: 1
  flash [0] level 0: Must disable interrupts when writing to flash; this is done automatically.
  flash [1] level 1: Flash sector already contains matching data: skipping write operation.
-----------------------------------------
(re)writing active CFG (unchanged) -- this should report that there's nothing to write as the CFG data has not changed -- at 0x88200: 1
  flash [0] level 0: Must disable interrupts when writing to flash; this is done automatically.
  flash [1] level 1: Flash sector already contains matching data: skipping write operation.
writing an updated CFG at address 0x88220: 1
(b0:0,b1:42,i1:1,li2:1234567890123456,i3:-555,iter:121)
  flash [0] level 0: Must disable interrupts when writing to flash; this is done automatically.
-----------------------------------------
(re)writing active CFG (unchanged) -- this should report that there's nothing to write as the CFG data has not changed -- at 0x88220: 1
  flash [0] level 0: Must disable interrupts when writing to flash; this is done automatically.
  flash [1] level 1: Flash sector already contains matching data: skipping write operation.
-----------------------------------------
(re)writing active CFG (unchanged) -- this should report that there's nothing to write as the CFG data has not changed -- at 0x88220: 1
  flash [0] level 0: Must disable interrupts when writing to flash; this is done automatically.
  flash [1] level 1: Flash sector already contains matching data: skipping write operation.
-----------------------------------------
(re)writing active CFG (unchanged) -- this should report that there's nothing to write as the CFG data has not changed -- at 0x88220: 1
  flash [0] level 0: Must disable interrupts when writing to flash; this is done automatically.
  flash [1] level 1: Flash sector already contains matching data: skipping write operation.
writing an updated CFG at address 0x88240: 1
(b0:0,b1:42,i1:1,li2:1234567890123456,i3:-555,iter:122)
  flash [0] level 0: Must disable interrupts when writing to flash; this is done automatically.
-----------------------------------------
(re)writing active CFG (unchanged) -- this should report that there's nothing to write as the CFG data has not changed -- at 0x88240: 1
  flash [0] level 0: Must disable interrupts when writing to flash; this is done automatically.
  flash [1] level 1: Flash sector already contains matching data: skipping write operation.
-----------------------------------------
(re)writing active CFG (unchanged) -- this should report that there's nothing to write as the CFG data has not changed -- at 0x88240: 1
  flash [0] level 0: Must disable interrupts when writing to flash; this is done automatically.
  flash [1] level 1: Flash sector already contains matching data: skipping write operation.
-----------------------------------------
(re)writing active CFG (unchanged) -- this should report that there's nothing to write as the CFG data has not changed -- at 0x88240: 1
  flash [0] level 0: Must disable interrupts when writing to flash; this is done automatically.
  flash [1] level 1: Flash sector already contains matching data: skipping write operation.
writing an updated CFG at address 0x88260: 1
(b0:0,b1:42,i1:1,li2:1234567890123456,i3:-555,iter:123)
  flash [0] level 0: Must disable interrupts when writing to flash; this is done automatically.
-----------------------------------------
(re)writing active CFG (unchanged) -- this should report that there's nothing to write as the CFG data has not changed -- at 0x88260: 1
  flash [0] level 0: Must disable interrupts when writing to flash; this is done automatically.
  flash [1] level 1: Flash sector already contains matching data: skipping write operation.
-----------------------------------------
(re)writing active CFG (unchanged) -- this should report that there's nothing to write as the CFG data has not changed -- at 0x88260: 1
  flash [0] level 0: Must disable interrupts when writing to flash; this is done automatically.
  flash [1] level 1: Flash sector already contains matching data: skipping write operation.
-----------------------------------------
(re)writing active CFG (unchanged) -- this should report that there's nothing to write as the CFG data has not changed -- at 0x88260: 1
  flash [0] level 0: Must disable interrupts when writing to flash; this is done automatically.
  flash [1] level 1: Flash sector already contains matching data: skipping write operation.
writing an updated CFG at address 0x88280: 1
(b0:0,b1:42,i1:1,li2:1234567890123456,i3:-555,iter:124)
  flash [0] level 0: Must disable interrupts when writing to flash; this is done automatically.
-----------------------------------------
(re)writing active CFG (unchanged) -- this should report that there's nothing to write as the CFG data has not changed -- at 0x88280: 1
  flash [0] level 0: Must disable interrupts when writing to flash; this is done automatically.
  flash [1] level 1: Flash sector already contains matching data: skipping write operation.
-----------------------------------------
(re)writing active CFG (unchanged) -- this should report that there's nothing to write as the CFG data has not changed -- at 0x88280: 1
  flash [0] level 0: Must disable interrupts when writing to flash; this is done automatically.
  flash [1] level 1: Flash sector already contains matching data: skipping write operation.
-----------------------------------------
(re)writing active CFG (unchanged) -- this should report that there's nothing to write as the CFG data has not changed -- at 0x88280: 1
  flash [0] level 0: Must disable interrupts when writing to flash; this is done automatically.
  flash [1] level 1: Flash sector already contains matching data: skipping write operation.
writing an updated CFG at address 0x882A0: 1
(b0:0,b1:42,i1:1,li2:1234567890123456,i3:-555,iter:125)
  flash [0] level 0: Must disable interrupts when writing to flash; this is done automatically.
-----------------------------------------
(re)writing active CFG (unchanged) -- this should report that there's nothing to write as the CFG data has not changed -- at 0x882A0: 1
  flash [0] level 0: Must disable interrupts when writing to flash; this is done automatically.
  flash [1] level 1: Flash sector already contains matching data: skipping write operation.
-----------------------------------------
(re)writing active CFG (unchanged) -- this should report that there's nothing to write as the CFG data has not changed -- at 0x882A0: 1
  flash [0] level 0: Must disable interrupts when writing to flash; this is done automatically.
  flash [1] level 1: Flash sector already contains matching data: skipping write operation.
-----------------------------------------
(re)writing active CFG (unchanged) -- this should report that there's nothing to write as the CFG data has not changed -- at 0x882A0: 1
  flash [0] level 0: Must disable interrupts when writing to flash; this is done automatically.
  flash [1] level 1: Flash sector already contains matching data: skipping write operation.
writing an updated CFG at address 0x882C0: 1
(b0:0,b1:42,i1:1,li2:1234567890123456,i3:-555,iter:126)
  flash [0] level 0: Must disable interrupts when writing to flash; this is done automatically.
-----------------------------------------
(re)writing active CFG (unchanged) -- this should report that there's nothing to write as the CFG data has not changed -- at 0x882C0: 1
  flash [0] level 0: Must disable interrupts when writing to flash; this is done automatically.
  flash [1] level 1: Flash sector already contains matching data: skipping write operation.
-----------------------------------------
(re)writing active CFG (unchanged) -- this should report that there's nothing to write as the CFG data has not changed -- at 0x882C0: 1
  flash [0] level 0: Must disable interrupts when writing to flash; this is done automatically.
  flash [1] level 1: Flash sector already contains matching data: skipping write operation.
-----------------------------------------
(re)writing active CFG (unchanged) -- this should report that there's nothing to write as the CFG data has not changed -- at 0x882C0: 1
  flash [0] level 0: Must disable interrupts when writing to flash; this is done automatically.
  flash [1] level 1: Flash sector already contains matching data: skipping write operation.
writing an updated CFG at address 0x882E0: 1
(b0:0,b1:42,i1:1,li2:1234567890123456,i3:-555,iter:127)
  flash [0] level 0: Must disable interrupts when writing to flash; this is done automatically.
-----------------------------------------
(re)writing active CFG (unchanged) -- this should report that there's nothing to write as the CFG data has not changed -- at 0x882E0: 1
  flash [0] level 0: Must disable interrupts when writing to flash; this is done automatically.
  flash [1] level 1: Flash sector already contains matching data: skipping write operation.
-----------------------------------------
(re)writing active CFG (unchanged) -- this should report that there's nothing to write as the CFG data has not changed -- at 0x882E0: 1
  flash [0] level 0: Must disable interrupts when writing to flash; this is done automatically.
  flash [1] level 1: Flash sector already contains matching data: skipping write operation.
-----------------------------------------
(re)writing active CFG (unchanged) -- this should report that there's nothing to write as the CFG data has not changed -- at 0x882E0: 1
  flash [0] level 0: Must disable interrupts when writing to flash; this is done automatically.
  flash [1] level 1: Flash sector already contains matching data: skipping write operation.
writing an updated CFG at address 0x88300: 1
(b0:0,b1:42,i1:1,li2:1234567890123456,i3:-555,iter:128)
  flash [0] level 0: Must disable interrupts when writing to flash; this is done automatically.
-----------------------------------------
(re)writing active CFG (unchanged) -- this should report that there's nothing to write as the CFG data has not changed -- at 0x88300: 1
  flash [0] level 0: Must disable interrupts when writing to flash; this is done automatically.
  flash [1] level 1: Flash sector already contains matching data: skipping write operation.
-----------------------------------------
(re)writing active CFG (unchanged) -- this should report that there's nothing to write as the CFG data has not changed -- at 0x88300: 1
  flash [0] level 0: Must disable interrupts when writing to flash; this is done automatically.
  flash [1] level 1: Flash sector already contains matching data: skipping write operation.
-----------------------------------------
(re)writing active CFG (unchanged) -- this should report that there's nothing to write as the CFG data has not changed -- at 0x88300: 1
  flash [0] level 0: Must disable interrupts when writing to flash; this is done automatically.
  flash [1] level 1: Flash sector already contains matching data: skipping write operation.
writing an updated CFG at address 0x88320: 1
(b0:0,b1:42,i1:1,li2:1234567890123456,i3:-555,iter:129)
  flash [0] level 0: Must disable interrupts when writing to flash; this is done automatically.
-----------------------------------------
(re)writing active CFG (unchanged) -- this should report that there's nothing to write as the CFG data has not changed -- at 0x88320: 1
  flash [0] level 0: Must disable interrupts when writing to flash; this is done automatically.
  flash [1] level 1: Flash sector already contains matching data: skipping write operation.
-----------------------------------------
(re)writing active CFG (unchanged) -- this should report that there's nothing to write as the CFG data has not changed -- at 0x88320: 1
  flash [0] level 0: Must disable interrupts when writing to flash; this is done automatically.
  flash [1] level 1: Flash sector already contains matching data: skipping write operation.
-----------------------------------------
(re)writing active CFG (unchanged) -- this should report that there's nothing to write as the CFG data has not changed -- at 0x88320: 1
  flash [0] level 0: Must disable interrupts when writing to flash; this is done automatically.
  flash [1] level 1: Flash sector already contains matching data: skipping write operation.
writing an updated CFG at address 0x88340: 1
(b0:0,b1:42,i1:1,li2:1234567890123456,i3:-555,iter:130)
  flash [0] level 0: Must disable interrupts when writing to flash; this is done automatically.
-----------------------------------------
(re)writing active CFG (unchanged) -- this should report that there's nothing to write as the CFG data has not changed -- at 0x88340: 1
  flash [0] level 0: Must disable interrupts when writing to flash; this is done automatically.
  flash [1] level 1: Flash sector already contains matching data: skipping write operation.
-----------------------------------------
(re)writing active CFG (unchanged) -- this should report that there's nothing to write as the CFG data has not changed -- at 0x88340: 1
  flash [0] level 0: Must disable interrupts when writing to flash; this is done automatically.
  flash [1] level 1: Flash sector already contains matching data: skipping write operation.
-----------------------------------------
(re)writing active CFG (unchanged) -- this should report that there's nothing to write as the CFG data has not changed -- at 0x88340: 1
  flash [0] level 0: Must disable interrupts when writing to flash; this is done automatically.
  flash [1] level 1: Flash sector already contains matching data: skipping write operation.
writing an updated CFG at address 0x88360: 1
(b0:0,b1:42,i1:1,li2:1234567890123456,i3:-555,iter:131)
  flash [0] level 0: Must disable interrupts when writing to flash; this is done automatically.
-----------------------------------------
(re)writing active CFG (unchanged) -- this should report that there's nothing to write as the CFG data has not changed -- at 0x88360: 1
  flash [0] level 0: Must disable interrupts when writing to flash; this is done automatically.
  flash [1] level 1: Flash sector already contains matching data: skipping write operation.
-----------------------------------------
(re)writing active CFG (unchanged) -- this should report that there's nothing to write as the CFG data has not changed -- at 0x88360: 1
  flash [0] level 0: Must disable interrupts when writing to flash; this is done automatically.
  flash [1] level 1: Flash sector already contains matching data: skipping write operation.
-----------------------------------------
(re)writing active CFG (unchanged) -- this should report that there's nothing to write as the CFG data has not changed -- at 0x88360: 1
  flash [0] level 0: Must disable interrupts when writing to flash; this is done automatically.
  flash [1] level 1: Flash sector already contains matching data: skipping write operation.
writing an updated CFG at address 0x88380: 1
(b0:0,b1:42,i1:1,li2:1234567890123456,i3:-555,iter:132)
  flash [0] level 0: Must disable interrupts when writing to flash; this is done automatically.
-----------------------------------------
(re)writing active CFG (unchanged) -- this should report that there's nothing to write as the CFG data has not changed -- at 0x88380: 1
  flash [0] level 0: Must disable interrupts when writing to flash; this is done automatically.
  flash [1] level 1: Flash sector already contains matching data: skipping write operation.
-----------------------------------------
(re)writing active CFG (unchanged) -- this should report that there's nothing to write as the CFG data has not changed -- at 0x88380: 1
  flash [0] level 0: Must disable interrupts when writing to flash; this is done automatically.
  flash [1] level 1: Flash sector already contains matching data: skipping write operation.
-----------------------------------------
(re)writing active CFG (unchanged) -- this should report that there's nothing to write as the CFG data has not changed -- at 0x88380: 1
  flash [0] level 0: Must disable interrupts when writing to flash; this is done automatically.
  flash [1] level 1: Flash sector already contains matching data: skipping write operation.
writing an updated CFG at address 0x883A0: 1
(b0:0,b1:42,i1:1,li2:1234567890123456,i3:-555,iter:133)
  flash [0] level 0: Must disable interrupts when writing to flash; this is done automatically.
-----------------------------------------
(re)writing active CFG (unchanged) -- this should report that there's nothing to write as the CFG data has not changed -- at 0x883A0: 1
  flash [0] level 0: Must disable interrupts when writing to flash; this is done automatically.
  flash [1] level 1: Flash sector already contains matching data: skipping write operation.
-----------------------------------------
(re)writing active CFG (unchanged) -- this should report that there's nothing to write as the CFG data has not changed -- at 0x883A0: 1
  flash [0] level 0: Must disable interrupts when writing to flash; this is done automatically.
  flash [1] level 1: Flash sector already contains matching data: skipping write operation.
-----------------------------------------
(re)writing active CFG (unchanged) -- this should report that there's nothing to write as the CFG data has not changed -- at 0x883A0: 1
  flash [0] level 0: Must disable interrupts when writing to flash; this is done automatically.
  flash [1] level 1: Flash sector already contains matching data: skipping write operation.
writing an updated CFG at address 0x883C0: 1
(b0:0,b1:42,i1:1,li2:1234567890123456,i3:-555,iter:134)
  flash [0] level 0: Must disable interrupts when writing to flash; this is done automatically.
-----------------------------------------
(re)writing active CFG (unchanged) -- this should report that there's nothing to write as the CFG data has not changed -- at 0x883C0: 1
  flash [0] level 0: Must disable interrupts when writing to flash; this is done automatically.
  flash [1] level 1: Flash sector already contains matching data: skipping write operation.
-----------------------------------------
(re)writing active CFG (unchanged) -- this should report that there's nothing to write as the CFG data has not changed -- at 0x883C0: 1
  flash [0] level 0: Must disable interrupts when writing to flash; this is done automatically.
  flash [1] level 1: Flash sector already contains matching data: skipping write operation.
-----------------------------------------
(re)writing active CFG (unchanged) -- this should report that there's nothing to write as the CFG data has not changed -- at 0x883C0: 1
  flash [0] level 0: Must disable interrupts when writing to flash; this is done automatically.
  flash [1] level 1: Flash sector already contains matching data: skipping write operation.
writing an updated CFG at address 0x883E0: 1
(b0:0,b1:42,i1:1,li2:1234567890123456,i3:-555,iter:135)
  flash [0] level 0: Must disable interrupts when writing to flash; this is done automatically.
-----------------------------------------
(re)writing active CFG (unchanged) -- this should report that there's nothing to write as the CFG data has not changed -- at 0x883E0: 1
  flash [0] level 0: Must disable interrupts when writing to flash; this is done automatically.
  flash [1] level 1: Flash sector already contains matching data: skipping write operation.
-----------------------------------------
(re)writing active CFG (unchanged) -- this should report that there's nothing to write as the CFG data has not changed -- at 0x883E0: 1
  flash [0] level 0: Must disable interrupts when writing to flash; this is done automatically.
  flash [1] level 1: Flash sector already contains matching data: skipping write operation.
-----------------------------------------
(re)writing active CFG (unchanged) -- this should report that there's nothing to write as the CFG data has not changed -- at 0x883E0: 1
  flash [0] level 0: Must disable interrupts when writing to flash; this is done automatically.
  flash [1] level 1: Flash sector already contains matching data: skipping write operation.
writing an updated CFG at address 0x88400: 1
(b0:0,b1:42,i1:1,li2:1234567890123456,i3:-555,iter:136)
  flash [0] level 0: Must disable interrupts when writing to flash; this is done automatically.
-----------------------------------------
(re)writing active CFG (unchanged) -- this should report that there's nothing to write as the CFG data has not changed -- at 0x88400: 1
  flash [0] level 0: Must disable interrupts when writing to flash; this is done automatically.
  flash [1] level 1: Flash sector already contains matching data: skipping write operation.
-----------------------------------------
(re)writing active CFG (unchanged) -- this should report that there's nothing to write as the CFG data has not changed -- at 0x88400: 1
  flash [0] level 0: Must disable interrupts when writing to flash; this is done automatically.
  flash [1] level 1: Flash sector already contains matching data: skipping write operation.
-----------------------------------------
(re)writing active CFG (unchanged) -- this should report that there's nothing to write as the CFG data has not changed -- at 0x88400: 1
  flash [0] level 0: Must disable interrupts when writing to flash; this is done automatically.
  flash [1] level 1: Flash sector already contains matching data: skipping write operation.
writing an updated CFG at address 0x88420: 1
(b0:0,b1:42,i1:1,li2:1234567890123456,i3:-555,iter:137)
  flash [0] level 0: Must disable interrupts when writing to flash; this is done automatically.
-----------------------------------------
(re)writing active CFG (unchanged) -- this should report that there's nothing to write as the CFG data has not changed -- at 0x88420: 1
  flash [0] level 0: Must disable interrupts when writing to flash; this is done automatically.
  flash [1] level 1: Flash sector already contains matching data: skipping write operation.
-----------------------------------------
(re)writing active CFG (unchanged) -- this should report that there's nothing to write as the CFG data has not changed -- at 0x88420: 1
  flash [0] level 0: Must disable interrupts when writing to flash; this is done automatically.
  flash [1] level 1: Flash sector already contains matching data: skipping write operation.
-----------------------------------------
(re)writing active CFG (unchanged) -- this should report that there's nothing to write as the CFG data has not changed -- at 0x88420: 1
  flash [0] level 0: Must disable interrupts when writing to flash; this is done automatically.
  flash [1] level 1: Flash sector already contains matching data: skipping write operation.
writing an updated CFG at address 0x88440: 1
(b0:0,b1:42,i1:1,li2:1234567890123456,i3:-555,iter:138)
  flash [0] level 0: Must disable interrupts when writing to flash; this is done automatically.
-----------------------------------------
(re)writing active CFG (unchanged) -- this should report that there's nothing to write as the CFG data has not changed -- at 0x88440: 1
  flash [0] level 0: Must disable interrupts when writing to flash; this is done automatically.
  flash [1] level 1: Flash sector already contains matching data: skipping write operation.
-----------------------------------------
(re)writing active CFG (unchanged) -- this should report that there's nothing to write as the CFG data has not changed -- at 0x88440: 1
  flash [0] level 0: Must disable interrupts when writing to flash; this is done automatically.
  flash [1] level 1: Flash sector already contains matching data: skipping write operation.
-----------------------------------------
(re)writing active CFG (unchanged) -- this should report that there's nothing to write as the CFG data has not changed -- at 0x88440: 1
  flash [0] level 0: Must disable interrupts when writing to flash; this is done automatically.
  flash [1] level 1: Flash sector already contains matching data: skipping write operation.
writing an updated CFG at address 0x88460: 1
(b0:0,b1:42,i1:1,li2:1234567890123456,i3:-555,iter:139)
  flash [0] level 0: Must disable interrupts when writing to flash; this is done automatically.
-----------------------------------------
(re)writing active CFG (unchanged) -- this should report that there's nothing to write as the CFG data has not changed -- at 0x88460: 1
  flash [0] level 0: Must disable interrupts when writing to flash; this is done automatically.
  flash [1] level 1: Flash sector already contains matching data: skipping write operation.
-----------------------------------------
(re)writing active CFG (unchanged) -- this should report that there's nothing to write as the CFG data has not changed -- at 0x88460: 1
  flash [0] level 0: Must disable interrupts when writing to flash; this is done automatically.
  flash [1] level 1: Flash sector already contains matching data: skipping write operation.
-----------------------------------------
(re)writing active CFG (unchanged) -- this should report that there's nothing to write as the CFG data has not changed -- at 0x88460: 1
  flash [0] level 0: Must disable interrupts when writing to flash; this is done automatically.
  flash [1] level 1: Flash sector already contains matching data: skipping write operation.
writing an updated CFG at address 0x88480: 1
(b0:0,b1:42,i1:1,li2:1234567890123456,i3:-555,iter:140)
  flash [0] level 0: Must disable interrupts when writing to flash; this is done automatically.
-----------------------------------------
(re)writing active CFG (unchanged) -- this should report that there's nothing to write as the CFG data has not changed -- at 0x88480: 1
  flash [0] level 0: Must disable interrupts when writing to flash; this is done automatically.
  flash [1] level 1: Flash sector already contains matching data: skipping write operation.
-----------------------------------------
(re)writing active CFG (unchanged) -- this should report that there's nothing to write as the CFG data has not changed -- at 0x88480: 1
  flash [0] level 0: Must disable interrupts when writing to flash; this is done automatically.
  flash [1] level 1: Flash sector already contains matching data: skipping write operation.
-----------------------------------------
(re)writing active CFG (unchanged) -- this should report that there's nothing to write as the CFG data has not changed -- at 0x88480: 1
  flash [0] level 0: Must disable interrupts when writing to flash; this is done automatically.
  flash [1] level 1: Flash sector already contains matching data: skipping write operation.
writing an updated CFG at address 0x884A0: 1
(b0:0,b1:42,i1:1,li2:1234567890123456,i3:-555,iter:141)
  flash [0] level 0: Must disable interrupts when writing to flash; this is done automatically.
-----------------------------------------
(re)writing active CFG (unchanged) -- this should report that there's nothing to write as the CFG data has not changed -- at 0x884A0: 1
  flash [0] level 0: Must disable interrupts when writing to flash; this is done automatically.
  flash [1] level 1: Flash sector already contains matching data: skipping write operation.
-----------------------------------------
(re)writing active CFG (unchanged) -- this should report that there's nothing to write as the CFG data has not changed -- at 0x884A0: 1
  flash [0] level 0: Must disable interrupts when writing to flash; this is done automatically.
  flash [1] level 1: Flash sector already contains matching data: skipping write operation.
-----------------------------------------
(re)writing active CFG (unchanged) -- this should report that there's nothing to write as the CFG data has not changed -- at 0x884A0: 1
  flash [0] level 0: Must disable interrupts when writing to flash; this is done automatically.
  flash [1] level 1: Flash sector already contains matching data: skipping write operation.
writing an updated CFG at address 0x884C0: 1
(b0:0,b1:42,i1:1,li2:1234567890123456,i3:-555,iter:142)
  flash [0] level 0: Must disable interrupts when writing to flash; this is done automatically.
-----------------------------------------
(re)writing active CFG (unchanged) -- this should report that there's nothing to write as the CFG data has not changed -- at 0x884C0: 1
  flash [0] level 0: Must disable interrupts when writing to flash; this is done automatically.
  flash [1] level 1: Flash sector already contains matching data: skipping write operation.
-----------------------------------------
(re)writing active CFG (unchanged) -- this should report that there's nothing to write as the CFG data has not changed -- at 0x884C0: 1
  flash [0] level 0: Must disable interrupts when writing to flash; this is done automatically.
  flash [1] level 1: Flash sector already contains matching data: skipping write operation.
-----------------------------------------
(re)writing active CFG (unchanged) -- this should report that there's nothing to write as the CFG data has not changed -- at 0x884C0: 1
  flash [0] level 0: Must disable interrupts when writing to flash; this is done automatically.
  flash [1] level 1: Flash sector already contains matching data: skipping write operation.
writing an updated CFG at address 0x884E0: 1
(b0:0,b1:42,i1:1,li2:1234567890123456,i3:-555,iter:143)
  flash [0] level 0: Must disable interrupts when writing to flash; this is done automatically.
-----------------------------------------
(re)writing active CFG (unchanged) -- this should report that there's nothing to write as the CFG data has not changed -- at 0x884E0: 1
  flash [0] level 0: Must disable interrupts when writing to flash; this is done automatically.
  flash [1] level 1: Flash sector already contains matching data: skipping write operation.
-----------------------------------------
(re)writing active CFG (unchanged) -- this should report that there's nothing to write as the CFG data has not changed -- at 0x884E0: 1
  flash [0] level 0: Must disable interrupts when writing to flash; this is done automatically.
  flash [1] level 1: Flash sector already contains matching data: skipping write operation.
-----------------------------------------
(re)writing active CFG (unchanged) -- this should report that there's nothing to write as the CFG data has not changed -- at 0x884E0: 1
  flash [0] level 0: Must disable interrupts when writing to flash; this is done automatically.
  flash [1] level 1: Flash sector already contains matching data: skipping write operation.
writing an updated CFG at address 0x88500: 1
(b0:0,b1:42,i1:1,li2:1234567890123456,i3:-555,iter:144)
  flash [0] level 0: Must disable interrupts when writing to flash; this is done automatically.
-----------------------------------------
(re)writing active CFG (unchanged) -- this should report that there's nothing to write as the CFG data has not changed -- at 0x88500: 1
  flash [0] level 0: Must disable interrupts when writing to flash; this is done automatically.
  flash [1] level 1: Flash sector already contains matching data: skipping write operation.
-----------------------------------------
(re)writing active CFG (unchanged) -- this should report that there's nothing to write as the CFG data has not changed -- at 0x88500: 1
  flash [0] level 0: Must disable interrupts when writing to flash; this is done automatically.
  flash [1] level 1: Flash sector already contains matching data: skipping write operation.
-----------------------------------------
(re)writing active CFG (unchanged) -- this should report that there's nothing to write as the CFG data has not changed -- at 0x88500: 1
  flash [0] level 0: Must disable interrupts when writing to flash; this is done automatically.
  flash [1] level 1: Flash sector already contains matching data: skipping write operation.
writing an updated CFG at address 0x88520: 1
(b0:0,b1:42,i1:1,li2:1234567890123456,i3:-555,iter:145)
  flash [0] level 0: Must disable interrupts when writing to flash; this is done automatically.
-----------------------------------------
(re)writing active CFG (unchanged) -- this should report that there's nothing to write as the CFG data has not changed -- at 0x88520: 1
  flash [0] level 0: Must disable interrupts when writing to flash; this is done automatically.
  flash [1] level 1: Flash sector already contains matching data: skipping write operation.
-----------------------------------------
(re)writing active CFG (unchanged) -- this should report that there's nothing to write as the CFG data has not changed -- at 0x88520: 1
  flash [0] level 0: Must disable interrupts when writing to flash; this is done automatically.
  flash [1] level 1: Flash sector already contains matching data: skipping write operation.
-----------------------------------------
(re)writing active CFG (unchanged) -- this should report that there's nothing to write as the CFG data has not changed -- at 0x88520: 1
  flash [0] level 0: Must disable interrupts when writing to flash; this is done automatically.
  flash [1] level 1: Flash sector already contains matching data: skipping write operation.
writing an updated CFG at address 0x88540: 1
(b0:0,b1:42,i1:1,li2:1234567890123456,i3:-555,iter:146)
  flash [0] level 0: Must disable interrupts when writing to flash; this is done automatically.
-----------------------------------------
(re)writing active CFG (unchanged) -- this should report that there's nothing to write as the CFG data has not changed -- at 0x88540: 1
  flash [0] level 0: Must disable interrupts when writing to flash; this is done automatically.
  flash [1] level 1: Flash sector already contains matching data: skipping write operation.
-----------------------------------------
(re)writing active CFG (unchanged) -- this should report that there's nothing to write as the CFG data has not changed -- at 0x88540: 1
  flash [0] level 0: Must disable interrupts when writing to flash; this is done automatically.
  flash [1] level 1: Flash sector already contains matching data: skipping write operation.
-----------------------------------------
(re)writing active CFG (unchanged) -- this should report that there's nothing to write as the CFG data has not changed -- at 0x88540: 1
  flash [0] level 0: Must disable interrupts when writing to flash; this is done automatically.
  flash [1] level 1: Flash sector already contains matching data: skipping write operation.
writing an updated CFG at address 0x88560: 1
(b0:0,b1:42,i1:1,li2:1234567890123456,i3:-555,iter:147)
  flash [0] level 0: Must disable interrupts when writing to flash; this is done automatically.
-----------------------------------------
(re)writing active CFG (unchanged) -- this should report that there's nothing to write as the CFG data has not changed -- at 0x88560: 1
  flash [0] level 0: Must disable interrupts when writing to flash; this is done automatically.
  flash [1] level 1: Flash sector already contains matching data: skipping write operation.
-----------------------------------------
(re)writing active CFG (unchanged) -- this should report that there's nothing to write as the CFG data has not changed -- at 0x88560: 1
  flash [0] level 0: Must disable interrupts when writing to flash; this is done automatically.
  flash [1] level 1: Flash sector already contains matching data: skipping write operation.
-----------------------------------------
(re)writing active CFG (unchanged) -- this should report that there's nothing to write as the CFG data has not changed -- at 0x88560: 1
  flash [0] level 0: Must disable interrupts when writing to flash; this is done automatically.
  flash [1] level 1: Flash sector already contains matching data: skipping write operation.
writing an updated CFG at address 0x88580: 1
(b0:0,b1:42,i1:1,li2:1234567890123456,i3:-555,iter:148)
  flash [0] level 0: Must disable interrupts when writing to flash; this is done automatically.
-----------------------------------------
(re)writing active CFG (unchanged) -- this should report that there's nothing to write as the CFG data has not changed -- at 0x88580: 1
  flash [0] level 0: Must disable interrupts when writing to flash; this is done automatically.
  flash [1] level 1: Flash sector already contains matching data: skipping write operation.
-----------------------------------------
(re)writing active CFG (unchanged) -- this should report that there's nothing to write as the CFG data has not changed -- at 0x88580: 1
  flash [0] level 0: Must disable interrupts when writing to flash; this is done automatically.
  flash [1] level 1: Flash sector already contains matching data: skipping write operation.
-----------------------------------------
(re)writing active CFG (unchanged) -- this should report that there's nothing to write as the CFG data has not changed -- at 0x88580: 1
  flash [0] level 0: Must disable interrupts when writing to flash; this is done automatically.
  flash [1] level 1: Flash sector already contains matching data: skipping write operation.
writing an updated CFG at address 0x885A0: 1
(b0:0,b1:42,i1:1,li2:1234567890123456,i3:-555,iter:149)
  flash [0] level 0: Must disable interrupts when writing to flash; this is done automatically.
-----------------------------------------
(re)writing active CFG (unchanged) -- this should report that there's nothing to write as the CFG data has not changed -- at 0x885A0: 1
  flash [0] level 0: Must disable interrupts when writing to flash; this is done automatically.
  flash [1] level 1: Flash sector already contains matching data: skipping write operation.
-----------------------------------------
(re)writing active CFG (unchanged) -- this should report that there's nothing to write as the CFG data has not changed -- at 0x885A0: 1
  flash [0] level 0: Must disable interrupts when writing to flash; this is done automatically.
  flash [1] level 1: Flash sector already contains matching data: skipping write operation.
-----------------------------------------
(re)writing active CFG (unchanged) -- this should report that there's nothing to write as the CFG data has not changed -- at 0x885A0: 1
  flash [0] level 0: Must disable interrupts when writing to flash; this is done automatically.
  flash [1] level 1: Flash sector already contains matching data: skipping write operation.
writing an updated CFG at address 0x885C0: 1
(b0:0,b1:42,i1:1,li2:1234567890123456,i3:-555,iter:150)
  flash [0] level 0: Must disable interrupts when writing to flash; this is done automatically.
-----------------------------------------
(re)writing active CFG (unchanged) -- this should report that there's nothing to write as the CFG data has not changed -- at 0x885C0: 1
  flash [0] level 0: Must disable interrupts when writing to flash; this is done automatically.
  flash [1] level 1: Flash sector already contains matching data: skipping write operation.
-----------------------------------------
(re)writing active CFG (unchanged) -- this should report that there's nothing to write as the CFG data has not changed -- at 0x885C0: 1
  flash [0] level 0: Must disable interrupts when writing to flash; this is done automatically.
  flash [1] level 1: Flash sector already contains matching data: skipping write operation.
-----------------------------------------
(re)writing active CFG (unchanged) -- this should report that there's nothing to write as the CFG data has not changed -- at 0x885C0: 1
  flash [0] level 0: Must disable interrupts when writing to flash; this is done automatically.
  flash [1] level 1: Flash sector already contains matching data: skipping write operation.
writing an updated CFG at address 0x885E0: 1
(b0:0,b1:42,i1:1,li2:1234567890123456,i3:-555,iter:151)
  flash [0] level 0: Must disable interrupts when writing to flash; this is done automatically.
-----------------------------------------
(re)writing active CFG (unchanged) -- this should report that there's nothing to write as the CFG data has not changed -- at 0x885E0: 1
  flash [0] level 0: Must disable interrupts when writing to flash; this is done automatically.
  flash [1] level 1: Flash sector already contains matching data: skipping write operation.
-----------------------------------------
(re)writing active CFG (unchanged) -- this should report that there's nothing to write as the CFG data has not changed -- at 0x885E0: 1
  flash [0] level 0: Must disable interrupts when writing to flash; this is done automatically.
  flash [1] level 1: Flash sector already contains matching data: skipping write operation.
-----------------------------------------
(re)writing active CFG (unchanged) -- this should report that there's nothing to write as the CFG data has not changed -- at 0x885E0: 1
  flash [0] level 0: Must disable interrupts when writing to flash; this is done automatically.
  flash [1] level 1: Flash sector already contains matching data: skipping write operation.
writing an updated CFG at address 0x88600: 1
(b0:0,b1:42,i1:1,li2:1234567890123456,i3:-555,iter:152)
  flash [0] level 0: Must disable interrupts when writing to flash; this is done automatically.
-----------------------------------------
(re)writing active CFG (unchanged) -- this should report that there's nothing to write as the CFG data has not changed -- at 0x88600: 1
  flash [0] level 0: Must disable interrupts when writing to flash; this is done automatically.
  flash [1] level 1: Flash sector already contains matching data: skipping write operation.
-----------------------------------------
(re)writing active CFG (unchanged) -- this should report that there's nothing to write as the CFG data has not changed -- at 0x88600: 1
  flash [0] level 0: Must disable interrupts when writing to flash; this is done automatically.
  flash [1] level 1: Flash sector already contains matching data: skipping write operation.
-----------------------------------------
(re)writing active CFG (unchanged) -- this should report that there's nothing to write as the CFG data has not changed -- at 0x88600: 1
  flash [0] level 0: Must disable interrupts when writing to flash; this is done automatically.
  flash [1] level 1: Flash sector already contains matching data: skipping write operation.
writing an updated CFG at address 0x88620: 1
(b0:0,b1:42,i1:1,li2:1234567890123456,i3:-555,iter:153)
  flash [0] level 0: Must disable interrupts when writing to flash; this is done automatically.
-----------------------------------------
(re)writing active CFG (unchanged) -- this should report that there's nothing to write as the CFG data has not changed -- at 0x88620: 1
  flash [0] level 0: Must disable interrupts when writing to flash; this is done automatically.
  flash [1] level 1: Flash sector already contains matching data: skipping write operation.
-----------------------------------------
(re)writing active CFG (unchanged) -- this should report that there's nothing to write as the CFG data has not changed -- at 0x88620: 1
  flash [0] level 0: Must disable interrupts when writing to flash; this is done automatically.
  flash [1] level 1: Flash sector already contains matching data: skipping write operation.
-----------------------------------------
(re)writing active CFG (unchanged) -- this should report that there's nothing to write as the CFG data has not changed -- at 0x88620: 1
  flash [0] level 0: Must disable interrupts when writing to flash; this is done automatically.
  flash [1] level 1: Flash sector already contains matching data: skipping write operation.
writing an updated CFG at address 0x88640: 1
(b0:0,b1:42,i1:1,li2:1234567890123456,i3:-555,iter:154)
  flash [0] level 0: Must disable interrupts when writing to flash; this is done automatically.
-----------------------------------------
(re)writing active CFG (unchanged) -- this should report that there's nothing to write as the CFG data has not changed -- at 0x88640: 1
  flash [0] level 0: Must disable interrupts when writing to flash; this is done automatically.
  flash [1] level 1: Flash sector already contains matching data: skipping write operation.
-----------------------------------------
(re)writing active CFG (unchanged) -- this should report that there's nothing to write as the CFG data has not changed -- at 0x88640: 1
  flash [0] level 0: Must disable interrupts when writing to flash; this is done automatically.
  flash [1] level 1: Flash sector already contains matching data: skipping write operation.
-----------------------------------------
(re)writing active CFG (unchanged) -- this should report that there's nothing to write as the CFG data has not changed -- at 0x88640: 1
  flash [0] level 0: Must disable interrupts when writing to flash; this is done automatically.
  flash [1] level 1: Flash sector already contains matching data: skipping write operation.
writing an updated CFG at address 0x88660: 1
(b0:0,b1:42,i1:1,li2:1234567890123456,i3:-555,iter:155)
  flash [0] level 0: Must disable interrupts when writing to flash; this is done automatically.
-----------------------------------------
(re)writing active CFG (unchanged) -- this should report that there's nothing to write as the CFG data has not changed -- at 0x88660: 1
  flash [0] level 0: Must disable interrupts when writing to flash; this is done automatically.
  flash [1] level 1: Flash sector already contains matching data: skipping write operation.
-----------------------------------------
(re)writing active CFG (unchanged) -- this should report that there's nothing to write as the CFG data has not changed -- at 0x88660: 1
  flash [0] level 0: Must disable interrupts when writing to flash; this is done automatically.
  flash [1] level 1: Flash sector already contains matching data: skipping write operation.
-----------------------------------------
(re)writing active CFG (unchanged) -- this should report that there's nothing to write as the CFG data has not changed -- at 0x88660: 1
  flash [0] level 0: Must disable interrupts when writing to flash; this is done automatically.
  flash [1] level 1: Flash sector already contains matching data: skipping write operation.
writing an updated CFG at address 0x88680: 1
(b0:0,b1:42,i1:1,li2:1234567890123456,i3:-555,iter:156)
  flash [0] level 0: Must disable interrupts when writing to flash; this is done automatically.
-----------------------------------------
(re)writing active CFG (unchanged) -- this should report that there's nothing to write as the CFG data has not changed -- at 0x88680: 1
  flash [0] level 0: Must disable interrupts when writing to flash; this is done automatically.
  flash [1] level 1: Flash sector already contains matching data: skipping write operation.
-----------------------------------------
(re)writing active CFG (unchanged) -- this should report that there's nothing to write as the CFG data has not changed -- at 0x88680: 1
  flash [0] level 0: Must disable interrupts when writing to flash; this is done automatically.
  flash [1] level 1: Flash sector already contains matching data: skipping write operation.
-----------------------------------------
(re)writing active CFG (unchanged) -- this should report that there's nothing to write as the CFG data has not changed -- at 0x88680: 1
  flash [0] level 0: Must disable interrupts when writing to flash; this is done automatically.
  flash [1] level 1: Flash sector already contains matching data: skipping write operation.
writing an updated CFG at address 0x886A0: 1
(b0:0,b1:42,i1:1,li2:1234567890123456,i3:-555,iter:157)
  flash [0] level 0: Must disable interrupts when writing to flash; this is done automatically.
-----------------------------------------
(re)writing active CFG (unchanged) -- this should report that there's nothing to write as the CFG data has not changed -- at 0x886A0: 1
  flash [0] level 0: Must disable interrupts when writing to flash; this is done automatically.
  flash [1] level 1: Flash sector already contains matching data: skipping write operation.
-----------------------------------------
(re)writing active CFG (unchanged) -- this should report that there's nothing to write as the CFG data has not changed -- at 0x886A0: 1
  flash [0] level 0: Must disable interrupts when writing to flash; this is done automatically.
  flash [1] level 1: Flash sector already contains matching data: skipping write operation.
-----------------------------------------
(re)writing active CFG (unchanged) -- this should report that there's nothing to write as the CFG data has not changed -- at 0x886A0: 1
  flash [0] level 0: Must disable interrupts when writing to flash; this is done automatically.
  flash [1] level 1: Flash sector already contains matching data: skipping write operation.
writing an updated CFG at address 0x886C0: 1
(b0:0,b1:42,i1:1,li2:1234567890123456,i3:-555,iter:158)
  flash [0] level 0: Must disable interrupts when writing to flash; this is done automatically.
-----------------------------------------
(re)writing active CFG (unchanged) -- this should report that there's nothing to write as the CFG data has not changed -- at 0x886C0: 1
  flash [0] level 0: Must disable interrupts when writing to flash; this is done automatically.
  flash [1] level 1: Flash sector already contains matching data: skipping write operation.
-----------------------------------------
(re)writing active CFG (unchanged) -- this should report that there's nothing to write as the CFG data has not changed -- at 0x886C0: 1
  flash [0] level 0: Must disable interrupts when writing to flash; this is done automatically.
  flash [1] level 1: Flash sector already contains matching data: skipping write operation.
-----------------------------------------
(re)writing active CFG (unchanged) -- this should report that there's nothing to write as the CFG data has not changed -- at 0x886C0: 1
  flash [0] level 0: Must disable interrupts when writing to flash; this is done automatically.
  flash [1] level 1: Flash sector already contains matching data: skipping write operation.
writing an updated CFG at address 0x886E0: 1
(b0:0,b1:42,i1:1,li2:1234567890123456,i3:-555,iter:159)
  flash [0] level 0: Must disable interrupts when writing to flash; this is done automatically.
-----------------------------------------
(re)writing active CFG (unchanged) -- this should report that there's nothing to write as the CFG data has not changed -- at 0x886E0: 1
  flash [0] level 0: Must disable interrupts when writing to flash; this is done automatically.
  flash [1] level 1: Flash sector already contains matching data: skipping write operation.
-----------------------------------------
(re)writing active CFG (unchanged) -- this should report that there's nothing to write as the CFG data has not changed -- at 0x886E0: 1
  flash [0] level 0: Must disable interrupts when writing to flash; this is done automatically.
  flash [1] level 1: Flash sector already contains matching data: skipping write operation.
-----------------------------------------
(re)writing active CFG (unchanged) -- this should report that there's nothing to write as the CFG data has not changed -- at 0x886E0: 1
  flash [0] level 0: Must disable interrupts when writing to flash; this is done automatically.
  flash [1] level 1: Flash sector already contains matching data: skipping write operation.
writing an updated CFG at address 0x88700: 1
(b0:0,b1:42,i1:1,li2:1234567890123456,i3:-555,iter:160)
  flash [0] level 0: Must disable interrupts when writing to flash; this is done automatically.
-----------------------------------------
(re)writing active CFG (unchanged) -- this should report that there's nothing to write as the CFG data has not changed -- at 0x88700: 1
  flash [0] level 0: Must disable interrupts when writing to flash; this is done automatically.
  flash [1] level 1: Flash sector already contains matching data: skipping write operation.
-----------------------------------------
(re)writing active CFG (unchanged) -- this should report that there's nothing to write as the CFG data has not changed -- at 0x88700: 1
  flash [0] level 0: Must disable interrupts when writing to flash; this is done automatically.
  flash [1] level 1: Flash sector already contains matching data: skipping write operation.
-----------------------------------------
(re)writing active CFG (unchanged) -- this should report that there's nothing to write as the CFG data has not changed -- at 0x88700: 1
  flash [0] level 0: Must disable interrupts when writing to flash; this is done automatically.
  flash [1] level 1: Flash sector already contains matching data: skipping write operation.
writing an updated CFG at address 0x88720: 1
(b0:0,b1:42,i1:1,li2:1234567890123456,i3:-555,iter:161)
  flash [0] level 0: Must disable interrupts when writing to flash; this is done automatically.
-----------------------------------------
(re)writing active CFG (unchanged) -- this should report that there's nothing to write as the CFG data has not changed -- at 0x88720: 1
  flash [0] level 0: Must disable interrupts when writing to flash; this is done automatically.
  flash [1] level 1: Flash sector already contains matching data: skipping write operation.
-----------------------------------------
(re)writing active CFG (unchanged) -- this should report that there's nothing to write as the CFG data has not changed -- at 0x88720: 1
  flash [0] level 0: Must disable interrupts when writing to flash; this is done automatically.
  flash [1] level 1: Flash sector already contains matching data: skipping write operation.
-----------------------------------------
(re)writing active CFG (unchanged) -- this should report that there's nothing to write as the CFG data has not changed -- at 0x88720: 1
  flash [0] level 0: Must disable interrupts when writing to flash; this is done automatically.
  flash [1] level 1: Flash sector already contains matching data: skipping write operation.
writing an updated CFG at address 0x88740: 1
(b0:0,b1:42,i1:1,li2:1234567890123456,i3:-555,iter:162)
  flash [0] level 0: Must disable interrupts when writing to flash; this is done automatically.
-----------------------------------------
(re)writing active CFG (unchanged) -- this should report that there's nothing to write as the CFG data has not changed -- at 0x88740: 1
  flash [0] level 0: Must disable interrupts when writing to flash; this is done automatically.
  flash [1] level 1: Flash sector already contains matching data: skipping write operation.
-----------------------------------------
(re)writing active CFG (unchanged) -- this should report that there's nothing to write as the CFG data has not changed -- at 0x88740: 1
  flash [0] level 0: Must disable interrupts when writing to flash; this is done automatically.
  flash [1] level 1: Flash sector already contains matching data: skipping write operation.
-----------------------------------------
(re)writing active CFG (unchanged) -- this should report that there's nothing to write as the CFG data has not changed -- at 0x88740: 1
  flash [0] level 0: Must disable interrupts when writing to flash; this is done automatically.
  flash [1] level 1: Flash sector already contains matching data: skipping write operation.
writing an updated CFG at address 0x88760: 1
(b0:0,b1:42,i1:1,li2:1234567890123456,i3:-555,iter:163)
  flash [0] level 0: Must disable interrupts when writing to flash; this is done automatically.
-----------------------------------------
(re)writing active CFG (unchanged) -- this should report that there's nothing to write as the CFG data has not changed -- at 0x88760: 1
  flash [0] level 0: Must disable interrupts when writing to flash; this is done automatically.
  flash [1] level 1: Flash sector already contains matching data: skipping write operation.
-----------------------------------------
(re)writing active CFG (unchanged) -- this should report that there's nothing to write as the CFG data has not changed -- at 0x88760: 1
  flash [0] level 0: Must disable interrupts when writing to flash; this is done automatically.
  flash [1] level 1: Flash sector already contains matching data: skipping write operation.
-----------------------------------------
(re)writing active CFG (unchanged) -- this should report that there's nothing to write as the CFG data has not changed -- at 0x88760: 1
  flash [0] level 0: Must disable interrupts when writing to flash; this is done automatically.
  flash [1] level 1: Flash sector already contains matching data: skipping write operation.
writing an updated CFG at address 0x88780: 1
(b0:0,b1:42,i1:1,li2:1234567890123456,i3:-555,iter:164)
  flash [0] level 0: Must disable interrupts when writing to flash; this is done automatically.
-----------------------------------------
(re)writing active CFG (unchanged) -- this should report that there's nothing to write as the CFG data has not changed -- at 0x88780: 1
  flash [0] level 0: Must disable interrupts when writing to flash; this is done automatically.
  flash [1] level 1: Flash sector already contains matching data: skipping write operation.
-----------------------------------------
(re)writing active CFG (unchanged) -- this should report that there's nothing to write as the CFG data has not changed -- at 0x88780: 1
  flash [0] level 0: Must disable interrupts when writing to flash; this is done automatically.
  flash [1] level 1: Flash sector already contains matching data: skipping write operation.
-----------------------------------------
(re)writing active CFG (unchanged) -- this should report that there's nothing to write as the CFG data has not changed -- at 0x88780: 1
  flash [0] level 0: Must disable interrupts when writing to flash; this is done automatically.
  flash [1] level 1: Flash sector already contains matching data: skipping write operation.
writing an updated CFG at address 0x887A0: 1
(b0:0,b1:42,i1:1,li2:1234567890123456,i3:-555,iter:165)
  flash [0] level 0: Must disable interrupts when writing to flash; this is done automatically.
-----------------------------------------
(re)writing active CFG (unchanged) -- this should report that there's nothing to write as the CFG data has not changed -- at 0x887A0: 1
  flash [0] level 0: Must disable interrupts when writing to flash; this is done automatically.
  flash [1] level 1: Flash sector already contains matching data: skipping write operation.
-----------------------------------------
(re)writing active CFG (unchanged) -- this should report that there's nothing to write as the CFG data has not changed -- at 0x887A0: 1
  flash [0] level 0: Must disable interrupts when writing to flash; this is done automatically.
  flash [1] level 1: Flash sector already contains matching data: skipping write operation.
-----------------------------------------
(re)writing active CFG (unchanged) -- this should report that there's nothing to write as the CFG data has not changed -- at 0x887A0: 1
  flash [0] level 0: Must disable interrupts when writing to flash; this is done automatically.
  flash [1] level 1: Flash sector already contains matching data: skipping write operation.
writing an updated CFG at address 0x887C0: 1
(b0:0,b1:42,i1:1,li2:1234567890123456,i3:-555,iter:166)
  flash [0] level 0: Must disable interrupts when writing to flash; this is done automatically.
-----------------------------------------
(re)writing active CFG (unchanged) -- this should report that there's nothing to write as the CFG data has not changed -- at 0x887C0: 1
  flash [0] level 0: Must disable interrupts when writing to flash; this is done automatically.
  flash [1] level 1: Flash sector already contains matching data: skipping write operation.
-----------------------------------------
(re)writing active CFG (unchanged) -- this should report that there's nothing to write as the CFG data has not changed -- at 0x887C0: 1
  flash [0] level 0: Must disable interrupts when writing to flash; this is done automatically.
  flash [1] level 1: Flash sector already contains matching data: skipping write operation.
-----------------------------------------
(re)writing active CFG (unchanged) -- this should report that there's nothing to write as the CFG data has not changed -- at 0x887C0: 1
  flash [0] level 0: Must disable interrupts when writing to flash; this is done automatically.
  flash [1] level 1: Flash sector already contains matching data: skipping write operation.
writing an updated CFG at address 0x887E0: 1
(b0:0,b1:42,i1:1,li2:1234567890123456,i3:-555,iter:167)
  flash [0] level 0: Must disable interrupts when writing to flash; this is done automatically.
Halting... (press RESET button to observe the last written CFG being kept intact in flash storage)






DueFlashStorage: reading/writing a struct from/to flash example (with optimized write: only when change has happened)
Z:\lib\tooling\qiqqa\MuPDF\thirdparty\owemdjee\DueFlashStorage\examples\DueFlashStorageOverwriteWithSameExample\DueFlashStorageExample.ino


scanning the flash data zone...
Scan results:
last used @ 0x887E0: (b0:0,b1:42,i1:1,li2:1234567890123456,i3:-555,iter:167)
oldest used @ 0x0: (b0:0,b1:128,i1:528425,li2:8169F8169F,i3:530079,iter:530079)
Inspected 168 slots, out of a total of 15464 potential slots.
writing an updated CFG at address 0x88800: 1
(b0:0,b1:42,i1:1,li2:1234567890123456,i3:-555,iter:168)
  flash [0] level 0: Must disable interrupts when writing to flash; this is done automatically.
========================================================
(re)writing active CFG (unchanged) -- this should report that there's nothing to write as the CFG data has not changed -- at 0x88800: 1
  flash [0] level 0: Must disable interrupts when writing to flash; this is done automatically.
  flash [1] level 1: Flash sector already contains matching data: skipping write operation.
-----------------------------------------
(re)writing active CFG (unchanged) -- this should report that there's nothing to write as the CFG data has not changed -- at 0x88800: 1
  flash [0] level 0: Must disable interrupts when writing to flash; this is done automatically.
  flash [1] level 1: Flash sector already contains matching data: skipping write operation.
writing an updated CFG at address 0x88820: 1
(b0:0,b1:42,i1:1,li2:1234567890123456,i3:-555,iter:169)
  flash [0] level 0: Must disable interrupts when writing to flash; this is done automatically.
-----------------------------------------
(re)writing active CFG (unchanged) -- this should report that there's nothing to write as the CFG data has not changed -- at 0x88820: 1
  flash [0] level 0: Must disable interrupts when writing to flash; this is done automatically.
  flash [1] level 1: Flash sector already contains matching data: skipping write operation.
-----------------------------------------
(re)writing active CFG (unchanged) -- this should report that there's nothing to write as the CFG data has not changed -- at 0x88820: 1
  flash [0] level 0: Must disable interrupts when writing to flash; this is done automatically.
  flash [1] level 1: Flash sector already contains matching data: skipping write operation.
-----------------------------------------
(re)writing active CFG (unchanged) -- this should report that there's nothing to write as the CFG data has not changed -- at 0x88820: 1
  flash [0] level 0: Must disable interrupts when writing to flash; this is done automatically.
  flash [1] level 1: Flash sector already contains matching data: skipping write operation.
writing an updated CFG at address 0x88840: 1
(b0:0,b1:42,i1:1,li2:1234567890123456,i3:-555,iter:170)
  flash [0] level 0: Must disable interrupts when writing to flash; this is done automatically.
-----------------------------------------
(re)writing active CFG (unchanged) -- this should report that there's nothing to write as the CFG data has not changed -- at 0x88840: 1
  flash [0] level 0: Must disable interrupts when writing to flash; this is done automatically.
  flash [1] level 1: Flash sector already contains matching data: skipping write operation.
-----------------------------------------
(re)writing active CFG (unchanged) -- this should report that there's nothing to write as the CFG data has not changed -- at 0x88840: 1
  flash [0] level 0: Must disable interrupts when writing to flash; this is done automatically.
  flash [1] level 1: Flash sector already contains matching data: skipping write operation.
-----------------------------------------
(re)writing active CFG (unchanged) -- this should report that there's nothing to write as the CFG data has not changed -- at 0x88840: 1
  flash [0] level 0: Must disable interrupts when writing to flash; this is done automatically.
  flash [1] level 1: Flash sector already contains matching data: skipping write operation.
writing an updated CFG at address 0x88860: 1
(b0:0,b1:42,i1:1,li2:1234567890123456,i3:-555,iter:171)
  flash [0] level 0: Must disable interrupts when writing to flash; this is done automatically.
-----------------------------------------
(re)writing active CFG (unchanged) -- this should report that there's nothing to write as the CFG data has not changed -- at 0x88860: 1
  flash [0] level 0: Must disable interrupts when writing to flash; this is done automatically.
  flash [1] level 1: Flash sector already contains matching data: skipping write operation.
-----------------------------------------
(re)writing active CFG (unchanged) -- this should report that there's nothing to write as the CFG data has not changed -- at 0x88860: 1
  flash [0] level 0: Must disable interrupts when writing to flash; this is done automatically.
  flash [1] level 1: Flash sector already contains matching data: skipping write operation.
-----------------------------------------
(re)writing active CFG (unchanged) -- this should report that there's nothing to write as the CFG data has not changed -- at 0x88860: 1
  flash [0] level 0: Must disable interrupts when writing to flash; this is done automatically.
  flash [1] level 1: Flash sector already contains matching data: skipping write operation.
writing an updated CFG at address 0x88880: 1
(b0:0,b1:42,i1:1,li2:1234567890123456,i3:-555,iter:172)
  flash [0] level 0: Must disable interrupts when writing to flash; this is done automatically.
-----------------------------------------
(re)writing active CFG (unchanged) -- this should report that there's nothing to write as the CFG data has not changed -- at 0x88880: 1
  flash [0] level 0: Must disable interrupts when writing to flash; this is done automatically.
  flash [1] level 1: Flash sector already contains matching data: skipping write operation.
-----------------------------------------
(re)writing active CFG (unchanged) -- this should report that there's nothing to write as the CFG data has not changed -- at 0x88880: 1
  flash [0] level 0: Must disable interrupts when writing to flash; this is done automatically.
  flash [1] level 1: Flash sector already contains matching data: skipping write operation.
-----------------------------------------
(re)writing active CFG (unchanged) -- this should report that there's nothing to write as the CFG data has not changed -- at 0x88880: 1
  flash [0] level 0: Must disable interrupts when writing to flash; this is done automatically.
  flash [1] level 1: Flash sector already contains matching data: skipping write operation.
writing an updated CFG at address 0x888A0: 1
(b0:0,b1:42,i1:1,li2:1234567890123456,i3:-555,iter:173)
  flash [0] level 0: Must disable interrupts when writing to flash; this is done automatically.
-----------------------------------------
(re)writing active CFG (unchanged) -- this should report that there's nothing to write as the CFG data has not changed -- at 0x888A0: 1
  flash [0] level 0: Must disable interrupts when writing to flash; this is done automatically.
  flash [1] level 1: Flash sector already contains matching data: skipping write operation.
-----------------------------------------
(re)writing active CFG (unchanged) -- this should report that there's nothing to write as the CFG data has not changed -- at 0x888A0: 1
  flash [0] level 0: Must disable interrupts when writing to flash; this is done automatically.
  flash [1] level 1: Flash sector already contains matching data: skipping write operation.
-----------------------------------------
(re)writing active CFG (unchanged) -- this should report that there's nothing to write as the CFG data has not changed -- at 0x888A0: 1
  flash [0] level 0: Must disable interrupts when writing to flash; this is done automatically.
  flash [1] level 1: Flash sector already contains matching data: skipping write operation.
writing an updated CFG at address 0x888C0: 1
(b0:0,b1:42,i1:1,li2:1234567890123456,i3:-555,iter:174)
  flash [0] level 0: Must disable interrupts when writing to flash; this is done automatically.
-----------------------------------------
(re)writing active CFG (unchanged) -- this should report that there's nothing to write as the CFG data has not changed -- at 0x888C0: 1
  flash [0] level 0: Must disable interrupts when writing to flash; this is done automatically.
  flash [1] level 1: Flash sector already contains matching data: skipping write operation.
-----------------------------------------
(re)writing active CFG (unchanged) -- this should report that there's nothing to write as the CFG data has not changed -- at 0x888C0: 1
  flash [0] level 0: Must disable interrupts when writing to flash; this is done automatically.
  flash [1] level 1: Flash sector already contains matching data: skipping write operation.
-----------------------------------------
(re)writing active CFG (unchanged) -- this should report that there's nothing to write as the CFG data has not changed -- at 0x888C0: 1
  flash [0] level 0: Must disable interrupts when writing to flash; this is done automatically.
  flash [1] level 1: Flash sector already contains matching data: skipping write operation.
writing an updated CFG at address 0x888E0: 1
(b0:0,b1:42,i1:1,li2:1234567890123456,i3:-555,iter:175)
  flash [0] level 0: Must disable interrupts when writing to flash; this is done automatically.
-----------------------------------------
(re)writing active CFG (unchanged) -- this should report that there's nothing to write as the CFG data has not changed -- at 0x888E0: 1
  flash [0] level 0: Must disable interrupts when writing to flash; this is done automatically.
  flash [1] level 1: Flash sector already contains matching data: skipping write operation.
-----------------------------------------
(re)writing active CFG (unchanged) -- this should report that there's nothing to write as the CFG data has not changed -- at 0x888E0: 1
  flash [0] level 0: Must disable interrupts when writing to flash; this is done automatically.
  flash [1] level 1: Flash sector already contains matching data: skipping write operation.
-----------------------------------------
(re)writing active CFG (unchanged) -- this should report that there's nothing to write as the CFG data has not changed -- at 0x888E0: 1
  flash [0] level 0: Must disable interrupts when writing to flash; this is done automatically.
  flash [1] level 1: Flash sector already contains matching data: skipping write operation.
writing an updated CFG at address 0x88900: 1
(b0:0,b1:42,i1:1,li2:1234567890123456,i3:-555,iter:176)
  flash [0] level 0: Must disable interrupts when writing to flash; this is done automatically.
-----------------------------------------
(re)writing active CFG (unchanged) -- this should report that there's nothing to write as the CFG data has not changed -- at 0x88900: 1
  flash [0] level 0: Must disable interrupts when writing to flash; this is done automatically.
  flash [1] level 1: Flash sector already contains matching data: skipping write operation.
-----------------------------------------
(re)writing active CFG (unchanged) -- this should report that there's nothing to write as the CFG data has not changed -- at 0x88900: 1
  flash [0] level 0: Must disable interrupts when writing to flash; this is done automatically.
  flash [1] level 1: Flash sector already contains matching data: skipping write operation.
-----------------------------------------
(re)writing active CFG (unchanged) -- this should report that there's nothing to write as the CFG data has not changed -- at 0x88900: 1
  flash [0] level 0: Must disable interrupts when writing to flash; this is done automatically.
  flash [1] level 1: Flash sector already contains matching data: skipping write operation.
writing an updated CFG at address 0x88920: 1
(b0:0,b1:42,i1:1,li2:1234567890123456,i3:-555,iter:177)
  flash [0] level 0: Must disable interrupts when writing to flash; this is done automatically.
-----------------------------------------
(re)writing active CFG (unchanged) -- this should report that there's nothing to write as the CFG data has not changed -- at 0x88920: 1
  flash [0] level 0: Must disable interrupts when writing to flash; this is done automatically.
  flash [1] level 1: Flash sector already contains matching data: skipping write operation.
-----------------------------------------
(re)writing active CFG (unchanged) -- this should report that there's nothing to write as the CFG data has not changed -- at 0x88920: 1
  flash [0] level 0: Must disable interrupts when writing to flash; this is done automatically.
  flash [1] level 1: Flash sector already contains matching data: skipping write operation.
-----------------------------------------
(re)writing active CFG (unchanged) -- this should report that there's nothing to write as the CFG data has not changed -- at 0x88920: 1
  flash [0] level 0: Must disable interrupts when writing to flash; this is done automatically.
  flash [1] level 1: Flash sector already contains matching data: skipping write operation.
writing an updated CFG at address 0x88940: 1
(b0:0,b1:42,i1:1,li2:1234567890123456,i3:-555,iter:178)
  flash [0] level 0: Must disable interrupts when writing to flash; this is done automatically.
-----------------------------------------
(re)writing active CFG (unchanged) -- this should report that there's nothing to write as the CFG data has not changed -- at 0x88940: 1
  flash [0] level 0: Must disable interrupts when writing to flash; this is done automatically.
  flash [1] level 1: Flash sector already contains matching data: skipping write operation.
-----------------------------------------
(re)writing active CFG (unchanged) -- this should report that there's nothing to write as the CFG data has not changed -- at 0x88940: 1
  flash [0] level 0: Must disable interrupts when writing to flash; this is done automatically.
  flash [1] level 1: Flash sector already contains matching data: skipping write operation.
-----------------------------------------
(re)writing active CFG (unchanged) -- this should report that there's nothing to write as the CFG data has not changed -- at 0x88940: 1
  flash [0] level 0: Must disable interrupts when writing to flash; this is done automatically.
  flash [1] level 1: Flash sector already contains matching data: skipping write operation.
writing an updated CFG at address 0x88960: 1
(b0:0,b1:42,i1:1,li2:1234567890123456,i3:-555,iter:179)
  flash [0] level 0: Must disable interrupts when writing to flash; this is done automatically.
-----------------------------------------
(re)writing active CFG (unchanged) -- this should report that there's nothing to write as the CFG data has not changed -- at 0x88960: 1
  flash [0] level 0: Must disable interrupts when writing to flash; this is done automatically.
  flash [1] level 1: Flash sector already contains matching data: skipping write operation.
-----------------------------------------
(re)writing active CFG (unchanged) -- this should report that there's nothing to write as the CFG data has not changed -- at 0x88960: 1
  flash [0] level 0: Must disable interrupts when writing to flash; this is done automatically.
  flash [1] level 1: Flash sector already contains matching data: skipping write operation.
-----------------------------------------
(re)writing active CFG (unchanged) -- this should report that there's nothing to write as the CFG data has not changed -- at 0x88960: 1
  flash [0] level 0: Must disable interrupts when writing to flash; this is done automatically.
  flash [1] level 1: Flash sector already contains matching data: skipping write operation.
writing an updated CFG at address 0x88980: 1
(b0:0,b1:42,i1:1,li2:1234567890123456,i3:-555,iter:180)
  flash [0] level 0: Must disable interrupts when writing to flash; this is done automatically.
-----------------------------------------
(re)writing active CFG (unchanged) -- this should report that there's nothing to write as the CFG data has not changed -- at 0x88980: 1
  flash [0] level 0: Must disable interrupts when writing to flash; this is done automatically.
  flash [1] level 1: Flash sector already contains matching data: skipping write operation.
-----------------------------------------
(re)writing active CFG (unchanged) -- this should report that there's nothing to write as the CFG data has not changed -- at 0x88980: 1
  flash [0] level 0: Must disable interrupts when writing to flash; this is done automatically.
  flash [1] level 1: Flash sector already contains matching data: skipping write operation.
-----------------------------------------
(re)writing active CFG (unchanged) -- this should report that there's nothing to write as the CFG data has not changed -- at 0x88980: 1
  flash [0] level 0: Must disable interrupts when writing to flash; this is done automatically.
  flash [1] level 1: Flash sector already contains matching data: skipping write operation.
writing an updated CFG at address 0x889A0: 1
(b0:0,b1:42,i1:1,li2:1234567890123456,i3:-555,iter:181)
  flash [0] level 0: Must disable interrupts when writing to flash; this is done automatically.
-----------------------------------------
(re)writing active CFG (unchanged) -- this should report that there's nothing to write as the CFG data has not changed -- at 0x889A0: 1
  flash [0] level 0: Must disable interrupts when writing to flash; this is done automatically.
  flash [1] level 1: Flash sector already contains matching data: skipping write operation.
-----------------------------------------
(re)writing active CFG (unchanged) -- this should report that there's nothing to write as the CFG data has not changed -- at 0x889A0: 1
  flash [0] level 0: Must disable interrupts when writing to flash; this is done automatically.
  flash [1] level 1: Flash sector already contains matching data: skipping write operation.
-----------------------------------------
(re)writing active CFG (unchanged) -- this should report that there's nothing to write as the CFG data has not changed -- at 0x889A0: 1
  flash [0] level 0: Must disable interrupts when writing to flash; this is done automatically.
  flash [1] level 1: Flash sector already contains matching data: skipping write operation.
writing an updated CFG at address 0x889C0: 1
(b0:0,b1:42,i1:1,li2:1234567890123456,i3:-555,iter:182)
  flash [0] level 0: Must disable interrupts when writing to flash; this is done automatically.
-----------------------------------------
(re)writing active CFG (unchanged) -- this should report that there's nothing to write as the CFG data has not changed -- at 0x889C0: 1
  flash [0] level 0: Must disable interrupts when writing to flash; this is done automatically.
  flash [1] level 1: Flash sector already contains matching data: skipping write operation.
-----------------------------------------
(re)writing active CFG (unchanged) -- this should report that there's nothing to write as the CFG data has not changed -- at 0x889C0: 1
  flash [0] level 0: Must disable interrupts when writing to flash; this is done automatically.
  flash [1] level 1: Flash sector already contains matching data: skipping write operation.
-----------------------------------------
(re)writing active CFG (unchanged) -- this should report that there's nothing to write as the CFG data has not changed -- at 0x889C0: 1
  flash [0] level 0: Must disable interrupts when writing to flash; this is done automatically.
  flash [1] level 1: Flash sector already contains matching data: skipping write operation.
writing an updated CFG at address 0x889E0: 1
(b0:0,b1:42,i1:1,li2:1234567890123456,i3:-555,iter:183)
  flash [0] level 0: Must disable interrupts when writing to flash; this is done automatically.
-----------------------------------------
(re)writing active CFG (unchanged) -- this should report that there's nothing to write as the CFG data has not changed -- at 0x889E0: 1
  flash [0] level 0: Must disable interrupts when writing to flash; this is done automatically.
  flash [1] level 1: Flash sector already contains matching data: skipping write operation.
-----------------------------------------
(re)writing active CFG (unchanged) -- this should report that there's nothing to write as the CFG data has not changed -- at 0x889E0: 1
  flash [0] level 0: Must disable interrupts when writing to flash; this is done automatically.
  flash [1] level 1: Flash sector already contains matching data: skipping write operation.
-----------------------------------------
(re)writing active CFG (unchanged) -- this should report that there's nothing to write as the CFG data has not changed -- at 0x889E0: 1
  flash [0] level 0: Must disable interrupts when writing to flash; this is done automatically.
  flash [1] level 1: Flash sector already contains matching data: skipping write operation.
writing an updated CFG at address 0x88A00: 1
(b0:0,b1:42,i1:1,li2:1234567890123456,i3:-555,iter:184)
  flash [0] level 0: Must disable interrupts when writing to flash; this is done automatically.
-----------------------------------------
(re)writing active CFG (unchanged) -- this should report that there's nothing to write as the CFG data has not changed -- at 0x88A00: 1
  flash [0] level 0: Must disable interrupts when writing to flash; this is done automatically.
  flash [1] level 1: Flash sector already contains matching data: skipping write operation.
-----------------------------------------
(re)writing active CFG (unchanged) -- this should report that there's nothing to write as the CFG data has not changed -- at 0x88A00: 1
  flash [0] level 0: Must disable interrupts when writing to flash; this is done automatically.
  flash [1] level 1: Flash sector already contains matching data: skipping write operation.
-----------------------------------------
(re)writing active CFG (unchanged) -- this should report that there's nothing to write as the CFG data has not changed -- at 0x88A00: 1
  flash [0] level 0: Must disable interrupts when writing to flash; this is done automatically.
  flash [1] level 1: Flash sector already contains matching data: skipping write operation.
writing an updated CFG at address 0x88A20: 1
(b0:0,b1:42,i1:1,li2:1234567890123456,i3:-555,iter:185)
  flash [0] level 0: Must disable interrupts when writing to flash; this is done automatically.
-----------------------------------------
(re)writing active CFG (unchanged) -- this should report that there's nothing to write as the CFG data has not changed -- at 0x88A20: 1
  flash [0] level 0: Must disable interrupts when writing to flash; this is done automatically.
  flash [1] level 1: Flash sector already contains matching data: skipping write operation.
-----------------------------------------
(re)writing active CFG (unchanged) -- this should report that there's nothing to write as the CFG data has not changed -- at 0x88A20: 1
  flash [0] level 0: Must disable interrupts when writing to flash; this is done automatically.
  flash [1] level 1: Flash sector already contains matching data: skipping write operation.
-----------------------------------------
(re)writing active CFG (unchanged) -- this should report that there's nothing to write as the CFG data has not changed -- at 0x88A20: 1
  flash [0] level 0: Must disable interrupts when writing to flash; this is done automatically.
  flash [1] level 1: Flash sector already contains matching data: skipping write operation.
writing an updated CFG at address 0x88A40: 1
(b0:0,b1:42,i1:1,li2:1234567890123456,i3:-555,iter:186)
  flash [0] level 0: Must disable interrupts when writing to flash; this is done automatically.
-----------------------------------------
(re)writing active CFG (unchanged) -- this should report that there's nothing to write as the CFG data has not changed -- at 0x88A40: 1
  flash [0] level 0: Must disable interrupts when writing to flash; this is done automatically.
  flash [1] level 1: Flash sector already contains matching data: skipping write operation.
-----------------------------------------
(re)writing active CFG (unchanged) -- this should report that there's nothing to write as the CFG data has not changed -- at 0x88A40: 1
  flash [0] level 0: Must disable interrupts when writing to flash; this is done automatically.
  flash [1] level 1: Flash sector already contains matching data: skipping write operation.
-----------------------------------------
(re)writing active CFG (unchanged) -- this should report that there's nothing to write as the CFG data has not changed -- at 0x88A40: 1
  flash [0] level 0: Must disable interrupts when writing to flash; this is done automatically.
  flash [1] level 1: Flash sector already contains matching data: skipping write operation.
writing an updated CFG at address 0x88A60: 1
(b0:0,b1:42,i1:1,li2:1234567890123456,i3:-555,iter:187)
  flash [0] level 0: Must disable interrupts when writing to flash; this is done automatically.
-----------------------------------------
(re)writing active CFG (unchanged) -- this should report that there's nothing to write as the CFG data has not changed -- at 0x88A60: 1
  flash [0] level 0: Must disable interrupts when writing to flash; this is done automatically.
  flash [1] level 1: Flash sector already contains matching data: skipping write operation.
-----------------------------------------
(re)writing active CFG (unchanged) -- this should report that there's nothing to write as the CFG data has not changed -- at 0x88A60: 1
  flash [0] level 0: Must disable interrupts when writing to flash; this is done automatically.
  flash [1] level 1: Flash sector already contains matching data: skipping write operation.
-----------------------------------------
(re)writing active CFG (unchanged) -- this should report that there's nothing to write as the CFG data has not changed -- at 0x88A60: 1
  flash [0] level 0: Must disable interrupts when writing to flash; this is done automatically.
  flash [1] level 1: Flash sector already contains matching data: skipping write operation.
writing an updated CFG at address 0x88A80: 1
(b0:0,b1:42,i1:1,li2:1234567890123456,i3:-555,iter:188)
  flash [0] level 0: Must disable interrupts when writing to flash; this is done automatically.
-----------------------------------------
(re)writing active CFG (unchanged) -- this should report that there's nothing to write as the CFG data has not changed -- at 0x88A80: 1
  flash [0] level 0: Must disable interrupts when writing to flash; this is done automatically.
  flash [1] level 1: Flash sector already contains matching data: skipping write operation.
-----------------------------------------
(re)writing active CFG (unchanged) -- this should report that there's nothing to write as the CFG data has not changed -- at 0x88A80: 1
  flash [0] level 0: Must disable interrupts when writing to flash; this is done automatically.
  flash [1] level 1: Flash sector already contains matching data: skipping write operation.
-----------------------------------------
(re)writing active CFG (unchanged) -- this should report that there's nothing to write as the CFG data has not changed -- at 0x88A80: 1
  flash [0] level 0: Must disable interrupts when writing to flash; this is done automatically.
  flash [1] level 1: Flash sector already contains matching data: skipping write operation.
writing an updated CFG at address 0x88AA0: 1
(b0:0,b1:42,i1:1,li2:1234567890123456,i3:-555,iter:189)
  flash [0] level 0: Must disable interrupts when writing to flash; this is done automatically.
-----------------------------------------
(re)writing active CFG (unchanged) -- this should report that there's nothing to write as the CFG data has not changed -- at 0x88AA0: 1
  flash [0] level 0: Must disable interrupts when writing to flash; this is done automatically.
  flash [1] level 1: Flash sector already contains matching data: skipping write operation.
-----------------------------------------
(re)writing active CFG (unchanged) -- this should report that there's nothing to write as the CFG data has not changed -- at 0x88AA0: 1
  flash [0] level 0: Must disable interrupts when writing to flash; this is done automatically.
  flash [1] level 1: Flash sector already contains matching data: skipping write operation.
-----------------------------------------
(re)writing active CFG (unchanged) -- this should report that there's nothing to write as the CFG data has not changed -- at 0x88AA0: 1
  flash [0] level 0: Must disable interrupts when writing to flash; this is done automatically.
  flash [1] level 1: Flash sector already contains matching data: skipping write operation.
writing an updated CFG at address 0x88AC0: 1
(b0:0,b1:42,i1:1,li2:1234567890123456,i3:-555,iter:190)
  flash [0] level 0: Must disable interrupts when writing to flash; this is done automatically.
-----------------------------------------
(re)writing active CFG (unchanged) -- this should report that there's nothing to write as the CFG data has not changed -- at 0x88AC0: 1
  flash [0] level 0: Must disable interrupts when writing to flash; this is done automatically.
  flash [1] level 1: Flash sector already contains matching data: skipping write operation.
-----------------------------------------
(re)writing active CFG (unchanged) -- this should report that there's nothing to write as the CFG data has not changed -- at 0x88AC0: 1
  flash [0] level 0: Must disable interrupts when writing to flash; this is done automatically.
  flash [1] level 1: Flash sector already contains matching data: skipping write operation.
-----------------------------------------
(re)writing active CFG (unchanged) -- this should report that there's nothing to write as the CFG data has not changed -- at 0x88AC0: 1
  flash [0] level 0: Must disable interrupts when writing to flash; this is done automatically.
  flash [1] level 1: Flash sector already contains matching data: skipping write operation.
writing an updated CFG at address 0x88AE0: 1
(b0:0,b1:42,i1:1,li2:1234567890123456,i3:-555,iter:191)
  flash [0] level 0: Must disable interrupts when writing to flash; this is done automatically.
-----------------------------------------
(re)writing active CFG (unchanged) -- this should report that there's nothing to write as the CFG data has not changed -- at 0x88AE0: 1
  flash [0] level 0: Must disable interrupts when writing to flash; this is done automatically.
  flash [1] level 1: Flash sector already contains matching data: skipping write operation.
-----------------------------------------
(re)writing active CFG (unchanged) -- this should report that there's nothing to write as the CFG data has not changed -- at 0x88AE0: 1
  flash [0] level 0: Must disable interrupts when writing to flash; this is done automatically.
  flash [1] level 1: Flash sector already contains matching data: skipping write operation.
-----------------------------------------
(re)writing active CFG (unchanged) -- this should report that there's nothing to write as the CFG data has not changed -- at 0x88AE0: 1
  flash [0] level 0: Must disable interrupts when writing to flash; this is done automatically.
  flash [1] level 1: Flash sector already contains matching data: skipping write operation.
writing an updated CFG at address 0x88B00: 1
(b0:0,b1:42,i1:1,li2:1234567890123456,i3:-555,iter:192)
  flash [0] level 0: Must disable interrupts when writing to flash; this is done automatically.
-----------------------------------------
(re)writing active CFG (unchanged) -- this should report that there's nothing to write as the CFG data has not changed -- at 0x88B00: 1
  flash [0] level 0: Must disable interrupts when writing to flash; this is done automatically.
  flash [1] level 1: Flash sector already contains matching data: skipping write operation.
-----------------------------------------
(re)writing active CFG (unchanged) -- this should report that there's nothing to write as the CFG data has not changed -- at 0x88B00: 1
  flash [0] level 0: Must disable interrupts when writing to flash; this is done automatically.
  flash [1] level 1: Flash sector already contains matching data: skipping write operation.
-----------------------------------------
(re)writing active CFG (unchanged) -- this should report that there's nothing to write as the CFG data has not changed -- at 0x88B00: 1
  flash [0] level 0: Must disable interrupts when writing to flash; this is done automatically.
  flash [1] level 1: Flash sector already contains matching data: skipping write operation.
writing an updated CFG at address 0x88B20: 1
(b0:0,b1:42,i1:1,li2:1234567890123456,i3:-555,iter:193)
  flash [0] level 0: Must disable interrupts when writing to flash; this is done automatically.
-----------------------------------------
(re)writing active CFG (unchanged) -- this should report that there's nothing to write as the CFG data has not changed -- at 0x88B20: 1
  flash [0] level 0: Must disable interrupts when writing to flash; this is done automatically.
  flash [1] level 1: Flash sector already contains matching data: skipping write operation.
-----------------------------------------
(re)writing active CFG (unchanged) -- this should report that there's nothing to write as the CFG data has not changed -- at 0x88B20: 1
  flash [0] level 0: Must disable interrupts when writing to flash; this is done automatically.
  flash [1] level 1: Flash sector already contains matching data: skipping write operation.
-----------------------------------------
(re)writing active CFG (unchanged) -- this should report that there's nothing to write as the CFG data has not changed -- at 0x88B20: 1
  flash [0] level 0: Must disable interrupts when writing to flash; this is done automatically.
  flash [1] level 1: Flash sector already contains matching data: skipping write operation.
writing an updated CFG at address 0x88B40: 1
(b0:0,b1:42,i1:1,li2:1234567890123456,i3:-555,iter:194)
  flash [0] level 0: Must disable interrupts when writing to flash; this is done automatically.
-----------------------------------------
(re)writing active CFG (unchanged) -- this should report that there's nothing to write as the CFG data has not changed -- at 0x88B40: 1
  flash [0] level 0: Must disable interrupts when writing to flash; this is done automatically.
  flash [1] level 1: Flash sector already contains matching data: skipping write operation.
-----------------------------------------
(re)writing active CFG (unchanged) -- this should report that there's nothing to write as the CFG data has not changed -- at 0x88B40: 1
  flash [0] level 0: Must disable interrupts when writing to flash; this is done automatically.
  flash [1] level 1: Flash sector already contains matching data: skipping write operation.
-----------------------------------------
(re)writing active CFG (unchanged) -- this should report that there's nothing to write as the CFG data has not changed -- at 0x88B40: 1
  flash [0] level 0: Must disable interrupts when writing to flash; this is done automatically.
  flash [1] level 1: Flash sector already contains matching data: skipping write operation.
writing an updated CFG at address 0x88B60: 1
(b0:0,b1:42,i1:1,li2:1234567890123456,i3:-555,iter:195)
  flash [0] level 0: Must disable interrupts when writing to flash; this is done automatically.
-----------------------------------------
(re)writing active CFG (unchanged) -- this should report that there's nothing to write as the CFG data has not changed -- at 0x88B60: 1
  flash [0] level 0: Must disable interrupts when writing to flash; this is done automatically.
  flash [1] level 1: Flash sector already contains matching data: skipping write operation.
-----------------------------------------
(re)writing active CFG (unchanged) -- this should report that there's nothing to write as the CFG data has not changed -- at 0x88B60: 1
  flash [0] level 0: Must disable interrupts when writing to flash; this is done automatically.
  flash [1] level 1: Flash sector already contains matching data: skipping write operation.
-----------------------------------------
(re)writing active CFG (unchanged) -- this should report that there's nothing to write as the CFG data has not changed -- at 0x88B60: 1
  flash [0] level 0: Must disable interrupts when writing to flash; this is done automatically.
  flash [1] level 1: Flash sector already contains matching data: skipping write operation.
writing an updated CFG at address 0x88B80: 1
(b0:0,b1:42,i1:1,li2:1234567890123456,i3:-555,iter:196)
  flash [0] level 0: Must disable interrupts when writing to flash; this is done automatically.
-----------------------------------------
(re)writing active CFG (unchanged) -- this should report that there's nothing to write as the CFG data has not changed -- at 0x88B80: 1
  flash [0] level 0: Must disable interrupts when writing to flash; this is done automatically.
  flash [1] level 1: Flash sector already contains matching data: skipping write operation.
-----------------------------------------
(re)writing active CFG (unchanged) -- this should report that there's nothing to write as the CFG data has not changed -- at 0x88B80: 1
  flash [0] level 0: Must disable interrupts when writing to flash; this is done automatically.
  flash [1] level 1: Flash sector already contains matching data: skipping write operation.
-----------------------------------------
(re)writing active CFG (unchanged) -- this should report that there's nothing to write as the CFG data has not changed -- at 0x88B80: 1
  flash [0] level 0: Must disable interrupts when writing to flash; this is done automatically.
  flash [1] level 1: Flash sector already contains matching data: skipping write operation.
writing an updated CFG at address 0x88BA0: 1
(b0:0,b1:42,i1:1,li2:1234567890123456,i3:-555,iter:197)
  flash [0] level 0: Must disable interrupts when writing to flash; this is done automatically.
-----------------------------------------
(re)writing active CFG (unchanged) -- this should report that there's nothing to write as the CFG data has not changed -- at 0x88BA0: 1
  flash [0] level 0: Must disable interrupts when writing to flash; this is done automatically.
  flash [1] level 1: Flash sector already contains matching data: skipping write operation.
-----------------------------------------
(re)writing active CFG (unchanged) -- this should report that there's nothing to write as the CFG data has not changed -- at 0x88BA0: 1
  flash [0] level 0: Must disable interrupts when writing to flash; this is done automatically.
  flash [1] level 1: Flash sector already contains matching data: skipping write operation.
-----------------------------------------
(re)writing active CFG (unchanged) -- this should report that there's nothing to write as the CFG data has not changed -- at 0x88BA0: 1
  flash [0] level 0: Must disable interrupts when writing to flash; this is done automatically.
  flash [1] level 1: Flash sector already contains matching data: skipping write operation.
writing an updated CFG at address 0x88BC0: 1
(b0:0,b1:42,i1:1,li2:1234567890123456,i3:-555,iter:198)
  flash [0] level 0: Must disable interrupts when writing to flash; this is done automatically.
-----------------------------------------
(re)writing active CFG (unchanged) -- this should report that there's nothing to write as the CFG data has not changed -- at 0x88BC0: 1
  flash [0] level 0: Must disable interrupts when writing to flash; this is done automatically.
  flash [1] level 1: Flash sector already contains matching data: skipping write operation.
-----------------------------------------
(re)writing active CFG (unchanged) -- this should report that there's nothing to write as the CFG data has not changed -- at 0x88BC0: 1
  flash [0] level 0: Must disable interrupts when writing to flash; this is done automatically.
  flash [1] level 1: Flash sector already contains matching data: skipping write operation.
-----------------------------------------
(re)writing active CFG (unchanged) -- this should report that there's nothing to write as the CFG data has not changed -- at 0x88BC0: 1
  flash [0] level 0: Must disable interrupts when writing to flash; this is done automatically.
  flash [1] level 1: Flash sector already contains matching data: skipping write operation.
writing an updated CFG at address 0x88BE0: 1
(b0:0,b1:42,i1:1,li2:1234567890123456,i3:-555,iter:199)
  flash [0] level 0: Must disable interrupts when writing to flash; this is done automatically.
-----------------------------------------
(re)writing active CFG (unchanged) -- this should report that there's nothing to write as the CFG data has not changed -- at 0x88BE0: 1
  flash [0] level 0: Must disable interrupts when writing to flash; this is done automatically.
  flash [1] level 1: Flash sector already contains matching data: skipping write operation.
-----------------------------------------
(re)writing active CFG (unchanged) -- this should report that there's nothing to write as the CFG data has not changed -- at 0x88BE0: 1
  flash [0] level 0: Must disable interrupts when writing to flash; this is done automatically.
  flash [1] level 1: Flash sector already contains matching data: skipping write operation.
-----------------------------------------
(re)writing active CFG (unchanged) -- this should report that there's nothing to write as the CFG data has not changed -- at 0x88BE0: 1
  flash [0] level 0: Must disable interrupts when writing to flash; this is done automatically.
  flash [1] level 1: Flash sector already contains matching data: skipping write operation.
writing an updated CFG at address 0x88C00: 1
(b0:0,b1:42,i1:1,li2:1234567890123456,i3:-555,iter:200)
  flash [0] level 0: Must disable interrupts when writing to flash; this is done automatically.
-----------------------------------------
(re)writing active CFG (unchanged) -- this should report that there's nothing to write as the CFG data has not changed -- at 0x88C00: 1
  flash [0] level 0: Must disable interrupts when writing to flash; this is done automatically.
  flash [1] level 1: Flash sector already contains matching data: skipping write operation.
-----------------------------------------
(re)writing active CFG (unchanged) -- this should report that there's nothing to write as the CFG data has not changed -- at 0x88C00: 1
  flash [0] level 0: Must disable interrupts when writing to flash; this is done automatically.
  flash [1] level 1: Flash sector already contains matching data: skipping write operation.
-----------------------------------------
(re)writing active CFG (unchanged) -- this should report that there's nothing to write as the CFG data has not changed -- at 0x88C00: 1
  flash [0] level 0: Must disable interrupts when writing to flash; this is done automatically.
  flash [1] level 1: Flash sector already contains matching data: skipping write operation.
writing an updated CFG at address 0x88C20: 1
(b0:0,b1:42,i1:1,li2:1234567890123456,i3:-555,iter:201)
  flash [0] level 0: Must disable interrupts when writing to flash; this is done automatically.
-----------------------------------------
(re)writing active CFG (unchanged) -- this should report that there's nothing to write as the CFG data has not changed -- at 0x88C20: 1
  flash [0] level 0: Must disable interrupts when writing to flash; this is done automatically.
  flash [1] level 1: Flash sector already contains matching data: skipping write operation.
-----------------------------------------
(re)writing active CFG (unchanged) -- this should report that there's nothing to write as the CFG data has not changed -- at 0x88C20: 1
  flash [0] level 0: Must disable interrupts when writing to flash; this is done automatically.
  flash [1] level 1: Flash sector already contains matching data: skipping write operation.
-----------------------------------------
(re)writing active CFG (unchanged) -- this should report that there's nothing to write as the CFG data has not changed -- at 0x88C20: 1
  flash [0] level 0: Must disable interrupts when writing to flash; this is done automatically.
  flash [1] level 1: Flash sector already contains matching data: skipping write operation.
writing an updated CFG at address 0x88C40: 1
(b0:0,b1:42,i1:1,li2:1234567890123456,i3:-555,iter:202)
  flash [0] level 0: Must disable interrupts when writing to flash; this is done automatically.
-----------------------------------------
(re)writing active CFG (unchanged) -- this should report that there's nothing to write as the CFG data has not changed -- at 0x88C40: 1
  flash [0] level 0: Must disable interrupts when writing to flash; this is done automatically.
  flash [1] level 1: Flash sector already contains matching data: skipping write operation.
-----------------------------------------
(re)writing active CFG (unchanged) -- this should report that there's nothing to write as the CFG data has not changed -- at 0x88C40: 1
  flash [0] level 0: Must disable interrupts when writing to flash; this is done automatically.
  flash [1] level 1: Flash sector already contains matching data: skipping write operation.
-----------------------------------------
(re)writing active CFG (unchanged) -- this should report that there's nothing to write as the CFG data has not changed -- at 0x88C40: 1
  flash [0] level 0: Must disable interrupts when writing to flash; this is done automatically.
  flash [1] level 1: Flash sector already contains matching data: skipping write operation.
writing an updated CFG at address 0x88C60: 1
(b0:0,b1:42,i1:1,li2:1234567890123456,i3:-555,iter:203)
  flash [0] level 0: Must disable interrupts when writing to flash; this is done automatically.
-----------------------------------------
(re)writing active CFG (unchanged) -- this should report that there's nothing to write as the CFG data has not changed -- at 0x88C60: 1
  flash [0] level 0: Must disable interrupts when writing to flash; this is done automatically.
  flash [1] level 1: Flash sector already contains matching data: skipping write operation.
-----------------------------------------
(re)writing active CFG (unchanged) -- this should report that there's nothing to write as the CFG data has not changed -- at 0x88C60: 1
  flash [0] level 0: Must disable interrupts when writing to flash; this is done automatically.
  flash [1] level 1: Flash sector already contains matching data: skipping write operation.
-----------------------------------------
(re)writing active CFG (unchanged) -- this should report that there's nothing to write as the CFG data has not changed -- at 0x88C60: 1
  flash [0] level 0: Must disable interrupts when writing to flash; this is done automatically.
  flash [1] level 1: Flash sector already contains matching data: skipping write operation.
writing an updated CFG at address 0x88C80: 1
(b0:0,b1:42,i1:1,li2:1234567890123456,i3:-555,iter:204)
  flash [0] level 0: Must disable interrupts when writing to flash; this is done automatically.
-----------------------------------------
(re)writing active CFG (unchanged) -- this should report that there's nothing to write as the CFG data has not changed -- at 0x88C80: 1
  flash [0] level 0: Must disable interrupts when writing to flash; this is done automatically.
  flash [1] level 1: Flash sector already contains matching data: skipping write operation.
-----------------------------------------
(re)writing active CFG (unchanged) -- this should report that there's nothing to write as the CFG data has not changed -- at 0x88C80: 1
  flash [0] level 0: Must disable interrupts when writing to flash; this is done automatically.
  flash [1] level 1: Flash sector already contains matching data: skipping write operation.
-----------------------------------------
(re)writing active CFG (unchanged) -- this should report that there's nothing to write as the CFG data has not changed -- at 0x88C80: 1
  flash [0] level 0: Must disable interrupts when writing to flash; this is done automatically.
  flash [1] level 1: Flash sector already contains matching data: skipping write operation.
writing an updated CFG at address 0x88CA0: 1
(b0:0,b1:42,i1:1,li2:1234567890123456,i3:-555,iter:205)
  flash [0] level 0: Must disable interrupts when writing to flash; this is done automatically.
-----------------------------------------
(re)writing active CFG (unchanged) -- this should report that there's nothing to write as the CFG data has not changed -- at 0x88CA0: 1
  flash [0] level 0: Must disable interrupts when writing to flash; this is done automatically.
  flash [1] level 1: Flash sector already contains matching data: skipping write operation.
-----------------------------------------
(re)writing active CFG (unchanged) -- this should report that there's nothing to write as the CFG data has not changed -- at 0x88CA0: 1
  flash [0] level 0: Must disable interrupts when writing to flash; this is done automatically.
  flash [1] level 1: Flash sector already contains matching data: skipping write operation.
-----------------------------------------
(re)writing active CFG (unchanged) -- this should report that there's nothing to write as the CFG data has not changed -- at 0x88CA0: 1
  flash [0] level 0: Must disable interrupts when writing to flash; this is done automatically.
  flash [1] level 1: Flash sector already contains matching data: skipping write operation.
writing an updated CFG at address 0x88CC0: 1
(b0:0,b1:42,i1:1,li2:1234567890123456,i3:-555,iter:206)
  flash [0] level 0: Must disable interrupts when writing to flash; this is done automatically.
-----------------------------------------
(re)writing active CFG (unchanged) -- this should report that there's nothing to write as the CFG data has not changed -- at 0x88CC0: 1
  flash [0] level 0: Must disable interrupts when writing to flash; this is done automatically.
  flash [1] level 1: Flash sector already contains matching data: skipping write operation.
-----------------------------------------
(re)writing active CFG (unchanged) -- this should report that there's nothing to write as the CFG data has not changed -- at 0x88CC0: 1
  flash [0] level 0: Must disable interrupts when writing to flash; this is done automatically.
  flash [1] level 1: Flash sector already contains matching data: skipping write operation.
-----------------------------------------
(re)writing active CFG (unchanged) -- this should report that there's nothing to write as the CFG data has not changed -- at 0x88CC0: 1
  flash [0] level 0: Must disable interrupts when writing to flash; this is done automatically.
  flash [1] level 1: Flash sector already contains matching data: skipping write operation.
writing an updated CFG at address 0x88CE0: 1
(b0:0,b1:42,i1:1,li2:1234567890123456,i3:-555,iter:207)
  flash [0] level 0: Must disable interrupts when writing to flash; this is done automatically.
-----------------------------------------
(re)writing active CFG (unchanged) -- this should report that there's nothing to write as the CFG data has not changed -- at 0x88CE0: 1
  flash [0] level 0: Must disable interrupts when writing to flash; this is done automatically.
  flash [1] level 1: Flash sector already contains matching data: skipping write operation.
-----------------------------------------
(re)writing active CFG (unchanged) -- this should report that there's nothing to write as the CFG data has not changed -- at 0x88CE0: 1
  flash [0] level 0: Must disable interrupts when writing to flash; this is done automatically.
  flash [1] level 1: Flash sector already contains matching data: skipping write operation.
-----------------------------------------
(re)writing active CFG (unchanged) -- this should report that there's nothing to write as the CFG data has not changed -- at 0x88CE0: 1
  flash [0] level 0: Must disable interrupts when writing to flash; this is done automatically.
  flash [1] level 1: Flash sector already contains matching data: skipping write operation.
writing an updated CFG at address 0x88D00: 1
(b0:0,b1:42,i1:1,li2:1234567890123456,i3:-555,iter:208)
  flash [0] level 0: Must disable interrupts when writing to flash; this is done automatically.
-----------------------------------------
(re)writing active CFG (unchanged) -- this should report that there's nothing to write as the CFG data has not changed -- at 0x88D00: 1
  flash [0] level 0: Must disable interrupts when writing to flash; this is done automatically.
  flash [1] level 1: Flash sector already contains matching data: skipping write operation.
-----------------------------------------
(re)writing active CFG (unchanged) -- this should report that there's nothing to write as the CFG data has not changed -- at 0x88D00: 1
  flash [0] level 0: Must disable interrupts when writing to flash; this is done automatically.
  flash [1] level 1: Flash sector already contains matching data: skipping write operation.
-----------------------------------------
(re)writing active CFG (unchanged) -- this should report that there's nothing to write as the CFG data has not changed -- at 0x88D00: 1
  flash [0] level 0: Must disable interrupts when writing to flash; this is done automatically.
  flash [1] level 1: Flash sector already contains matching data: skipping write operation.
writing an updated CFG at address 0x88D20: 1
(b0:0,b1:42,i1:1,li2:1234567890123456,i3:-555,iter:209)
  flash [0] level 0: Must disable interrupts when writing to flash; this is done automatically.
-----------------------------------------
(re)writing active CFG (unchanged) -- this should report that there's nothing to write as the CFG data has not changed -- at 0x88D20: 1
  flash [0] level 0: Must disable interrupts when writing to flash; this is done automatically.
  flash [1] level 1: Flash sector already contains matching data: skipping write operation.
-----------------------------------------
(re)writing active CFG (unchanged) -- this should report that there's nothing to write as the CFG data has not changed -- at 0x88D20: 1
  flash [0] level 0: Must disable interrupts when writing to flash; this is done automatically.
  flash [1] level 1: Flash sector already contains matching data: skipping write operation.
-----------------------------------------
(re)writing active CFG (unchanged) -- this should report that there's nothing to write as the CFG data has not changed -- at 0x88D20: 1
  flash [0] level 0: Must disable interrupts when writing to flash; this is done automatically.
  flash [1] level 1: Flash sector already contains matching data: skipping write operation.
writing an updated CFG at address 0x88D40: 1
(b0:0,b1:42,i1:1,li2:1234567890123456,i3:-555,iter:210)
  flash [0] level 0: Must disable interrupts when writing to flash; this is done automatically.
-----------------------------------------
(re)writing active CFG (unchanged) -- this should report that there's nothing to write as the CFG data has not changed -- at 0x88D40: 1
  flash [0] level 0: Must disable interrupts when writing to flash; this is done automatically.
  flash [1] level 1: Flash sector already contains matching data: skipping write operation.
-----------------------------------------
(re)writing active CFG (unchanged) -- this should report that there's nothing to write as the CFG data has not changed -- at 0x88D40: 1
  flash [0] level 0: Must disable interrupts when writing to flash; this is done automatically.
  flash [1] level 1: Flash sector already contains matching data: skipping write operation.
-----------------------------------------
(re)writing active CFG (unchanged) -- this should report that there's nothing to write as the CFG data has not changed -- at 0x88D40: 1
  flash [0] level 0: Must disable interrupts when writing to flash; this is done automatically.
  flash [1] level 1: Flash sector already contains matching data: skipping write operation.
writing an updated CFG at address 0x88D60: 1
(b0:0,b1:42,i1:1,li2:1234567890123456,i3:-555,iter:211)
  flash [0] level 0: Must disable interrupts when writing to flash; this is done automatically.
-----------------------------------------
(re)writing active CFG (unchanged) -- this should report that there's nothing to write as the CFG data has not changed -- at 0x88D60: 1
  flash [0] level 0: Must disable interrupts when writing to flash; this is done automatically.
  flash [1] level 1: Flash sector already contains matching data: skipping write operation.
-----------------------------------------
(re)writing active CFG (unchanged) -- this should report that there's nothing to write as the CFG data has not changed -- at 0x88D60: 1
  flash [0] level 0: Must disable interrupts when writing to flash; this is done automatically.
  flash [1] level 1: Flash sector already contains matching data: skipping write operation.
-----------------------------------------
(re)writing active CFG (unchanged) -- this should report that there's nothing to write as the CFG data has not changed -- at 0x88D60: 1
  flash [0] level 0: Must disable interrupts when writing to flash; this is done automatically.
  flash [1] level 1: Flash sector already contains matching data: skipping write operation.
writing an updated CFG at address 0x88D80: 1
(b0:0,b1:42,i1:1,li2:1234567890123456,i3:-555,iter:212)
  flash [0] level 0: Must disable interrupts when writing to flash; this is done automatically.
-----------------------------------------
(re)writing active CFG (unchanged) -- this should report that there's nothing to write as the CFG data has not changed -- at 0x88D80: 1
  flash [0] level 0: Must disable interrupts when writing to flash; this is done automatically.
  flash [1] level 1: Flash sector already contains matching data: skipping write operation.
-----------------------------------------
(re)writing active CFG (unchanged) -- this should report that there's nothing to write as the CFG data has not changed -- at 0x88D80: 1
  flash [0] level 0: Must disable interrupts when writing to flash; this is done automatically.
  flash [1] level 1: Flash sector already contains matching data: skipping write operation.
-----------------------------------------
(re)writing active CFG (unchanged) -- this should report that there's nothing to write as the CFG data has not changed -- at 0x88D80: 1
  flash [0] level 0: Must disable interrupts when writing to flash; this is done automatically.
  flash [1] level 1: Flash sector already contains matching data: skipping write operation.
writing an updated CFG at address 0x88DA0: 1
(b0:0,b1:42,i1:1,li2:1234567890123456,i3:-555,iter:213)
  flash [0] level 0: Must disable interrupts when writing to flash; this is done automatically.
-----------------------------------------
(re)writing active CFG (unchanged) -- this should report that there's nothing to write as the CFG data has not changed -- at 0x88DA0: 1
  flash [0] level 0: Must disable interrupts when writing to flash; this is done automatically.
  flash [1] level 1: Flash sector already contains matching data: skipping write operation.
-----------------------------------------
(re)writing active CFG (unchanged) -- this should report that there's nothing to write as the CFG data has not changed -- at 0x88DA0: 1
  flash [0] level 0: Must disable interrupts when writing to flash; this is done automatically.
  flash [1] level 1: Flash sector already contains matching data: skipping write operation.
-----------------------------------------
(re)writing active CFG (unchanged) -- this should report that there's nothing to write as the CFG data has not changed -- at 0x88DA0: 1
  flash [0] level 0: Must disable interrupts when writing to flash; this is done automatically.
  flash [1] level 1: Flash sector already contains matching data: skipping write operation.
writing an updated CFG at address 0x88DC0: 1
(b0:0,b1:42,i1:1,li2:1234567890123456,i3:-555,iter:214)
  flash [0] level 0: Must disable interrupts when writing to flash; this is done automatically.
-----------------------------------------
(re)writing active CFG (unchanged) -- this should report that there's nothing to write as the CFG data has not changed -- at 0x88DC0: 1
  flash [0] level 0: Must disable interrupts when writing to flash; this is done automatically.
  flash [1] level 1: Flash sector already contains matching data: skipping write operation.
-----------------------------------------
(re)writing active CFG (unchanged) -- this should report that there's nothing to write as the CFG data has not changed -- at 0x88DC0: 1
  flash [0] level 0: Must disable interrupts when writing to flash; this is done automatically.
  flash [1] level 1: Flash sector already contains matching data: skipping write operation.
-----------------------------------------
(re)writing active CFG (unchanged) -- this should report that there's nothing to write as the CFG data has not changed -- at 0x88DC0: 1
  flash [0] level 0: Must disable interrupts when writing to flash; this is done automatically.
  flash [1] level 1: Flash sector already contains matching data: skipping write operation.
writing an updated CFG at address 0x88DE0: 1
(b0:0,b1:42,i1:1,li2:1234567890123456,i3:-555,iter:215)
  flash [0] level 0: Must disable interrupts when writing to flash; this is done automatically.
-----------------------------------------
(re)writing active CFG (unchanged) -- this should report that there's nothing to write as the CFG data has not changed -- at 0x88DE0: 1
  flash [0] level 0: Must disable interrupts when writing to flash; this is done automatically.
  flash [1] level 1: Flash sector already contains matching data: skipping write operation.
-----------------------------------------
(re)writing active CFG (unchanged) -- this should report that there's nothing to write as the CFG data has not changed -- at 0x88DE0: 1
  flash [0] level 0: Must disable interrupts when writing to flash; this is done automatically.
  flash [1] level 1: Flash sector already contains matching data: skipping write operation.
-----------------------------------------
(re)writing active CFG (unchanged) -- this should report that there's nothing to write as the CFG data has not changed -- at 0x88DE0: 1
  flash [0] level 0: Must disable interrupts when writing to flash; this is done automatically.
  flash [1] level 1: Flash sector already contains matching data: skipping write operation.
writing an updated CFG at address 0x88E00: 1
(b0:0,b1:42,i1:1,li2:1234567890123456,i3:-555,iter:216)
  flash [0] level 0: Must disable interrupts when writing to flash; this is done automatically.
-----------------------------------------
(re)writing active CFG (unchanged) -- this should report that there's nothing to write as the CFG data has not changed -- at 0x88E00: 1
  flash [0] level 0: Must disable interrupts when writing to flash; this is done automatically.
  flash [1] level 1: Flash sector already contains matching data: skipping write operation.
-----------------------------------------
(re)writing active CFG (unchanged) -- this should report that there's nothing to write as the CFG data has not changed -- at 0x88E00: 1
  flash [0] level 0: Must disable interrupts when writing to flash; this is done automatically.
  flash [1] level 1: Flash sector already contains matching data: skipping write operation.
-----------------------------------------
(re)writing active CFG (unchanged) -- this should report that there's nothing to write as the CFG data has not changed -- at 0x88E00: 1
  flash [0] level 0: Must disable interrupts when writing to flash; this is done automatically.
  flash [1] level 1: Flash sector already contains matching data: skipping write operation.
writing an updated CFG at address 0x88E20: 1
(b0:0,b1:42,i1:1,li2:1234567890123456,i3:-555,iter:217)
  flash [0] level 0: Must disable interrupts when writing to flash; this is done automatically.
-----------------------------------------
(re)writing active CFG (unchanged) -- this should report that there's nothing to write as the CFG data has not changed -- at 0x88E20: 1
  flash [0] level 0: Must disable interrupts when writing to flash; this is done automatically.
  flash [1] level 1: Flash sector already contains matching data: skipping write operation.
-----------------------------------------
(re)writing active CFG (unchanged) -- this should report that there's nothing to write as the CFG data has not changed -- at 0x88E20: 1
  flash [0] level 0: Must disable interrupts when writing to flash; this is done automatically.
  flash [1] level 1: Flash sector already contains matching data: skipping write operation.
-----------------------------------------
(re)writing active CFG (unchanged) -- this should report that there's nothing to write as the CFG data has not changed -- at 0x88E20: 1
  flash [0] level 0: Must disable interrupts when writing to flash; this is done automatically.
  flash [1] level 1: Flash sector already contains matching data: skipping write operation.
writing an updated CFG at address 0x88E40: 1
(b0:0,b1:42,i1:1,li2:1234567890123456,i3:-555,iter:218)
  flash [0] level 0: Must disable interrupts when writing to flash; this is done automatically.
-----------------------------------------
(re)writing active CFG (unchanged) -- this should report that there's nothing to write as the CFG data has not changed -- at 0x88E40: 1
  flash [0] level 0: Must disable interrupts when writing to flash; this is done automatically.
  flash [1] level 1: Flash sector already contains matching data: skipping write operation.
-----------------------------------------
(re)writing active CFG (unchanged) -- this should report that there's nothing to write as the CFG data has not changed -- at 0x88E40: 1
  flash [0] level 0: Must disable interrupts when writing to flash; this is done automatically.
  flash [1] level 1: Flash sector already contains matching data: skipping write operation.
-----------------------------------------
(re)writing active CFG (unchanged) -- this should report that there's nothing to write as the CFG data has not changed -- at 0x88E40: 1
  flash [0] level 0: Must disable interrupts when writing to flash; this is done automatically.
  flash [1] level 1: Flash sector already contains matching data: skipping write operation.
writing an updated CFG at address 0x88E60: 1
(b0:0,b1:42,i1:1,li2:1234567890123456,i3:-555,iter:219)
  flash [0] level 0: Must disable interrupts when writing to flash; this is done automatically.
-----------------------------------------
(re)writing active CFG (unchanged) -- this should report that there's nothing to write as the CFG data has not changed -- at 0x88E60: 1
  flash [0] level 0: Must disable interrupts when writing to flash; this is done automatically.
  flash [1] level 1: Flash sector already contains matching data: skipping write operation.
-----------------------------------------
(re)writing active CFG (unchanged) -- this should report that there's nothing to write as the CFG data has not changed -- at 0x88E60: 1
  flash [0] level 0: Must disable interrupts when writing to flash; this is done automatically.
  flash [1] level 1: Flash sector already contains matching data: skipping write operation.
-----------------------------------------
(re)writing active CFG (unchanged) -- this should report that there's nothing to write as the CFG data has not changed -- at 0x88E60: 1
  flash [0] level 0: Must disable interrupts when writing to flash; this is done automatically.
  flash [1] level 1: Flash sector already contains matching data: skipping write operation.
writing an updated CFG at address 0x88E80: 1
(b0:0,b1:42,i1:1,li2:1234567890123456,i3:-555,iter:220)
  flash [0] level 0: Must disable interrupts when writing to flash; this is done automatically.
-----------------------------------------
(re)writing active CFG (unchanged) -- this should report that there's nothing to write as the CFG data has not changed -- at 0x88E80: 1
  flash [0] level 0: Must disable interrupts when writing to flash; this is done automatically.
  flash [1] level 1: Flash sector already contains matching data: skipping write operation.
-----------------------------------------
(re)writing active CFG (unchanged) -- this should report that there's nothing to write as the CFG data has not changed -- at 0x88E80: 1
  flash [0] level 0: Must disable interrupts when writing to flash; this is done automatically.
  flash [1] level 1: Flash sector already contains matching data: skipping write operation.
-----------------------------------------
(re)writing active CFG (unchanged) -- this should report that there's nothing to write as the CFG data has not changed -- at 0x88E80: 1
  flash [0] level 0: Must disable interrupts when writing to flash; this is done automatically.
  flash [1] level 1: Flash sector already contains matching data: skipping write operation.
writing an updated CFG at address 0x88EA0: 1
(b0:0,b1:42,i1:1,li2:1234567890123456,i3:-555,iter:221)
  flash [0] level 0: Must disable interrupts when writing to flash; this is done automatically.
-----------------------------------------
(re)writing active CFG (unchanged) -- this should report that there's nothing to write as the CFG data has not changed -- at 0x88EA0: 1
  flash [0] level 0: Must disable interrupts when writing to flash; this is done automatically.
  flash [1] level 1: Flash sector already contains matching data: skipping write operation.
-----------------------------------------
(re)writing active CFG (unchanged) -- this should report that there's nothing to write as the CFG data has not changed -- at 0x88EA0: 1
  flash [0] level 0: Must disable interrupts when writing to flash; this is done automatically.
  flash [1] level 1: Flash sector already contains matching data: skipping write operation.
-----------------------------------------
(re)writing active CFG (unchanged) -- this should report that there's nothing to write as the CFG data has not changed -- at 0x88EA0: 1
  flash [0] level 0: Must disable interrupts when writing to flash; this is done automatically.
  flash [1] level 1: Flash sector already contains matching data: skipping write operation.
writing an updated CFG at address 0x88EC0: 1
(b0:0,b1:42,i1:1,li2:1234567890123456,i3:-555,iter:222)
  flash [0] level 0: Must disable interrupts when writing to flash; this is done automatically.
-----------------------------------------
(re)writing active CFG (unchanged) -- this should report that there's nothing to write as the CFG data has not changed -- at 0x88EC0: 1
  flash [0] level 0: Must disable interrupts when writing to flash; this is done automatically.
  flash [1] level 1: Flash sector already contains matching data: skipping write operation.
-----------------------------------------
(re)writing active CFG (unchanged) -- this should report that there's nothing to write as the CFG data has not changed -- at 0x88EC0: 1
  flash [0] level 0: Must disable interrupts when writing to flash; this is done automatically.
  flash [1] level 1: Flash sector already contains matching data: skipping write operation.
-----------------------------------------
(re)writing active CFG (unchanged) -- this should report that there's nothing to write as the CFG data has not changed -- at 0x88EC0: 1
  flash [0] level 0: Must disable interrupts when writing to flash; this is done automatically.
  flash [1] level 1: Flash sector already contains matching data: skipping write operation.
writing an updated CFG at address 0x88EE0: 1
(b0:0,b1:42,i1:1,li2:1234567890123456,i3:-555,iter:223)
  flash [0] level 0: Must disable interrupts when writing to flash; this is done automatically.
-----------------------------------------
(re)writing active CFG (unchanged) -- this should report that there's nothing to write as the CFG data has not changed -- at 0x88EE0: 1
  flash [0] level 0: Must disable interrupts when writing to flash; this is done automatically.
  flash [1] level 1: Flash sector already contains matching data: skipping write operation.
-----------------------------------------
(re)writing active CFG (unchanged) -- this should report that there's nothing to write as the CFG data has not changed -- at 0x88EE0: 1
  flash [0] level 0: Must disable interrupts when writing to flash; this is done automatically.
  flash [1] level 1: Flash sector already contains matching data: skipping write operation.
-----------------------------------------
(re)writing active CFG (unchanged) -- this should report that there's nothing to write as the CFG data has not changed -- at 0x88EE0: 1
  flash [0] level 0: Must disable interrupts when writing to flash; this is done automatically.
  flash [1] level 1: Flash sector already contains matching data: skipping write operation.
writing an updated CFG at address 0x88F00: 1
(b0:0,b1:42,i1:1,li2:1234567890123456,i3:-555,iter:224)
  flash [0] level 0: Must disable interrupts when writing to flash; this is done automatically.
-----------------------------------------
(re)writing active CFG (unchanged) -- this should report that there's nothing to write as the CFG data has not changed -- at 0x88F00: 1
  flash [0] level 0: Must disable interrupts when writing to flash; this is done automatically.
  flash [1] level 1: Flash sector already contains matching data: skipping write operation.
-----------------------------------------
(re)writing active CFG (unchanged) -- this should report that there's nothing to write as the CFG data has not changed -- at 0x88F00: 1
  flash [0] level 0: Must disable interrupts when writing to flash; this is done automatically.
  flash [1] level 1: Flash sector already contains matching data: skipping write operation.
-----------------------------------------
(re)writing active CFG (unchanged) -- this should report that there's nothing to write as the CFG data has not changed -- at 0x88F00: 1
  flash [0] level 0: Must disable interrupts when writing to flash; this is done automatically.
  flash [1] level 1: Flash sector already contains matching data: skipping write operation.
writing an updated CFG at address 0x88F20: 1
(b0:0,b1:42,i1:1,li2:1234567890123456,i3:-555,iter:225)
  flash [0] level 0: Must disable interrupts when writing to flash; this is done automatically.
-----------------------------------------
(re)writing active CFG (unchanged) -- this should report that there's nothing to write as the CFG data has not changed -- at 0x88F20: 1
  flash [0] level 0: Must disable interrupts when writing to flash; this is done automatically.
  flash [1] level 1: Flash sector already contains matching data: skipping write operation.
-----------------------------------------
(re)writing active CFG (unchanged) -- this should report that there's nothing to write as the CFG data has not changed -- at 0x88F20: 1
  flash [0] level 0: Must disable interrupts when writing to flash; this is done automatically.
  flash [1] level 1: Flash sector already contains matching data: skipping write operation.
-----------------------------------------
(re)writing active CFG (unchanged) -- this should report that there's nothing to write as the CFG data has not changed -- at 0x88F20: 1
  flash [0] level 0: Must disable interrupts when writing to flash; this is done automatically.
  flash [1] level 1: Flash sector already contains matching data: skipping write operation.
writing an updated CFG at address 0x88F40: 1
(b0:0,b1:42,i1:1,li2:1234567890123456,i3:-555,iter:226)
  flash [0] level 0: Must disable interrupts when writing to flash; this is done automatically.
-----------------------------------------
(re)writing active CFG (unchanged) -- this should report that there's nothing to write as the CFG data has not changed -- at 0x88F40: 1
  flash [0] level 0: Must disable interrupts when writing to flash; this is done automatically.
  flash [1] level 1: Flash sector already contains matching data: skipping write operation.
-----------------------------------------
(re)writing active CFG (unchanged) -- this should report that there's nothing to write as the CFG data has not changed -- at 0x88F40: 1
  flash [0] level 0: Must disable interrupts when writing to flash; this is done automatically.
  flash [1] level 1: Flash sector already contains matching data: skipping write operation.
-----------------------------------------
(re)writing active CFG (unchanged) -- this should report that there's nothing to write as the CFG data has not changed -- at 0x88F40: 1
  flash [0] level 0: Must disable interrupts when writing to flash; this is done automatically.
  flash [1] level 1: Flash sector already contains matching data: skipping write operation.
writing an updated CFG at address 0x88F60: 1
(b0:0,b1:42,i1:1,li2:1234567890123456,i3:-555,iter:227)
  flash [0] level 0: Must disable interrupts when writing to flash; this is done automatically.
-----------------------------------------
(re)writing active CFG (unchanged) -- this should report that there's nothing to write as the CFG data has not changed -- at 0x88F60: 1
  flash [0] level 0: Must disable interrupts when writing to flash; this is done automatically.
  flash [1] level 1: Flash sector already contains matching data: skipping write operation.
-----------------------------------------
(re)writing active CFG (unchanged) -- this should report that there's nothing to write as the CFG data has not changed -- at 0x88F60: 1
  flash [0] level 0: Must disable interrupts when writing to flash; this is done automatically.
  flash [1] level 1: Flash sector already contains matching data: skipping write operation.
-----------------------------------------
(re)writing active CFG (unchanged) -- this should report that there's nothing to write as the CFG data has not changed -- at 0x88F60: 1
  flash [0] level 0: Must disable interrupts when writing to flash; this is done automatically.
  flash [1] level 1: Flash sector already contains matching data: skipping write operation.
writing an updated CFG at address 0x88F80: 1
(b0:0,b1:42,i1:1,li2:1234567890123456,i3:-555,iter:228)
  flash [0] level 0: Must disable interrupts when writing to flash; this is done automatically.
-----------------------------------------
(re)writing active CFG (unchanged) -- this should report that there's nothing to write as the CFG data has not changed -- at 0x88F80: 1
  flash [0] level 0: Must disable interrupts when writing to flash; this is done automatically.
  flash [1] level 1: Flash sector already contains matching data: skipping write operation.
-----------------------------------------
(re)writing active CFG (unchanged) -- this should report that there's nothing to write as the CFG data has not changed -- at 0x88F80: 1
  flash [0] level 0: Must disable interrupts when writing to flash; this is done automatically.
  flash [1] level 1: Flash sector already contains matching data: skipping write operation.
-----------------------------------------
(re)writing active CFG (unchanged) -- this should report that there's nothing to write as the CFG data has not changed -- at 0x88F80: 1
  flash [0] level 0: Must disable interrupts when writing to flash; this is done automatically.
  flash [1] level 1: Flash sector already contains matching data: skipping write operation.
writing an updated CFG at address 0x88FA0: 1
(b0:0,b1:42,i1:1,li2:1234567890123456,i3:-555,iter:229)
  flash [0] level 0: Must disable interrupts when writing to flash; this is done automatically.
-----------------------------------------
(re)writing active CFG (unchanged) -- this should report that there's nothing to write as the CFG data has not changed -- at 0x88FA0: 1
  flash [0] level 0: Must disable interrupts when writing to flash; this is done automatically.
  flash [1] level 1: Flash sector already contains matching data: skipping write operation.
-----------------------------------------
(re)writing active CFG (unchanged) -- this should report that there's nothing to write as the CFG data has not changed -- at 0x88FA0: 1
  flash [0] level 0: Must disable interrupts when writing to flash; this is done automatically.
  flash [1] level 1: Flash sector already contains matching data: skipping write operation.
-----------------------------------------
(re)writing active CFG (unchanged) -- this should report that there's nothing to write as the CFG data has not changed -- at 0x88FA0: 1
  flash [0] level 0: Must disable interrupts when writing to flash; this is done automatically.
  flash [1] level 1: Flash sector already contains matching data: skipping write operation.
writing an updated CFG at address 0x88FC0: 1
(b0:0,b1:42,i1:1,li2:1234567890123456,i3:-555,iter:230)
  flash [0] level 0: Must disable interrupts when writing to flash; this is done automatically.
-----------------------------------------
(re)writing active CFG (unchanged) -- this should report that there's nothing to write as the CFG data has not changed -- at 0x88FC0: 1
  flash [0] level 0: Must disable interrupts when writing to flash; this is done automatically.
  flash [1] level 1: Flash sector already contains matching data: skipping write operation.
-----------------------------------------
(re)writing active CFG (unchanged) -- this should report that there's nothing to write as the CFG data has not changed -- at 0x88FC0: 1
  flash [0] level 0: Must disable interrupts when writing to flash; this is done automatically.
  flash [1] level 1: Flash sector already contains matching data: skipping write operation.
-----------------------------------------
(re)writing active CFG (unchanged) -- this should report that there's nothing to write as the CFG data has not changed -- at 0x88FC0: 1
  flash [0] level 0: Must disable interrupts when writing to flash; this is done automatically.
  flash [1] level 1: Flash sector already contains matching data: skipping write operation.
writing an updated CFG at address 0x88FE0: 1
(b0:0,b1:42,i1:1,li2:1234567890123456,i3:-555,iter:231)
  flash [0] level 0: Must disable interrupts when writing to flash; this is done automatically.
-----------------------------------------
(re)writing active CFG (unchanged) -- this should report that there's nothing to write as the CFG data has not changed -- at 0x88FE0: 1
  flash [0] level 0: Must disable interrupts when writing to flash; this is done automatically.
  flash [1] level 1: Flash sector already contains matching data: skipping write operation.
-----------------------------------------
(re)writing active CFG (unchanged) -- this should report that there's nothing to write as the CFG data has not changed -- at 0x88FE0: 1
  flash [0] level 0: Must disable interrupts when writing to flash; this is done automatically.
  flash [1] level 1: Flash sector already contains matching data: skipping write operation.
-----------------------------------------
(re)writing active CFG (unchanged) -- this should report that there's nothing to write as the CFG data has not changed -- at 0x88FE0: 1
  flash [0] level 0: Must disable interrupts when writing to flash; this is done automatically.
  flash [1] level 1: Flash sector already contains matching data: skipping write operation.
writing an updated CFG at address 0x89000: 1
(b0:0,b1:42,i1:1,li2:1234567890123456,i3:-555,iter:232)
  flash [0] level 0: Must disable interrupts when writing to flash; this is done automatically.
-----------------------------------------
(re)writing active CFG (unchanged) -- this should report that there's nothing to write as the CFG data has not changed -- at 0x89000: 1
  flash [0] level 0: Must disable interrupts when writing to flash; this is done automatically.
  flash [1] level 1: Flash sector already contains matching data: skipping write operation.
-----------------------------------------
(re)writing active CFG (unchanged) -- this should report that there's nothing to write as the CFG data has not changed -- at 0x89000: 1
  flash [0] level 0: Must disable interrupts when writing to flash; this is done automatically.
  flash [1] level 1: Flash sector already contains matching data: skipping write operation.
-----------------------------------------
(re)writing active CFG (unchanged) -- this should report that there's nothing to write as the CFG data has not changed -- at 0x89000: 1
  flash [0] level 0: Must disable interrupts when writing to flash; this is done automatically.
  flash [1] level 1: Flash sector already contains matching data: skipping write operation.
writing an updated CFG at address 0x89020: 1
(b0:0,b1:42,i1:1,li2:1234567890123456,i3:-555,iter:233)
  flash [0] level 0: Must disable interrupts when writing to flash; this is done automatically.
-----------------------------------------
(re)writing active CFG (unchanged) -- this should report that there's nothing to write as the CFG data has not changed -- at 0x89020: 1
  flash [0] level 0: Must disable interrupts when writing to flash; this is done automatically.
  flash [1] level 1: Flash sector already contains matching data: skipping write operation.
-----------------------------------------
(re)writing active CFG (unchanged) -- this should report that there's nothing to write as the CFG data has not changed -- at 0x89020: 1
  flash [0] level 0: Must disable interrupts when writing to flash; this is done automatically.
  flash [1] level 1: Flash sector already contains matching data: skipping write operation.
-----------------------------------------
(re)writing active CFG (unchanged) -- this should report that there's nothing to write as the CFG data has not changed -- at 0x89020: 1
  flash [0] level 0: Must disable interrupts when writing to flash; this is done automatically.
  flash [1] level 1: Flash sector already contains matching data: skipping write operation.
writing an updated CFG at address 0x89040: 1
(b0:0,b1:42,i1:1,li2:1234567890123456,i3:-555,iter:234)
  flash [0] level 0: Must disable interrupts when writing to flash; this is done automatically.
-----------------------------------------
(re)writing active CFG (unchanged) -- this should report that there's nothing to write as the CFG data has not changed -- at 0x89040: 1
  flash [0] level 0: Must disable interrupts when writing to flash; this is done automatically.
  flash [1] level 1: Flash sector already contains matching data: skipping write operation.
-----------------------------------------
(re)writing active CFG (unchanged) -- this should report that there's nothing to write as the CFG data has not changed -- at 0x89040: 1
  flash [0] level 0: Must disable interrupts when writing to flash; this is done automatically.
  flash [1] level 1: Flash sector already contains matching data: skipping write operation.
-----------------------------------------
(re)writing active CFG (unchanged) -- this should report that there's nothing to write as the CFG data has not changed -- at 0x89040: 1
  flash [0] level 0: Must disable interrupts when writing to flash; this is done automatically.
  flash [1] level 1: Flash sector already contains matching data: skipping write operation.
writing an updated CFG at address 0x89060: 1
(b0:0,b1:42,i1:1,li2:1234567890123456,i3:-555,iter:235)
  flash [0] level 0: Must disable interrupts when writing to flash; this is done automatically.
-----------------------------------------
(re)writing active CFG (unchanged) -- this should report that there's nothing to write as the CFG data has not changed -- at 0x89060: 1
  flash [0] level 0: Must disable interrupts when writing to flash; this is done automatically.
  flash [1] level 1: Flash sector already contains matching data: skipping write operation.
-----------------------------------------
(re)writing active CFG (unchanged) -- this should report that there's nothing to write as the CFG data has not changed -- at 0x89060: 1
  flash [0] level 0: Must disable interrupts when writing to flash; this is done automatically.
  flash [1] level 1: Flash sector already contains matching data: skipping write operation.
-----------------------------------------
(re)writing active CFG (unchanged) -- this should report that there's nothing to write as the CFG data has not changed -- at 0x89060: 1
  flash [0] level 0: Must disable interrupts when writing to flash; this is done automatically.
  flash [1] level 1: Flash sector already contains matching data: skipping write operation.
writing an updated CFG at address 0x89080: 1
(b0:0,b1:42,i1:1,li2:1234567890123456,i3:-555,iter:236)
  flash [0] level 0: Must disable interrupts when writing to flash; this is done automatically.
-----------------------------------------
(re)writing active CFG (unchanged) -- this should report that there's nothing to write as the CFG data has not changed -- at 0x89080: 1
  flash [0] level 0: Must disable interrupts when writing to flash; this is done automatically.
  flash [1] level 1: Flash sector already contains matching data: skipping write operation.
-----------------------------------------
(re)writing active CFG (unchanged) -- this should report that there's nothing to write as the CFG data has not changed -- at 0x89080: 1
  flash [0] level 0: Must disable interrupts when writing to flash; this is done automatically.
  flash [1] level 1: Flash sector already contains matching data: skipping write operation.
-----------------------------------------
(re)writing active CFG (unchanged) -- this should report that there's nothing to write as the CFG data has not changed -- at 0x89080: 1
  flash [0] level 0: Must disable interrupts when writing to flash; this is done automatically.
  flash [1] level 1: Flash sector already contains matching data: skipping write operation.
writing an updated CFG at address 0x890A0: 1
(b0:0,b1:42,i1:1,li2:1234567890123456,i3:-555,iter:237)
  flash [0] level 0: Must disable interrupts when writing to flash; this is done automatically.
-----------------------------------------
(re)writing active CFG (unchanged) -- this should report that there's nothing to write as the CFG data has not changed -- at 0x890A0: 1
  flash [0] level 0: Must disable interrupts when writing to flash; this is done automatically.
  flash [1] level 1: Flash sector already contains matching data: skipping write operation.
-----------------------------------------
(re)writing active CFG (unchanged) -- this should report that there's nothing to write as the CFG data has not changed -- at 0x890A0: 1
  flash [0] level 0: Must disable interrupts when writing to flash; this is done automatically.
  flash [1] level 1: Flash sector already contains matching data: skipping write operation.
-----------------------------------------
(re)writing active CFG (unchanged) -- this should report that there's nothing to write as the CFG data has not changed -- at 0x890A0: 1
  flash [0] level 0: Must disable interrupts when writing to flash; this is done automatically.
  flash [1] level 1: Flash sector already contains matching data: skipping write operation.
writing an updated CFG at address 0x890C0: 1
(b0:0,b1:42,i1:1,li2:1234567890123456,i3:-555,iter:238)
  flash [0] level 0: Must disable interrupts when writing to flash; this is done automatically.
-----------------------------------------
(re)writing active CFG (unchanged) -- this should report that there's nothing to write as the CFG data has not changed -- at 0x890C0: 1
  flash [0] level 0: Must disable interrupts when writing to flash; this is done automatically.
  flash [1] level 1: Flash sector already contains matching data: skipping write operation.
-----------------------------------------
(re)writing active CFG (unchanged) -- this should report that there's nothing to write as the CFG data has not changed -- at 0x890C0: 1
  flash [0] level 0: Must disable interrupts when writing to flash; this is done automatically.
  flash [1] level 1: Flash sector already contains matching data: skipping write operation.
-----------------------------------------
(re)writing active CFG (unchanged) -- this should report that there's nothing to write as the CFG data has not changed -- at 0x890C0: 1
  flash [0] level 0: Must disable interrupts when writing to flash; this is done automatically.
  flash [1] level 1: Flash sector already contains matching data: skipping write operation.
writing an updated CFG at address 0x890E0: 1
(b0:0,b1:42,i1:1,li2:1234567890123456,i3:-555,iter:239)
  flash [0] level 0: Must disable interrupts when writing to flash; this is done automatically.
-----------------------------------------
(re)writing active CFG (unchanged) -- this should report that there's nothing to write as the CFG data has not changed -- at 0x890E0: 1
  flash [0] level 0: Must disable interrupts when writing to flash; this is done automatically.
  flash [1] level 1: Flash sector already contains matching data: skipping write operation.
-----------------------------------------
(re)writing active CFG (unchanged) -- this should report that there's nothing to write as the CFG data has not changed -- at 0x890E0: 1
  flash [0] level 0: Must disable interrupts when writing to flash; this is done automatically.
  flash [1] level 1: Flash sector already contains matching data: skipping write operation.
-----------------------------------------
(re)writing active CFG (unchanged) -- this should report that there's nothing to write as the CFG data has not changed -- at 0x890E0: 1
  flash [0] level 0: Must disable interrupts when writing to flash; this is done automatically.
  flash [1] level 1: Flash sector already contains matching data: skipping write operation.
writing an updated CFG at address 0x89100: 1
(b0:0,b1:42,i1:1,li2:1234567890123456,i3:-555,iter:240)
  flash [0] level 0: Must disable interrupts when writing to flash; this is done automatically.
-----------------------------------------
(re)writing active CFG (unchanged) -- this should report that there's nothing to write as the CFG data has not changed -- at 0x89100: 1
  flash [0] level 0: Must disable interrupts when writing to flash; this is done automatically.
  flash [1] level 1: Flash sector already contains matching data: skipping write operation.
-----------------------------------------
(re)writing active CFG (unchanged) -- this should report that there's nothing to write as the CFG data has not changed -- at 0x89100: 1
  flash [0] level 0: Must disable interrupts when writing to flash; this is done automatically.
  flash [1] level 1: Flash sector already contains matching data: skipping write operation.
-----------------------------------------
(re)writing active CFG (unchanged) -- this should report that there's nothing to write as the CFG data has not changed -- at 0x89100: 1
  flash [0] level 0: Must disable interrupts when writing to flash; this is done automatically.
  flash [1] level 1: Flash sector already contains matching data: skipping write operation.
writing an updated CFG at address 0x89120: 1
(b0:0,b1:42,i1:1,li2:1234567890123456,i3:-555,iter:241)
  flash [0] level 0: Must disable interrupts when writing to flash; this is done automatically.
-----------------------------------------
(re)writing active CFG (unchanged) -- this should report that there's nothing to write as the CFG data has not changed -- at 0x89120: 1
  flash [0] level 0: Must disable interrupts when writing to flash; this is done automatically.
  flash [1] level 1: Flash sector already contains matching data: skipping write operation.
-----------------------------------------
(re)writing active CFG (unchanged) -- this should report that there's nothing to write as the CFG data has not changed -- at 0x89120: 1
  flash [0] level 0: Must disable interrupts when writing to flash; this is done automatically.
  flash [1] level 1: Flash sector already contains matching data: skipping write operation.
-----------------------------------------
(re)writing active CFG (unchanged) -- this should report that there's nothing to write as the CFG data has not changed -- at 0x89120: 1
  flash [0] level 0: Must disable interrupts when writing to flash; this is done automatically.
  flash [1] level 1: Flash sector already contains matching data: skipping write operation.
writing an updated CFG at address 0x89140: 1
(b0:0,b1:42,i1:1,li2:1234567890123456,i3:-555,iter:242)
  flash [0] level 0: Must disable interrupts when writing to flash; this is done automatically.
-----------------------------------------
(re)writing active CFG (unchanged) -- this should report that there's nothing to write as the CFG data has not changed -- at 0x89140: 1
  flash [0] level 0: Must disable interrupts when writing to flash; this is done automatically.
  flash [1] level 1: Flash sector already contains matching data: skipping write operation.
-----------------------------------------
(re)writing active CFG (unchanged) -- this should report that there's nothing to write as the CFG data has not changed -- at 0x89140: 1
  flash [0] level 0: Must disable interrupts when writing to flash; this is done automatically.
  flash [1] level 1: Flash sector already contains matching data: skipping write operation.
-----------------------------------------
(re)writing active CFG (unchanged) -- this should report that there's nothing to write as the CFG data has not changed -- at 0x89140: 1
  flash [0] level 0: Must disable interrupts when writing to flash; this is done automatically.
  flash [1] level 1: Flash sector already contains matching data: skipping write operation.
writing an updated CFG at address 0x89160: 1
(b0:0,b1:42,i1:1,li2:1234567890123456,i3:-555,iter:243)
  flash [0] level 0: Must disable interrupts when writing to flash; this is done automatically.
-----------------------------------------
(re)writing active CFG (unchanged) -- this should report that there's nothing to write as the CFG data has not changed -- at 0x89160: 1
  flash [0] level 0: Must disable interrupts when writing to flash; this is done automatically.
  flash [1] level 1: Flash sector already contains matching data: skipping write operation.
-----------------------------------------
(re)writing active CFG (unchanged) -- this should report that there's nothing to write as the CFG data has not changed -- at 0x89160: 1
  flash [0] level 0: Must disable interrupts when writing to flash; this is done automatically.
  flash [1] level 1: Flash sector already contains matching data: skipping write operation.
-----------------------------------------
(re)writing active CFG (unchanged) -- this should report that there's nothing to write as the CFG data has not changed -- at 0x89160: 1
  flash [0] level 0: Must disable interrupts when writing to flash; this is done automatically.
  flash [1] level 1: Flash sector already contains matching data: skipping write operation.
writing an updated CFG at address 0x89180: 1
(b0:0,b1:42,i1:1,li2:1234567890123456,i3:-555,iter:244)
  flash [0] level 0: Must disable interrupts when writing to flash; this is done automatically.
-----------------------------------------
(re)writing active CFG (unchanged) -- this should report that there's nothing to write as the CFG data has not changed -- at 0x89180: 1
  flash [0] level 0: Must disable interrupts when writing to flash; this is done automatically.
  flash [1] level 1: Flash sector already contains matching data: skipping write operation.
-----------------------------------------
(re)writing active CFG (unchanged) -- this should report that there's nothing to write as the CFG data has not changed -- at 0x89180: 1
  flash [0] level 0: Must disable interrupts when writing to flash; this is done automatically.
  flash [1] level 1: Flash sector already contains matching data: skipping write operation.
-----------------------------------------
(re)writing active CFG (unchanged) -- this should report that there's nothing to write as the CFG data has not changed -- at 0x89180: 1
  flash [0] level 0: Must disable interrupts when writing to flash; this is done automatically.
  flash [1] level 1: Flash sector already contains matching data: skipping write operation.
writing an updated CFG at address 0x891A0: 1
(b0:0,b1:42,i1:1,li2:1234567890123456,i3:-555,iter:245)
  flash [0] level 0: Must disable interrupts when writing to flash; this is done automatically.
-----------------------------------------
(re)writing active CFG (unchanged) -- this should report that there's nothing to write as the CFG data has not changed -- at 0x891A0: 1
  flash [0] level 0: Must disable interrupts when writing to flash; this is done automatically.
  flash [1] level 1: Flash sector already contains matching data: skipping write operation.
-----------------------------------------
(re)writing active CFG (unchanged) -- this should report that there's nothing to write as the CFG data has not changed -- at 0x891A0: 1
  flash [0] level 0: Must disable interrupts when writing to flash; this is done automatically.
  flash [1] level 1: Flash sector already contains matching data: skipping write operation.
-----------------------------------------
(re)writing active CFG (unchanged) -- this should report that there's nothing to write as the CFG data has not changed -- at 0x891A0: 1
  flash [0] level 0: Must disable interrupts when writing to flash; this is done automatically.
  flash [1] level 1: Flash sector already contains matching data: skipping write operation.
writing an updated CFG at address 0x891C0: 1
(b0:0,b1:42,i1:1,li2:1234567890123456,i3:-555,iter:246)
  flash [0] level 0: Must disable interrupts when writing to flash; this is done automatically.
-----------------------------------------
(re)writing active CFG (unchanged) -- this should report that there's nothing to write as the CFG data has not changed -- at 0x891C0: 1
  flash [0] level 0: Must disable interrupts when writing to flash; this is done automatically.
  flash [1] level 1: Flash sector already contains matching data: skipping write operation.
-----------------------------------------
(re)writing active CFG (unchanged) -- this should report that there's nothing to write as the CFG data has not changed -- at 0x891C0: 1
  flash [0] level 0: Must disable interrupts when writing to flash; this is done automatically.
  flash [1] level 1: Flash sector already contains matching data: skipping write operation.
-----------------------------------------
(re)writing active CFG (unchanged) -- this should report that there's nothing to write as the CFG data has not changed -- at 0x891C0: 1
  flash [0] level 0: Must disable interrupts when writing to flash; this is done automatically.
  flash [1] level 1: Flash sector already contains matching data: skipping write operation.
writing an updated CFG at address 0x891E0: 1
(b0:0,b1:42,i1:1,li2:1234567890123456,i3:-555,iter:247)
  flash [0] level 0: Must disable interrupts when writing to flash; this is done automatically.
-----------------------------------------
(re)writing active CFG (unchanged) -- this should report that there's nothing to write as the CFG data has not changed -- at 0x891E0: 1
  flash [0] level 0: Must disable interrupts when writing to flash; this is done automatically.
  flash [1] level 1: Flash sector already contains matching data: skipping write operation.
-----------------------------------------
(re)writing active CFG (unchanged) -- this should report that there's nothing to write as the CFG data has not changed -- at 0x891E0: 1
  flash [0] level 0: Must disable interrupts when writing to flash; this is done automatically.
  flash [1] level 1: Flash sector already contains matching data: skipping write operation.
-----------------------------------------
(re)writing active CFG (unchanged) -- this should report that there's nothing to write as the CFG data has not changed -- at 0x891E0: 1
  flash [0] level 0: Must disable interrupts when writing to flash; this is done automatically.
  flash [1] level 1: Flash sector already contains matching data: skipping write operation.
writing an updated CFG at address 0x89200: 1
(b0:0,b1:42,i1:1,li2:1234567890123456,i3:-555,iter:248)
  flash [0] level 0: Must disable interrupts when writing to flash; this is done automatically.
-----------------------------------------
(re)writing active CFG (unchanged) -- this should report that there's nothing to write as the CFG data has not changed -- at 0x89200: 1
  flash [0] level 0: Must disable interrupts when writing to flash; this is done automatically.
  flash [1] level 1: Flash sector already contains matching data: skipping write operation.
-----------------------------------------
(re)writing active CFG (unchanged) -- this should report that there's nothing to write as the CFG data has not changed -- at 0x89200: 1
  flash [0] level 0: Must disable interrupts when writing to flash; this is done automatically.
  flash [1] level 1: Flash sector already contains matching data: skipping write operation.
-----------------------------------------
(re)writing active CFG (unchanged) -- this should report that there's nothing to write as the CFG data has not changed -- at 0x89200: 1
  flash [0] level 0: Must disable interrupts when writing to flash; this is done automatically.
  flash [1] level 1: Flash sector already contains matching data: skipping write operation.
writing an updated CFG at address 0x89220: 1
(b0:0,b1:42,i1:1,li2:1234567890123456,i3:-555,iter:249)
  flash [0] level 0: Must disable interrupts when writing to flash; this is done automatically.
-----------------------------------------
(re)writing active CFG (unchanged) -- this should report that there's nothing to write as the CFG data has not changed -- at 0x89220: 1
  flash [0] level 0: Must disable interrupts when writing to flash; this is done automatically.
  flash [1] level 1: Flash sector already contains matching data: skipping write operation.
-----------------------------------------
(re)writing active CFG (unchanged) -- this should report that there's nothing to write as the CFG data has not changed -- at 0x89220: 1
  flash [0] level 0: Must disable interrupts when writing to flash; this is done automatically.
  flash [1] level 1: Flash sector already contains matching data: skipping write operation.
-----------------------------------------
(re)writing active CFG (unchanged) -- this should report that there's nothing to write as the CFG data has not changed -- at 0x89220: 1
  flash [0] level 0: Must disable interrupts when writing to flash; this is done automatically.
  flash [1] level 1: Flash sector already contains matching data: skipping write operation.
writing an updated CFG at address 0x89240: 1
(b0:0,b1:42,i1:1,li2:1234567890123456,i3:-555,iter:250)
  flash [0] level 0: Must disable interrupts when writing to flash; this is done automatically.
-----------------------------------------
(re)writing active CFG (unchanged) -- this should report that there's nothing to write as the CFG data has not changed -- at 0x89240: 1
  flash [0] level 0: Must disable interrupts when writing to flash; this is done automatically.
  flash [1] level 1: Flash sector already contains matching data: skipping write operation.
-----------------------------------------
(re)writing active CFG (unchanged) -- this should report that there's nothing to write as the CFG data has not changed -- at 0x89240: 1
  flash [0] level 0: Must disable interrupts when writing to flash; this is done automatically.
  flash [1] level 1: Flash sector already contains matching data: skipping write operation.
-----------------------------------------
(re)writing active CFG (unchanged) -- this should report that there's nothing to write as the CFG data has not changed -- at 0x89240: 1
  flash [0] level 0: Must disable interrupts when writing to flash; this is done automatically.
  flash [1] level 1: Flash sector already contains matching data: skipping write operation.
writing an updated CFG at address 0x89260: 1
(b0:0,b1:42,i1:1,li2:1234567890123456,i3:-555,iter:251)
  flash [0] level 0: Must disable interrupts when writing to flash; this is done automatically.
-----------------------------------------
(re)writing active CFG (unchanged) -- this should report that there's nothing to write as the CFG data has not changed -- at 0x89260: 1
  flash [0] level 0: Must disable interrupts when writing to flash; this is done automatically.
  flash [1] level 1: Flash sector already contains matching data: skipping write operation.
-----------------------------------------
(re)writing active CFG (unchanged) -- this should report that there's nothing to write as the CFG data has not changed -- at 0x89260: 1
  flash [0] level 0: Must disable interrupts when writing to flash; this is done automatically.
  flash [1] level 1: Flash sector already contains matching data: skipping write operation.
-----------------------------------------
(re)writing active CFG (unchanged) -- this should report that there's nothing to write as the CFG data has not changed -- at 0x89260: 1
  flash [0] level 0: Must disable interrupts when writing to flash; this is done automatically.
  flash [1] level 1: Flash sector already contains matching data: skipping write operation.
writing an updated CFG at address 0x89280: 1
(b0:0,b1:42,i1:1,li2:1234567890123456,i3:-555,iter:252)
  flash [0] level 0: Must disable interrupts when writing to flash; this is done automatically.
-----------------------------------------
(re)writing active CFG (unchanged) -- this should report that there's nothing to write as the CFG data has not changed -- at 0x89280: 1
  flash [0] level 0: Must disable interrupts when writing to flash; this is done automatically.
  flash [1] level 1: Flash sector already contains matching data: skipping write operation.
-----------------------------------------
(re)writing active CFG (unchanged) -- this should report that there's nothing to write as the CFG data has not changed -- at 0x89280: 1
  flash [0] level 0: Must disable interrupts when writing to flash; this is done automatically.
  flash [1] level 1: Flash sector already contains matching data: skipping write operation.
-----------------------------------------
(re)writing active CFG (unchanged) -- this should report that there's nothing to write as the CFG data has not changed -- at 0x89280: 1
  flash [0] level 0: Must disable interrupts when writing to flash; this is done automatically.
  flash [1] level 1: Flash sector already contains matching data: skipping write operation.
writing an updated CFG at address 0x892A0: 1
(b0:0,b1:42,i1:1,li2:1234567890123456,i3:-555,iter:253)
  flash [0] level 0: Must disable interrupts when writing to flash; this is done automatically.
-----------------------------------------
(re)writing active CFG (unchanged) -- this should report that there's nothing to write as the CFG data has not changed -- at 0x892A0: 1
  flash [0] level 0: Must disable interrupts when writing to flash; this is done automatically.
  flash [1] level 1: Flash sector already contains matching data: skipping write operation.
-----------------------------------------
(re)writing active CFG (unchanged) -- this should report that there's nothing to write as the CFG data has not changed -- at 0x892A0: 1
  flash [0] level 0: Must disable interrupts when writing to flash; this is done automatically.
  flash [1] level 1: Flash sector already contains matching data: skipping write operation.
-----------------------------------------
(re)writing active CFG (unchanged) -- this should report that there's nothing to write as the CFG data has not changed -- at 0x892A0: 1
  flash [0] level 0: Must disable interrupts when writing to flash; this is done automatically.
  flash [1] level 1: Flash sector already contains matching data: skipping write operation.
writing an updated CFG at address 0x892C0: 1
(b0:0,b1:42,i1:1,li2:1234567890123456,i3:-555,iter:254)
  flash [0] level 0: Must disable interrupts when writing to flash; this is done automatically.
-----------------------------------------
(re)writing active CFG (unchanged) -- this should report that there's nothing to write as the CFG data has not changed -- at 0x892C0: 1
  flash [0] level 0: Must disable interrupts when writing to flash; this is done automatically.
  flash [1] level 1: Flash sector already contains matching data: skipping write operation.
-----------------------------------------
(re)writing active CFG (unchanged) -- this should report that there's nothing to write as the CFG data has not changed -- at 0x892C0: 1
  flash [0] level 0: Must disable interrupts when writing to flash; this is done automatically.
  flash [1] level 1: Flash sector already contains matching data: skipping write operation.
-----------------------------------------
(re)writing active CFG (unchanged) -- this should report that there's nothing to write as the CFG data has not changed -- at 0x892C0: 1
  flash [0] level 0: Must disable interrupts when writing to flash; this is done automatically.
  flash [1] level 1: Flash sector already contains matching data: skipping write operation.
writing an updated CFG at address 0x892E0: 1
(b0:0,b1:42,i1:1,li2:1234567890123456,i3:-555,iter:255)
  flash [0] level 0: Must disable interrupts when writing to flash; this is done automatically.
-----------------------------------------
(re)writing active CFG (unchanged) -- this should report that there's nothing to write as the CFG data has not changed -- at 0x892E0: 1
  flash [0] level 0: Must disable interrupts when writing to flash; this is done automatically.
  flash [1] level 1: Flash sector already contains matching data: skipping write operation.
-----------------------------------------
(re)writing active CFG (unchanged) -- this should report that there's nothing to write as the CFG data has not changed -- at 0x892E0: 1
  flash [0] level 0: Must disable interrupts when writing to flash; this is done automatically.
  flash [1] level 1: Flash sector already contains matching data: skipping write operation.
-----------------------------------------
(re)writing active CFG (unchanged) -- this should report that there's nothing to write as the CFG data has not changed -- at 0x892E0: 1
  flash [0] level 0: Must disable interrupts when writing to flash; this is done automatically.
  flash [1] level 1: Flash sector already contains matching data: skipping write operation.
writing an updated CFG at address 0x89300: 1
(b0:0,b1:42,i1:1,li2:1234567890123456,i3:-555,iter:256)
  flash [0] level 0: Must disable interrupts when writing to flash; this is done automatically.
-----------------------------------------
(re)writing active CFG (unchanged) -- this should report that there's nothing to write as the CFG data has not changed -- at 0x89300: 1
  flash [0] level 0: Must disable interrupts when writing to flash; this is done automatically.
  flash [1] level 1: Flash sector already contains matching data: skipping write operation.
-----------------------------------------
(re)writing active CFG (unchanged) -- this should report that there's nothing to write as the CFG data has not changed -- at 0x89300: 1
  flash [0] level 0: Must disable interrupts when writing to flash; this is done automatically.
  flash [1] level 1: Flash sector already contains matching data: skipping write operation.
-----------------------------------------
(re)writing active CFG (unchanged) -- this should report that there's nothing to write as the CFG data has not changed -- at 0x89300: 1
  flash [0] level 0: Must disable interrupts when writing to flash; this is done automatically.
  flash [1] level 1: Flash sector already contains matching data: skipping write operation.
writing an updated CFG at address 0x89320: 1
(b0:0,b1:42,i1:1,li2:1234567890123456,i3:-555,iter:257)
  flash [0] level 0: Must disable interrupts when writing to flash; this is done automatically.
-----------------------------------------
(re)writing active CFG (unchanged) -- this should report that there's nothing to write as the CFG data has not changed -- at 0x89320: 1
  flash [0] level 0: Must disable interrupts when writing to flash; this is done automatically.
  flash [1] level 1: Flash sector already contains matching data: skipping write operation.
-----------------------------------------
(re)writing active CFG (unchanged) -- this should report that there's nothing to write as the CFG data has not changed -- at 0x89320: 1
  flash [0] level 0: Must disable interrupts when writing to flash; this is done automatically.
  flash [1] level 1: Flash sector already contains matching data: skipping write operation.
-----------------------------------------
(re)writing active CFG (unchanged) -- this should report that there's nothing to write as the CFG data has not changed -- at 0x89320: 1
  flash [0] level 0: Must disable interrupts when writing to flash; this is done automatically.
  flash [1] level 1: Flash sector already contains matching data: skipping write operation.
writing an updated CFG at address 0x89340: 1
(b0:0,b1:42,i1:1,li2:1234567890123456,i3:-555,iter:258)
  flash [0] level 0: Must disable interrupts when writing to flash; this is done automatically.
-----------------------------------------
(re)writing active CFG (unchanged) -- this should report that there's nothing to write as the CFG data has not changed -- at 0x89340: 1
  flash [0] level 0: Must disable interrupts when writing to flash; this is done automatically.
  flash [1] level 1: Flash sector already contains matching data: skipping write operation.
-----------------------------------------
(re)writing active CFG (unchanged) -- this should report that there's nothing to write as the CFG data has not changed -- at 0x89340: 1
  flash [0] level 0: Must disable interrupts when writing to flash; this is done automatically.
  flash [1] level 1: Flash sector already contains matching data: skipping write operation.
-----------------------------------------
(re)writing active CFG (unchanged) -- this should report that there's nothing to write as the CFG data has not changed -- at 0x89340: 1
  flash [0] level 0: Must disable interrupts when writing to flash; this is done automatically.
  flash [1] level 1: Flash sector already contains matching data: skipping write operation.
writing an updated CFG at address 0x89360: 1
(b0:0,b1:42,i1:1,li2:1234567890123456,i3:-555,iter:259)
  flash [0] level 0: Must disable interrupts when writing to flash; this is done automatically.
-----------------------------------------
(re)writing active CFG (unchanged) -- this should report that there's nothing to write as the CFG data has not changed -- at 0x89360: 1
  flash [0] level 0: Must disable interrupts when writing to flash; this is done automatically.
  flash [1] level 1: Flash sector already contains matching data: skipping write operation.
-----------------------------------------
(re)writing active CFG (unchanged) -- this should report that there's nothing to write as the CFG data has not changed -- at 0x89360: 1
  flash [0] level 0: Must disable interrupts when writing to flash; this is done automatically.
  flash [1] level 1: Flash sector already contains matching data: skipping write operation.
-----------------------------------------
(re)writing active CFG (unchanged) -- this should report that there's nothing to write as the CFG data has not changed -- at 0x89360: 1
  flash [0] level 0: Must disable interrupts when writing to flash; this is done automatically.
  flash [1] level 1: Flash sector already contains matching data: skipping write operation.
writing an updated CFG at address 0x89380: 1
(b0:0,b1:42,i1:1,li2:1234567890123456,i3:-555,iter:260)
  flash [0] level 0: Must disable interrupts when writing to flash; this is done automatically.
-----------------------------------------
(re)writing active CFG (unchanged) -- this should report that there's nothing to write as the CFG data has not changed -- at 0x89380: 1
  flash [0] level 0: Must disable interrupts when writing to flash; this is done automatically.
  flash [1] level 1: Flash sector already contains matching data: skipping write operation.
-----------------------------------------
(re)writing active CFG (unchanged) -- this should report that there's nothing to write as the CFG data has not changed -- at 0x89380: 1
  flash [0] level 0: Must disable interrupts when writing to flash; this is done automatically.
  flash [1] level 1: Flash sector already contains matching data: skipping write operation.
-----------------------------------------
(re)writing active CFG (unchanged) -- this should report that there's nothing to write as the CFG data has not changed -- at 0x89380: 1
  flash [0] level 0: Must disable interrupts when writing to flash; this is done automatically.
  flash [1] level 1: Flash sector already contains matching data: skipping write operation.
writing an updated CFG at address 0x893A0: 1
(b0:0,b1:42,i1:1,li2:1234567890123456,i3:-555,iter:261)
  flash [0] level 0: Must disable interrupts when writing to flash; this is done automatically.
-----------------------------------------
(re)writing active CFG (unchanged) -- this should report that there's nothing to write as the CFG data has not changed -- at 0x893A0: 1
  flash [0] level 0: Must disable interrupts when writing to flash; this is done automatically.
  flash [1] level 1: Flash sector already contains matching data: skipping write operation.
-----------------------------------------
(re)writing active CFG (unchanged) -- this should report that there's nothing to write as the CFG data has not changed -- at 0x893A0: 1
  flash [0] level 0: Must disable interrupts when writing to flash; this is done automatically.
  flash [1] level 1: Flash sector already contains matching data: skipping write operation.
-----------------------------------------
(re)writing active CFG (unchanged) -- this should report that there's nothing to write as the CFG data has not changed -- at 0x893A0: 1
  flash [0] level 0: Must disable interrupts when writing to flash; this is done automatically.
  flash [1] level 1: Flash sector already contains matching data: skipping write operation.
writing an updated CFG at address 0x893C0: 1
(b0:0,b1:42,i1:1,li2:1234567890123456,i3:-555,iter:262)
  flash [0] level 0: Must disable interrupts when writing to flash; this is done automatically.
-----------------------------------------
(re)writing active CFG (unchanged) -- this should report that there's nothing to write as the CFG data has not changed -- at 0x893C0: 1
  flash [0] level 0: Must disable interrupts when writing to flash; this is done automatically.
  flash [1] level 1: Flash sector already contains matching data: skipping write operation.
-----------------------------------------
(re)writing active CFG (unchanged) -- this should report that there's nothing to write as the CFG data has not changed -- at 0x893C0: 1
  flash [0] level 0: Must disable interrupts when writing to flash; this is done automatically.
  flash [1] level 1: Flash sector already contains matching data: skipping write operation.
-----------------------------------------
(re)writing active CFG (unchanged) -- this should report that there's nothing to write as the CFG data has not changed -- at 0x893C0: 1
  flash [0] level 0: Must disable interrupts when writing to flash; this is done automatically.
  flash [1] level 1: Flash sector already contains matching data: skipping write operation.
writing an updated CFG at address 0x893E0: 1
(b0:0,b1:42,i1:1,li2:1234567890123456,i3:-555,iter:263)
  flash [0] level 0: Must disable interrupts when writing to flash; this is done automatically.
-----------------------------------------
(re)writing active CFG (unchanged) -- this should report that there's nothing to write as the CFG data has not changed -- at 0x893E0: 1
  flash [0] level 0: Must disable interrupts when writing to flash; this is done automatically.
  flash [1] level 1: Flash sector already contains matching data: skipping write operation.
-----------------------------------------
(re)writing active CFG (unchanged) -- this should report that there's nothing to write as the CFG data has not changed -- at 0x893E0: 1
  flash [0] level 0: Must disable interrupts when writing to flash; this is done automatically.
  flash [1] level 1: Flash sector already contains matching data: skipping write operation.
-----------------------------------------
(re)writing active CFG (unchanged) -- this should report that there's nothing to write as the CFG data has not changed -- at 0x893E0: 1
  flash [0] level 0: Must disable interrupts when writing to flash; this is done automatically.
  flash [1] level 1: Flash sector already contains matching data: skipping write operation.
writing an updated CFG at address 0x89400: 1
(b0:0,b1:42,i1:1,li2:1234567890123456,i3:-555,iter:264)
  flash [0] level 0: Must disable interrupts when writing to flash; this is done automatically.
-----------------------------------------
(re)writing active CFG (unchanged) -- this should report that there's nothing to write as the CFG data has not changed -- at 0x89400: 1
  flash [0] level 0: Must disable interrupts when writing to flash; this is done automatically.
  flash [1] level 1: Flash sector already contains matching data: skipping write operation.
-----------------------------------------
(re)writing active CFG (unchanged) -- this should report that there's nothing to write as the CFG data has not changed -- at 0x89400: 1
  flash [0] level 0: Must disable interrupts when writing to flash; this is done automatically.
  flash [1] level 1: Flash sector already contains matching data: skipping write operation.
-----------------------------------------
(re)writing active CFG (unchanged) -- this should report that there's nothing to write as the CFG data has not changed -- at 0x89400: 1
  flash [0] level 0: Must disable interrupts when writing to flash; this is done automatically.
  flash [1] level 1: Flash sector already contains matching data: skipping write operation.
writing an updated CFG at address 0x89420: 1
(b0:0,b1:42,i1:1,li2:1234567890123456,i3:-555,iter:265)
  flash [0] level 0: Must disable interrupts when writing to flash; this is done automatically.
-----------------------------------------
(re)writing active CFG (unchanged) -- this should report that there's nothing to write as the CFG data has not changed -- at 0x89420: 1
  flash [0] level 0: Must disable interrupts when writing to flash; this is done automatically.
  flash [1] level 1: Flash sector already contains matching data: skipping write operation.
-----------------------------------------
(re)writing active CFG (unchanged) -- this should report that there's nothing to write as the CFG data has not changed -- at 0x89420: 1
  flash [0] level 0: Must disable interrupts when writing to flash; this is done automatically.
  flash [1] level 1: Flash sector already contains matching data: skipping write operation.
-----------------------------------------
(re)writing active CFG (unchanged) -- this should report that there's nothing to write as the CFG data has not changed -- at 0x89420: 1
  flash [0] level 0: Must disable interrupts when writing to flash; this is done automatically.
  flash [1] level 1: Flash sector already contains matching data: skipping write operation.
writing an updated CFG at address 0x89440: 1
(b0:0,b1:42,i1:1,li2:1234567890123456,i3:-555,iter:266)
  flash [0] level 0: Must disable interrupts when writing to flash; this is done automatically.
-----------------------------------------
(re)writing active CFG (unchanged) -- this should report that there's nothing to write as the CFG data has not changed -- at 0x89440: 1
  flash [0] level 0: Must disable interrupts when writing to flash; this is done automatically.
  flash [1] level 1: Flash sector already contains matching data: skipping write operation.
-----------------------------------------
(re)writing active CFG (unchanged) -- this should report that there's nothing to write as the CFG data has not changed -- at 0x89440: 1
  flash [0] level 0: Must disable interrupts when writing to flash; this is done automatically.
  flash [1] level 1: Flash sector already contains matching data: skipping write operation.
-----------------------------------------
(re)writing active CFG (unchanged) -- this should report that there's nothing to write as the CFG data has not changed -- at 0x89440: 1
  flash [0] level 0: Must disable interrupts when writing to flash; this is done automatically.
  flash [1] level 1: Flash sector already contains matching data: skipping write operation.
writing an updated CFG at address 0x89460: 1
(b0:0,b1:42,i1:1,li2:1234567890123456,i3:-555,iter:267)
  flash [0] level 0: Must disable interrupts when writing to flash; this is done automatically.
-----------------------------------------
(re)writing active CFG (unchanged) -- this should report that there's nothing to write as the CFG data has not changed -- at 0x89460: 1
  flash [0] level 0: Must disable interrupts when writing to flash; this is done automatically.
  flash [1] level 1: Flash sector already contains matching data: skipping write operation.
-----------------------------------------
(re)writing active CFG (unchanged) -- this should report that there's nothing to write as the CFG data has not changed -- at 0x89460: 1
  flash [0] level 0: Must disable interrupts when writing to flash; this is done automatically.
  flash [1] level 1: Flash sector already contains matching data: skipping write operation.
-----------------------------------------
(re)writing active CFG (unchanged) -- this should report that there's nothing to write as the CFG data has not changed -- at 0x89460: 1
  flash [0] level 0: Must disable interrupts when writing to flash; this is done automatically.
  flash [1] level 1: Flash sector already contains matching data: skipping write operation.
writing an updated CFG at address 0x89480: 1
(b0:0,b1:42,i1:1,li2:1234567890123456,i3:-555,iter:268)
  flash [0] level 0: Must disable interrupts when writing to flash; this is done automatically.
-----------------------------------------
(re)writing active CFG (unchanged) -- this should report that there's nothing to write as the CFG data has not changed -- at 0x89480: 1
  flash [0] level 0: Must disable interrupts when writing to flash; this is done automatically.
  flash [1] level 1: Flash sector already contains matching data: skipping write operation.
-----------------------------------------
(re)writing active CFG (unchanged) -- this should report that there's nothing to write as the CFG data has not changed -- at 0x89480: 1
  flash [0] level 0: Must disable interrupts when writing to flash; this is done automatically.
  flash [1] level 1: Flash sector already contains matching data: skipping write operation.
-----------------------------------------
(re)writing active CFG (unchanged) -- this should report that there's nothing to write as the CFG data has not changed -- at 0x89480: 1
  flash [0] level 0: Must disable interrupts when writing to flash; this is done automatically.
  flash [1] level 1: Flash sector already contains matching data: skipping write operation.
writing an updated CFG at address 0x894A0: 1
(b0:0,b1:42,i1:1,li2:1234567890123456,i3:-555,iter:269)
  flash [0] level 0: Must disable interrupts when writing to flash; this is done automatically.
-----------------------------------------
(re)writing active CFG (unchanged) -- this should report that there's nothing to write as the CFG data has not changed -- at 0x894A0: 1
  flash [0] level 0: Must disable interrupts when writing to flash; this is done automatically.
  flash [1] level 1: Flash sector already contains matching data: skipping write operation.
-----------------------------------------
(re)writing active CFG (unchanged) -- this should report that there's nothing to write as the CFG data has not changed -- at 0x894A0: 1
  flash [0] level 0: Must disable interrupts when writing to flash; this is done automatically.
  flash [1] level 1: Flash sector already contains matching data: skipping write operation.
-----------------------------------------
(re)writing active CFG (unchanged) -- this should report that there's nothing to write as the CFG data has not changed -- at 0x894A0: 1
  flash [0] level 0: Must disable interrupts when writing to flash; this is done automatically.
  flash [1] level 1: Flash sector already contains matching data: skipping write operation.
writing an updated CFG at address 0x894C0: 1
(b0:0,b1:42,i1:1,li2:1234567890123456,i3:-555,iter:270)
  flash [0] level 0: Must disable interrupts when writing to flash; this is done automatically.
-----------------------------------------
(re)writing active CFG (unchanged) -- this should report that there's nothing to write as the CFG data has not changed -- at 0x894C0: 1
  flash [0] level 0: Must disable interrupts when writing to flash; this is done automatically.
  flash [1] level 1: Flash sector already contains matching data: skipping write operation.
-----------------------------------------
(re)writing active CFG (unchanged) -- this should report that there's nothing to write as the CFG data has not changed -- at 0x894C0: 1
  flash [0] level 0: Must disable interrupts when writing to flash; this is done automatically.
  flash [1] level 1: Flash sector already contains matching data: skipping write operation.
-----------------------------------------
(re)writing active CFG (unchanged) -- this should report that there's nothing to write as the CFG data has not changed -- at 0x894C0: 1
  flash [0] level 0: Must disable interrupts when writing to flash; this is done automatically.
  flash [1] level 1: Flash sector already contains matching data: skipping write operation.
writing an updated CFG at address 0x894E0: 1
(b0:0,b1:42,i1:1,li2:1234567890123456,i3:-555,iter:271)
  flash [0] level 0: Must disable interrupts when writing to flash; this is done automatically.
-----------------------------------------
(re)writing active CFG (unchanged) -- this should report that there's nothing to write as the CFG data has not changed -- at 0x894E0: 1
  flash [0] level 0: Must disable interrupts when writing to flash; this is done automatically.
  flash [1] level 1: Flash sector already contains matching data: skipping write operation.
-----------------------------------------
(re)writing active CFG (unchanged) -- this should report that there's nothing to write as the CFG data has not changed -- at 0x894E0: 1
  flash [0] level 0: Must disable interrupts when writing to flash; this is done automatically.
  flash [1] level 1: Flash sector already contains matching data: skipping write operation.
-----------------------------------------
(re)writing active CFG (unchanged) -- this should report that there's nothing to write as the CFG data has not changed -- at 0x894E0: 1
  flash [0] level 0: Must disable interrupts when writing to flash; this is done automatically.
  flash [1] level 1: Flash sector already contains matching data: skipping write operation.
writing an updated CFG at address 0x89500: 1
(b0:0,b1:42,i1:1,li2:1234567890123456,i3:-555,iter:272)
  flash [0] level 0: Must disable interrupts when writing to flash; this is done automatically.
-----------------------------------------
(re)writing active CFG (unchanged) -- this should report that there's nothing to write as the CFG data has not changed -- at 0x89500: 1
  flash [0] level 0: Must disable interrupts when writing to flash; this is done automatically.
  flash [1] level 1: Flash sector already contains matching data: skipping write operation.
-----------------------------------------
(re)writing active CFG (unchanged) -- this should report that there's nothing to write as the CFG data has not changed -- at 0x89500: 1
  flash [0] level 0: Must disable interrupts when writing to flash; this is done automatically.
  flash [1] level 1: Flash sector already contains matching data: skipping write operation.
-----------------------------------------
(re)writing active CFG (unchanged) -- this should report that there's nothing to write as the CFG data has not changed -- at 0x89500: 1
  flash [0] level 0: Must disable interrupts when writing to flash; this is done automatically.
  flash [1] level 1: Flash sector already contains matching data: skipping write operation.
writing an updated CFG at address 0x89520: 1
(b0:0,b1:42,i1:1,li2:1234567890123456,i3:-555,iter:273)
  flash [0] level 0: Must disable interrupts when writing to flash; this is done automatically.
-----------------------------------------
(re)writing active CFG (unchanged) -- this should report that there's nothing to write as the CFG data has not changed -- at 0x89520: 1
  flash [0] level 0: Must disable interrupts when writing to flash; this is done automatically.
  flash [1] level 1: Flash sector already contains matching data: skipping write operation.
-----------------------------------------
(re)writing active CFG (unchanged) -- this should report that there's nothing to write as the CFG data has not changed -- at 0x89520: 1
  flash [0] level 0: Must disable interrupts when writing to flash; this is done automatically.
  flash [1] level 1: Flash sector already contains matching data: skipping write operation.
-----------------------------------------
(re)writing active CFG (unchanged) -- this should report that there's nothing to write as the CFG data has not changed -- at 0x89520: 1
  flash [0] level 0: Must disable interrupts when writing to flash; this is done automatically.
  flash [1] level 1: Flash sector already contains matching data: skipping write operation.
writing an updated CFG at address 0x89540: 1
(b0:0,b1:42,i1:1,li2:1234567890123456,i3:-555,iter:274)
  flash [0] level 0: Must disable interrupts when writing to flash; this is done automatically.
-----------------------------------------
(re)writing active CFG (unchanged) -- this should report that there's nothing to write as the CFG data has not changed -- at 0x89540: 1
  flash [0] level 0: Must disable interrupts when writing to flash; this is done automatically.
  flash [1] level 1: Flash sector already contains matching data: skipping write operation.
-----------------------------------------
(re)writing active CFG (unchanged) -- this should report that there's nothing to write as the CFG data has not changed -- at 0x89540: 1
  flash [0] level 0: Must disable interrupts when writing to flash; this is done automatically.
  flash [1] level 1: Flash sector already contains matching data: skipping write operation.
-----------------------------------------
(re)writing active CFG (unchanged) -- this should report that there's nothing to write as the CFG data has not changed -- at 0x89540: 1
  flash [0] level 0: Must disable interrupts when writing to flash; this is done automatically.
  flash [1] level 1: Flash sector already contains matching data: skipping write operation.
writing an updated CFG at address 0x89560: 1
(b0:0,b1:42,i1:1,li2:1234567890123456,i3:-555,iter:275)
  flash [0] level 0: Must disable interrupts when writing to flash; this is done automatically.
-----------------------------------------
(re)writing active CFG (unchanged) -- this should report that there's nothing to write as the CFG data has not changed -- at 0x89560: 1
  flash [0] level 0: Must disable interrupts when writing to flash; this is done automatically.
  flash [1] level 1: Flash sector already contains matching data: skipping write operation.
-----------------------------------------
(re)writing active CFG (unchanged) -- this should report that there's nothing to write as the CFG data has not changed -- at 0x89560: 1
  flash [0] level 0: Must disable interrupts when writing to flash; this is done automatically.
  flash [1] level 1: Flash sector already contains matching data: skipping write operation.
-----------------------------------------
(re)writing active CFG (unchanged) -- this should report that there's nothing to write as the CFG data has not changed -- at 0x89560: 1
  flash [0] level 0: Must disable interrupts when writing to flash; this is done automatically.
  flash [1] level 1: Flash sector already contains matching data: skipping write operation.
writing an updated CFG at address 0x89580: 1
(b0:0,b1:42,i1:1,li2:1234567890123456,i3:-555,iter:276)
  flash [0] level 0: Must disable interrupts when writing to flash; this is done automatically.
-----------------------------------------
(re)writing active CFG (unchanged) -- this should report that there's nothing to write as the CFG data has not changed -- at 0x89580: 1
  flash [0] level 0: Must disable interrupts when writing to flash; this is done automatically.
  flash [1] level 1: Flash sector already contains matching data: skipping write operation.
-----------------------------------------
(re)writing active CFG (unchanged) -- this should report that there's nothing to write as the CFG data has not changed -- at 0x89580: 1
  flash [0] level 0: Must disable interrupts when writing to flash; this is done automatically.
  flash [1] level 1: Flash sector already contains matching data: skipping write operation.
-----------------------------------------
(re)writing active CFG (unchanged) -- this should report that there's nothing to write as the CFG data has not changed -- at 0x89580: 1
  flash [0] level 0: Must disable interrupts when writing to flash; this is done automatically.
  flash [1] level 1: Flash sector already contains matching data: skipping write operation.
writing an updated CFG at address 0x895A0: 1
(b0:0,b1:42,i1:1,li2:1234567890123456,i3:-555,iter:277)
  flash [0] level 0: Must disable interrupts when writing to flash; this is done automatically.
-----------------------------------------
(re)writing active CFG (unchanged) -- this should report that there's nothing to write as the CFG data has not changed -- at 0x895A0: 1
  flash [0] level 0: Must disable interrupts when writing to flash; this is done automatically.
  flash [1] level 1: Flash sector already contains matching data: skipping write operation.
-----------------------------------------
(re)writing active CFG (unchanged) -- this should report that there's nothing to write as the CFG data has not changed -- at 0x895A0: 1
  flash [0] level 0: Must disable interrupts when writing to flash; this is done automatically.
  flash [1] level 1: Flash sector already contains matching data: skipping write operation.
-----------------------------------------
(re)writing active CFG (unchanged) -- this should report that there's nothing to write as the CFG data has not changed -- at 0x895A0: 1
  flash [0] level 0: Must disable interrupts when writing to flash; this is done automatically.
  flash [1] level 1: Flash sector already contains matching data: skipping write operation.
writing an updated CFG at address 0x895C0: 1
(b0:0,b1:42,i1:1,li2:1234567890123456,i3:-555,iter:278)
  flash [0] level 0: Must disable interrupts when writing to flash; this is done automatically.
-----------------------------------------
(re)writing active CFG (unchanged) -- this should report that there's nothing to write as the CFG data has not changed -- at 0x895C0: 1
  flash [0] level 0: Must disable interrupts when writing to flash; this is done automatically.
  flash [1] level 1: Flash sector already contains matching data: skipping write operation.
-----------------------------------------
(re)writing active CFG (unchanged) -- this should report that there's nothing to write as the CFG data has not changed -- at 0x895C0: 1
  flash [0] level 0: Must disable interrupts when writing to flash; this is done automatically.
  flash [1] level 1: Flash sector already contains matching data: skipping write operation.
-----------------------------------------
(re)writing active CFG (unchanged) -- this should report that there's nothing to write as the CFG data has not changed -- at 0x895C0: 1
  flash [0] level 0: Must disable interrupts when writing to flash; this is done automatically.
  flash [1] level 1: Flash sector already contains matching data: skipping write operation.
writing an updated CFG at address 0x895E0: 1
(b0:0,b1:42,i1:1,li2:1234567890123456,i3:-555,iter:279)
  flash [0] level 0: Must disable interrupts when writing to flash; this is done automatically.
-----------------------------------------
(re)writing active CFG (unchanged) -- this should report that there's nothing to write as the CFG data has not changed -- at 0x895E0: 1
  flash [0] level 0: Must disable interrupts when writing to flash; this is done automatically.
  flash [1] level 1: Flash sector already contains matching data: skipping write operation.
-----------------------------------------
(re)writing active CFG (unchanged) -- this should report that there's nothing to write as the CFG data has not changed -- at 0x895E0: 1
  flash [0] level 0: Must disable interrupts when writing to flash; this is done automatically.
  flash [1] level 1: Flash sector already contains matching data: skipping write operation.
-----------------------------------------
(re)writing active CFG (unchanged) -- this should report that there's nothing to write as the CFG data has not changed -- at 0x895E0: 1
  flash [0] level 0: Must disable interrupts when writing to flash; this is done automatically.
  flash [1] level 1: Flash sector already contains matching data: skipping write operation.
writing an updated CFG at address 0x89600: 1
(b0:0,b1:42,i1:1,li2:1234567890123456,i3:-555,iter:280)
  flash [0] level 0: Must disable interrupts when writing to flash; this is done automatically.
-----------------------------------------
(re)writing active CFG (unchanged) -- this should report that there's nothing to write as the CFG data has not changed -- at 0x89600: 1
  flash [0] level 0: Must disable interrupts when writing to flash; this is done automatically.
  flash [1] level 1: Flash sector already contains matching data: skipping write operation.
-----------------------------------------
(re)writing active CFG (unchanged) -- this should report that there's nothing to write as the CFG data has not changed -- at 0x89600: 1
  flash [0] level 0: Must disable interrupts when writing to flash; this is done automatically.
  flash [1] level 1: Flash sector already contains matching data: skipping write operation.
-----------------------------------------
(re)writing active CFG (unchanged) -- this should report that there's nothing to write as the CFG data has not changed -- at 0x89600: 1
  flash [0] level 0: Must disable interrupts when writing to flash; this is done automatically.
  flash [1] level 1: Flash sector already contains matching data: skipping write operation.
writing an updated CFG at address 0x89620: 1
(b0:0,b1:42,i1:1,li2:1234567890123456,i3:-555,iter:281)
  flash [0] level 0: Must disable interrupts when writing to flash; this is done automatically.
-----------------------------------------
(re)writing active CFG (unchanged) -- this should report that there's nothing to write as the CFG data has not changed -- at 0x89620: 1
  flash [0] level 0: Must disable interrupts when writing to flash; this is done automatically.
  flash [1] level 1: Flash sector already contains matching data: skipping write operation.
-----------------------------------------
(re)writing active CFG (unchanged) -- this should report that there's nothing to write as the CFG data has not changed -- at 0x89620: 1
  flash [0] level 0: Must disable interrupts when writing to flash; this is done automatically.
  flash [1] level 1: Flash sector already contains matching data: skipping write operation.
-----------------------------------------
(re)writing active CFG (unchanged) -- this should report that there's nothing to write as the CFG data has not changed -- at 0x89620: 1
  flash [0] level 0: Must disable interrupts when writing to flash; this is done automatically.
  flash [1] level 1: Flash sector already contains matching data: skipping write operation.
writing an updated CFG at address 0x89640: 1
(b0:0,b1:42,i1:1,li2:1234567890123456,i3:-555,iter:282)
  flash [0] level 0: Must disable interrupts when writing to flash; this is done automatically.
-----------------------------------------
(re)writing active CFG (unchanged) -- this should report that there's nothing to write as the CFG data has not changed -- at 0x89640: 1
  flash [0] level 0: Must disable interrupts when writing to flash; this is done automatically.
  flash [1] level 1: Flash sector already contains matching data: skipping write operation.
-----------------------------------------
(re)writing active CFG (unchanged) -- this should report that there's nothing to write as the CFG data has not changed -- at 0x89640: 1
  flash [0] level 0: Must disable interrupts when writing to flash; this is done automatically.
  flash [1] level 1: Flash sector already contains matching data: skipping write operation.
-----------------------------------------
(re)writing active CFG (unchanged) -- this should report that there's nothing to write as the CFG data has not changed -- at 0x89640: 1
  flash [0] level 0: Must disable interrupts when writing to flash; this is done automatically.
  flash [1] level 1: Flash sector already contains matching data: skipping write operation.
writing an updated CFG at address 0x89660: 1
(b0:0,b1:42,i1:1,li2:1234567890123456,i3:-555,iter:283)
  flash [0] level 0: Must disable interrupts when writing to flash; this is done automatically.
-----------------------------------------
(re)writing active CFG (unchanged) -- this should report that there's nothing to write as the CFG data has not changed -- at 0x89660: 1
  flash [0] level 0: Must disable interrupts when writing to flash; this is done automatically.
  flash [1] level 1: Flash sector already contains matching data: skipping write operation.
-----------------------------------------
(re)writing active CFG (unchanged) -- this should report that there's nothing to write as the CFG data has not changed -- at 0x89660: 1
  flash [0] level 0: Must disable interrupts when writing to flash; this is done automatically.
  flash [1] level 1: Flash sector already contains matching data: skipping write operation.
-----------------------------------------
(re)writing active CFG (unchanged) -- this should report that there's nothing to write as the CFG data has not changed -- at 0x89660: 1
  flash [0] level 0: Must disable interrupts when writing to flash; this is done automatically.
  flash [1] level 1: Flash sector already contains matching data: skipping write operation.
writing an updated CFG at address 0x89680: 1
(b0:0,b1:42,i1:1,li2:1234567890123456,i3:-555,iter:284)
  flash [0] level 0: Must disable interrupts when writing to flash; this is done automatically.
-----------------------------------------
(re)writing active CFG (unchanged) -- this should report that there's nothing to write as the CFG data has not changed -- at 0x89680: 1
  flash [0] level 0: Must disable interrupts when writing to flash; this is done automatically.
  flash [1] level 1: Flash sector already contains matching data: skipping write operation.
-----------------------------------------
(re)writing active CFG (unchanged) -- this should report that there's nothing to write as the CFG data has not changed -- at 0x89680: 1
  flash [0] level 0: Must disable interrupts when writing to flash; this is done automatically.
  flash [1] level 1: Flash sector already contains matching data: skipping write operation.
-----------------------------------------
(re)writing active CFG (unchanged) -- this should report that there's nothing to write as the CFG data has not changed -- at 0x89680: 1
  flash [0] level 0: Must disable interrupts when writing to flash; this is done automatically.
  flash [1] level 1: Flash sector already contains matching data: skipping write operation.
writing an updated CFG at address 0x896A0: 1
(b0:0,b1:42,i1:1,li2:1234567890123456,i3:-555,iter:285)
  flash [0] level 0: Must disable interrupts when writing to flash; this is done automatically.
-----------------------------------------
(re)writing active CFG (unchanged) -- this should report that there's nothing to write as the CFG data has not changed -- at 0x896A0: 1
  flash [0] level 0: Must disable interrupts when writing to flash; this is done automatically.
  flash [1] level 1: Flash sector already contains matching data: skipping write operation.
-----------------------------------------
(re)writing active CFG (unchanged) -- this should report that there's nothing to write as the CFG data has not changed -- at 0x896A0: 1
  flash [0] level 0: Must disable interrupts when writing to flash; this is done automatically.
  flash [1] level 1: Flash sector already contains matching data: skipping write operation.
-----------------------------------------
(re)writing active CFG (unchanged) -- this should report that there's nothing to write as the CFG data has not changed -- at 0x896A0: 1
  flash [0] level 0: Must disable interrupts when writing to flash; this is done automatically.
  flash [1] level 1: Flash sector already contains matching data: skipping write operation.
writing an updated CFG at address 0x896C0: 1
(b0:0,b1:42,i1:1,li2:1234567890123456,i3:-555,iter:286)
  flash [0] level 0: Must disable interrupts when writing to flash; this is done automatically.
-----------------------------------------
(re)writing active CFG (unchanged) -- this should report that there's nothing to write as the CFG data has not changed -- at 0x896C0: 1
  flash [0] level 0: Must disable interrupts when writing to flash; this is done automatically.
  flash [1] level 1: Flash sector already contains matching data: skipping write operation.
-----------------------------------------
(re)writing active CFG (unchanged) -- this should report that there's nothing to write as the CFG data has not changed -- at 0x896C0: 1
  flash [0] level 0: Must disable interrupts when writing to flash; this is done automatically.
  flash [1] level 1: Flash sector already contains matching data: skipping write operation.
-----------------------------------------
(re)writing active CFG (unchanged) -- this should report that there's nothing to write as the CFG data has not changed -- at 0x896C0: 1
  flash [0] level 0: Must disable interrupts when writing to flash; this is done automatically.
  flash [1] level 1: Flash sector already contains matching data: skipping write operation.
writing an updated CFG at address 0x896E0: 1
(b0:0,b1:42,i1:1,li2:1234567890123456,i3:-555,iter:287)
  flash [0] level 0: Must disable interrupts when writing to flash; this is done automatically.
-----------------------------------------
(re)writing active CFG (unchanged) -- this should report that there's nothing to write as the CFG data has not changed -- at 0x896E0: 1
  flash [0] level 0: Must disable interrupts when writing to flash; this is done automatically.
  flash [1] level 1: Flash sector already contains matching data: skipping write operation.
-----------------------------------------
(re)writing active CFG (unchanged) -- this should report that there's nothing to write as the CFG data has not changed -- at 0x896E0: 1
  flash [0] level 0: Must disable interrupts when writing to flash; this is done automatically.
  flash [1] level 1: Flash sector already contains matching data: skipping write operation.
-----------------------------------------
(re)writing active CFG (unchanged) -- this should report that there's nothing to write as the CFG data has not changed -- at 0x896E0: 1
  flash [0] level 0: Must disable interrupts when writing to flash; this is done automatically.
  flash [1] level 1: Flash sector already contains matching data: skipping write operation.
writing an updated CFG at address 0x89700: 1
(b0:0,b1:42,i1:1,li2:1234567890123456,i3:-555,iter:288)
  flash [0] level 0: Must disable interrupts when writing to flash; this is done automatically.
-----------------------------------------
(re)writing active CFG (unchanged) -- this should report that there's nothing to write as the CFG data has not changed -- at 0x89700: 1
  flash [0] level 0: Must disable interrupts when writing to flash; this is done automatically.
  flash [1] level 1: Flash sector already contains matching data: skipping write operation.
-----------------------------------------
(re)writing active CFG (unchanged) -- this should report that there's nothing to write as the CFG data has not changed -- at 0x89700: 1
  flash [0] level 0: Must disable interrupts when writing to flash; this is done automatically.
  flash [1] level 1: Flash sector already contains matching data: skipping write operation.
-----------------------------------------
(re)writing active CFG (unchanged) -- this should report that there's nothing to write as the CFG data has not changed -- at 0x89700: 1
  flash [0] level 0: Must disable interrupts when writing to flash; this is done automatically.
  flash [1] level 1: Flash sector already contains matching data: skipping write operation.
writing an updated CFG at address 0x89720: 1
(b0:0,b1:42,i1:1,li2:1234567890123456,i3:-555,iter:289)
  flash [0] level 0: Must disable interrupts when writing to flash; this is done automatically.
-----------------------------------------
(re)writing active CFG (unchanged) -- this should report that there's nothing to write as the CFG data has not changed -- at 0x89720: 1
  flash [0] level 0: Must disable interrupts when writing to flash; this is done automatically.
  flash [1] level 1: Flash sector already contains matching data: skipping write operation.
-----------------------------------------
(re)writing active CFG (unchanged) -- this should report that there's nothing to write as the CFG data has not changed -- at 0x89720: 1
  flash [0] level 0: Must disable interrupts when writing to flash; this is done automatically.
  flash [1] level 1: Flash sector already contains matching data: skipping write operation.
-----------------------------------------
(re)writing active CFG (unchanged) -- this should report that there's nothing to write as the CFG data has not changed -- at 0x89720: 1
  flash [0] level 0: Must disable interrupts when writing to flash; this is done automatically.
  flash [1] level 1: Flash sector already contains matching data: skipping write operation.
writing an updated CFG at address 0x89740: 1
(b0:0,b1:42,i1:1,li2:1234567890123456,i3:-555,iter:290)
  flash [0] level 0: Must disable interrupts when writing to flash; this is done automatically.
-----------------------------------------
(re)writing active CFG (unchanged) -- this should report that there's nothing to write as the CFG data has not changed -- at 0x89740: 1
  flash [0] level 0: Must disable interrupts when writing to flash; this is done automatically.
  flash [1] level 1: Flash sector already contains matching data: skipping write operation.
-----------------------------------------
(re)writing active CFG (unchanged) -- this should report that there's nothing to write as the CFG data has not changed -- at 0x89740: 1
  flash [0] level 0: Must disable interrupts when writing to flash; this is done automatically.
  flash [1] level 1: Flash sector already contains matching data: skipping write operation.
-----------------------------------------
(re)writing active CFG (unchanged) -- this should report that there's nothing to write as the CFG data has not changed -- at 0x89740: 1
  flash [0] level 0: Must disable interrupts when writing to flash; this is done automatically.
  flash [1] level 1: Flash sector already contains matching data: skipping write operation.
writing an updated CFG at address 0x89760: 1
(b0:0,b1:42,i1:1,li2:1234567890123456,i3:-555,iter:291)
  flash [0] level 0: Must disable interrupts when writing to flash; this is done automatically.
-----------------------------------------
(re)writing active CFG (unchanged) -- this should report that there's nothing to write as the CFG data has not changed -- at 0x89760: 1
  flash [0] level 0: Must disable interrupts when writing to flash; this is done automatically.
  flash [1] level 1: Flash sector already contains matching data: skipping write operation.
-----------------------------------------
(re)writing active CFG (unchanged) -- this should report that there's nothing to write as the CFG data has not changed -- at 0x89760: 1
  flash [0] level 0: Must disable interrupts when writing to flash; this is done automatically.
  flash [1] level 1: Flash sector already contains matching data: skipping write operation.
-----------------------------------------
(re)writing active CFG (unchanged) -- this should report that there's nothing to write as the CFG data has not changed -- at 0x89760: 1
  flash [0] level 0: Must disable interrupts when writing to flash; this is done automatically.
  flash [1] level 1: Flash sector already contains matching data: skipping write operation.
writing an updated CFG at address 0x89780: 1
(b0:0,b1:42,i1:1,li2:1234567890123456,i3:-555,iter:292)
  flash [0] level 0: Must disable interrupts when writing to flash; this is done automatically.
-----------------------------------------
(re)writing active CFG (unchanged) -- this should report that there's nothing to write as the CFG data has not changed -- at 0x89780: 1
  flash [0] level 0: Must disable interrupts when writing to flash; this is done automatically.
  flash [1] level 1: Flash sector already contains matching data: skipping write operation.
-----------------------------------------
(re)writing active CFG (unchanged) -- this should report that there's nothing to write as the CFG data has not changed -- at 0x89780: 1
  flash [0] level 0: Must disable interrupts when writing to flash; this is done automatically.
  flash [1] level 1: Flash sector already contains matching data: skipping write operation.
-----------------------------------------
(re)writing active CFG (unchanged) -- this should report that there's nothing to write as the CFG data has not changed -- at 0x89780: 1
  flash [0] level 0: Must disable interrupts when writing to flash; this is done automatically.
  flash [1] level 1: Flash sector already contains matching data: skipping write operation.
writing an updated CFG at address 0x897A0: 1
(b0:0,b1:42,i1:1,li2:1234567890123456,i3:-555,iter:293)
  flash [0] level 0: Must disable interrupts when writing to flash; this is done automatically.
-----------------------------------------
(re)writing active CFG (unchanged) -- this should report that there's nothing to write as the CFG data has not changed -- at 0x897A0: 1
  flash [0] level 0: Must disable interrupts when writing to flash; this is done automatically.
  flash [1] level 1: Flash sector already contains matching data: skipping write operation.
-----------------------------------------
(re)writing active CFG (unchanged) -- this should report that there's nothing to write as the CFG data has not changed -- at 0x897A0: 1
  flash [0] level 0: Must disable interrupts when writing to flash; this is done automatically.
  flash [1] level 1: Flash sector already contains matching data: skipping write operation.
-----------------------------------------
(re)writing active CFG (unchanged) -- this should report that there's nothing to write as the CFG data has not changed -- at 0x897A0: 1
  flash [0] level 0: Must disable interrupts when writing to flash; this is done automatically.
  flash [1] level 1: Flash sector already contains matching data: skipping write operation.
writing an updated CFG at address 0x897C0: 1
(b0:0,b1:42,i1:1,li2:1234567890123456,i3:-555,iter:294)
  flash [0] level 0: Must disable interrupts when writing to flash; this is done automatically.
-----------------------------------------
(re)writing active CFG (unchanged) -- this should report that there's nothing to write as the CFG data has not changed -- at 0x897C0: 1
  flash [0] level 0: Must disable interrupts when writing to flash; this is done automatically.
  flash [1] level 1: Flash sector already contains matching data: skipping write operation.
-----------------------------------------
(re)writing active CFG (unchanged) -- this should report that there's nothing to write as the CFG data has not changed -- at 0x897C0: 1
  flash [0] level 0: Must disable interrupts when writing to flash; this is done automatically.
  flash [1] level 1: Flash sector already contains matching data: skipping write operation.
-----------------------------------------
(re)writing active CFG (unchanged) -- this should report that there's nothing to write as the CFG data has not changed -- at 0x897C0: 1
  flash [0] level 0: Must disable interrupts when writing to flash; this is done automatically.
  flash [1] level 1: Flash sector already contains matching data: skipping write operation.
writing an updated CFG at address 0x897E0: 1
(b0:0,b1:42,i1:1,li2:1234567890123456,i3:-555,iter:295)
  flash [0] level 0: Must disable interrupts when writing to flash; this is done automatically.
-----------------------------------------
(re)writing active CFG (unchanged) -- this should report that there's nothing to write as the CFG data has not changed -- at 0x897E0: 1
  flash [0] level 0: Must disable interrupts when writing to flash; this is done automatically.
  flash [1] level 1: Flash sector already contains matching data: skipping write operation.
-----------------------------------------
(re)writing active CFG (unchanged) -- this should report that there's nothing to write as the CFG data has not changed -- at 0x897E0: 1
  flash [0] level 0: Must disable interrupts when writing to flash; this is done automatically.
  flash [1] level 1: Flash sector already contains matching data: skipping write operation.
-----------------------------------------
(re)writing active CFG (unchanged) -- this should report that there's nothing to write as the CFG data has not changed -- at 0x897E0: 1
  flash [0] level 0: Must disable interrupts when writing to flash; this is done automatically.
  flash [1] level 1: Flash sector already contains matching data: skipping write operation.
writing an updated CFG at address 0x89800: 1
(b0:0,b1:42,i1:1,li2:1234567890123456,i3:-555,iter:296)
  flash [0] level 0: Must disable interrupts when writing to flash; this is done automatically.
-----------------------------------------
(re)writing active CFG (unchanged) -- this should report that there's nothing to write as the CFG data has not changed -- at 0x89800: 1
  flash [0] level 0: Must disable interrupts when writing to flash; this is done automatically.
  flash [1] level 1: Flash sector already contains matching data: skipping write operation.
-----------------------------------------
(re)writing active CFG (unchanged) -- this should report that there's nothing to write as the CFG data has not changed -- at 0x89800: 1
  flash [0] level 0: Must disable interrupts when writing to flash; this is done automatically.
  flash [1] level 1: Flash sector already contains matching data: skipping write operation.
-----------------------------------------
(re)writing active CFG (unchanged) -- this should report that there's nothing to write as the CFG data has not changed -- at 0x89800: 1
  flash [0] level 0: Must disable interrupts when writing to flash; this is done automatically.
  flash [1] level 1: Flash sector already contains matching data: skipping write operation.
writing an updated CFG at address 0x89820: 1
(b0:0,b1:42,i1:1,li2:1234567890123456,i3:-555,iter:297)
  flash [0] level 0: Must disable interrupts when writing to flash; this is done automatically.
-----------------------------------------
(re)writing active CFG (unchanged) -- this should report that there's nothing to write as the CFG data has not changed -- at 0x89820: 1
  flash [0] level 0: Must disable interrupts when writing to flash; this is done automatically.
  flash [1] level 1: Flash sector already contains matching data: skipping write operation.
-----------------------------------------
(re)writing active CFG (unchanged) -- this should report that there's nothing to write as the CFG data has not changed -- at 0x89820: 1
  flash [0] level 0: Must disable interrupts when writing to flash; this is done automatically.
  flash [1] level 1: Flash sector already contains matching data: skipping write operation.
-----------------------------------------
(re)writing active CFG (unchanged) -- this should report that there's nothing to write as the CFG data has not changed -- at 0x89820: 1
  flash [0] level 0: Must disable interrupts when writing to flash; this is done automatically.
  flash [1] level 1: Flash sector already contains matching data: skipping write operation.
writing an updated CFG at address 0x89840: 1
(b0:0,b1:42,i1:1,li2:1234567890123456,i3:-555,iter:298)
  flash [0] level 0: Must disable interrupts when writing to flash; this is done automatically.
-----------------------------------------
(re)writing active CFG (unchanged) -- this should report that there's nothing to write as the CFG data has not changed -- at 0x89840: 1
  flash [0] level 0: Must disable interrupts when writing to flash; this is done automatically.
  flash [1] level 1: Flash sector already contains matching data: skipping write operation.
-----------------------------------------
(re)writing active CFG (unchanged) -- this should report that there's nothing to write as the CFG data has not changed -- at 0x89840: 1
  flash [0] level 0: Must disable interrupts when writing to flash; this is done automatically.
  flash [1] level 1: Flash sector already contains matching data: skipping write operation.
-----------------------------------------
(re)writing active CFG (unchanged) -- this should report that there's nothing to write as the CFG data has not changed -- at 0x89840: 1
  flash [0] level 0: Must disable interrupts when writing to flash; this is done automatically.
  flash [1] level 1: Flash sector already contains matching data: skipping write operation.
writing an updated CFG at address 0x89860: 1
(b0:0,b1:42,i1:1,li2:1234567890123456,i3:-555,iter:299)
  flash [0] level 0: Must disable interrupts when writing to flash; this is done automatically.
-----------------------------------------
(re)writing active CFG (unchanged) -- this should report that there's nothing to write as the CFG data has not changed -- at 0x89860: 1
  flash [0] level 0: Must disable interrupts when writing to flash; this is done automatically.
  flash [1] level 1: Flash sector already contains matching data: skipping write operation.
-----------------------------------------
(re)writing active CFG (unchanged) -- this should report that there's nothing to write as the CFG data has not changed -- at 0x89860: 1
  flash [0] level 0: Must disable interrupts when writing to flash; this is done automatically.
  flash [1] level 1: Flash sector already contains matching data: skipping write operation.
-----------------------------------------
(re)writing active CFG (unchanged) -- this should report that there's nothing to write as the CFG data has not changed -- at 0x89860: 1
  flash [0] level 0: Must disable interrupts when writing to flash; this is done automatically.
  flash [1] level 1: Flash sector already contains matching data: skipping write operation.
writing an updated CFG at address 0x89880: 1
(b0:0,b1:42,i1:1,li2:1234567890123456,i3:-555,iter:300)
  flash [0] level 0: Must disable interrupts when writing to flash; this is done automatically.
-----------------------------------------
(re)writing active CFG (unchanged) -- this should report that there's nothing to write as the CFG data has not changed -- at 0x89880: 1
  flash [0] level 0: Must disable interrupts when writing to flash; this is done automatically.
  flash [1] level 1: Flash sector already contains matching data: skipping write operation.
-----------------------------------------
(re)writing active CFG (unchanged) -- this should report that there's nothing to write as the CFG data has not changed -- at 0x89880: 1
  flash [0] level 0: Must disable interrupts when writing to flash; this is done automatically.
  flash [1] level 1: Flash sector already contains matching data: skipping write operation.
-----------------------------------------
(re)writing active CFG (unchanged) -- this should report that there's nothing to write as the CFG data has not changed -- at 0x89880: 1
  flash [0] level 0: Must disable interrupts when writing to flash; this is done automatically.
  flash [1] level 1: Flash sector already contains matching data: skipping write operation.
writing an updated CFG at address 0x898A0: 1
(b0:0,b1:42,i1:1,li2:1234567890123456,i3:-555,iter:301)
  flash [0] level 0: Must disable interrupts when writing to flash; this is done automatically.
-----------------------------------------
(re)writing active CFG (unchanged) -- this should report that there's nothing to write as the CFG data has not changed -- at 0x898A0: 1
  flash [0] level 0: Must disable interrupts when writing to flash; this is done automatically.
  flash [1] level 1: Flash sector already contains matching data: skipping write operation.
-----------------------------------------
(re)writing active CFG (unchanged) -- this should report that there's nothing to write as the CFG data has not changed -- at 0x898A0: 1
  flash [0] level 0: Must disable interrupts when writing to flash; this is done automatically.
  flash [1] level 1: Flash sector already contains matching data: skipping write operation.
-----------------------------------------
(re)writing active CFG (unchanged) -- this should report that there's nothing to write as the CFG data has not changed -- at 0x898A0: 1
  flash [0] level 0: Must disable interrupts when writing to flash; this is done automatically.
  flash [1] level 1: Flash sector already contains matching data: skipping write operation.
writing an updated CFG at address 0x898C0: 1
(b0:0,b1:42,i1:1,li2:1234567890123456,i3:-555,iter:302)
  flash [0] level 0: Must disable interrupts when writing to flash; this is done automatically.
-----------------------------------------
(re)writing active CFG (unchanged) -- this should report that there's nothing to write as the CFG data has not changed -- at 0x898C0: 1
  flash [0] level 0: Must disable interrupts when writing to flash; this is done automatically.
  flash [1] level 1: Flash sector already contains matching data: skipping write operation.
-----------------------------------------
(re)writing active CFG (unchanged) -- this should report that there's nothing to write as the CFG data has not changed -- at 0x898C0: 1
  flash [0] level 0: Must disable interrupts when writing to flash; this is done automatically.
  flash [1] level 1: Flash sector already contains matching data: skipping write operation.
-----------------------------------------
(re)writing active CFG (unchanged) -- this should report that there's nothing to write as the CFG data has not changed -- at 0x898C0: 1
  flash [0] level 0: Must disable interrupts when writing to flash; this is done automatically.
  flash [1] level 1: Flash sector already contains matching data: skipping write operation.
writing an updated CFG at address 0x898E0: 1
(b0:0,b1:42,i1:1,li2:1234567890123456,i3:-555,iter:303)
  flash [0] level 0: Must disable interrupts when writing to flash; this is done automatically.
-----------------------------------------
(re)writing active CFG (unchanged) -- this should report that there's nothing to write as the CFG data has not changed -- at 0x898E0: 1
  flash [0] level 0: Must disable interrupts when writing to flash; this is done automatically.
  flash [1] level 1: Flash sector already contains matching data: skipping write operation.
-----------------------------------------
(re)writing active CFG (unchanged) -- this should report that there's nothing to write as the CFG data has not changed -- at 0x898E0: 1
  flash [0] level 0: Must disable interrupts when writing to flash; this is done automatically.
  flash [1] level 1: Flash sector already contains matching data: skipping write operation.
-----------------------------------------
(re)writing active CFG (unchanged) -- this should report that there's nothing to write as the CFG data has not changed -- at 0x898E0: 1
  flash [0] level 0: Must disable interrupts when writing to flash; this is done automatically.
  flash [1] level 1: Flash sector already contains matching data: skipping write operation.
writing an updated CFG at address 0x89900: 1
(b0:0,b1:42,i1:1,li2:1234567890123456,i3:-555,iter:304)
  flash [0] level 0: Must disable interrupts when writing to flash; this is done automatically.
-----------------------------------------
(re)writing active CFG (unchanged) -- this should report that there's nothing to write as the CFG data has not changed -- at 0x89900: 1
  flash [0] level 0: Must disable interrupts when writing to flash; this is done automatically.
  flash [1] level 1: Flash sector already contains matching data: skipping write operation.
-----------------------------------------
(re)writing active CFG (unchanged) -- this should report that there's nothing to write as the CFG data has not changed -- at 0x89900: 1
  flash [0] level 0: Must disable interrupts when writing to flash; this is done automatically.
  flash [1] level 1: Flash sector already contains matching data: skipping write operation.
-----------------------------------------
(re)writing active CFG (unchanged) -- this should report that there's nothing to write as the CFG data has not changed -- at 0x89900: 1
  flash [0] level 0: Must disable interrupts when writing to flash; this is done automatically.
  flash [1] level 1: Flash sector already contains matching data: skipping write operation.
writing an updated CFG at address 0x89920: 1
(b0:0,b1:42,i1:1,li2:1234567890123456,i3:-555,iter:305)
  flash [0] level 0: Must disable interrupts when writing to flash; this is done automatically.
-----------------------------------------
(re)writing active CFG (unchanged) -- this should report that there's nothing to write as the CFG data has not changed -- at 0x89920: 1
  flash [0] level 0: Must disable interrupts when writing to flash; this is done automatically.
  flash [1] level 1: Flash sector already contains matching data: skipping write operation.
-----------------------------------------
(re)writing active CFG (unchanged) -- this should report that there's nothing to write as the CFG data has not changed -- at 0x89920: 1
  flash [0] level 0: Must disable interrupts when writing to flash; this is done automatically.
  flash [1] level 1: Flash sector already contains matching data: skipping write operation.
-----------------------------------------
(re)writing active CFG (unchanged) -- this should report that there's nothing to write as the CFG data has not changed -- at 0x89920: 1
  flash [0] level 0: Must disable interrupts when writing to flash; this is done automatically.
  flash [1] level 1: Flash sector already contains matching data: skipping write operation.
writing an updated CFG at address 0x89940: 1
(b0:0,b1:42,i1:1,li2:1234567890123456,i3:-555,iter:306)
  flash [0] level 0: Must disable interrupts when writing to flash; this is done automatically.
-----------------------------------------
(re)writing active CFG (unchanged) -- this should report that there's nothing to write as the CFG data has not changed -- at 0x89940: 1
  flash [0] level 0: Must disable interrupts when writing to flash; this is done automatically.
  flash [1] level 1: Flash sector already contains matching data: skipping write operation.
-----------------------------------------
(re)writing active CFG (unchanged) -- this should report that there's nothing to write as the CFG data has not changed -- at 0x89940: 1
  flash [0] level 0: Must disable interrupts when writing to flash; this is done automatically.
  flash [1] level 1: Flash sector already contains matching data: skipping write operation.
-----------------------------------------
(re)writing active CFG (unchanged) -- this should report that there's nothing to write as the CFG data has not changed -- at 0x89940: 1
  flash [0] level 0: Must disable interrupts when writing to flash; this is done automatically.
  flash [1] level 1: Flash sector already contains matching data: skipping write operation.
writing an updated CFG at address 0x89960: 1
(b0:0,b1:42,i1:1,li2:1234567890123456,i3:-555,iter:307)
  flash [0] level 0: Must disable interrupts when writing to flash; this is done automatically.
-----------------------------------------
(re)writing active CFG (unchanged) -- this should report that there's nothing to write as the CFG data has not changed -- at 0x89960: 1
  flash [0] level 0: Must disable interrupts when writing to flash; this is done automatically.
  flash [1] level 1: Flash sector already contains matching data: skipping write operation.
-----------------------------------------
(re)writing active CFG (unchanged) -- this should report that there's nothing to write as the CFG data has not changed -- at 0x89960: 1
  flash [0] level 0: Must disable interrupts when writing to flash; this is done automatically.
  flash [1] level 1: Flash sector already contains matching data: skipping write operation.
-----------------------------------------
(re)writing active CFG (unchanged) -- this should report that there's nothing to write as the CFG data has not changed -- at 0x89960: 1
  flash [0] level 0: Must disable interrupts when writing to flash; this is done automatically.
  flash [1] level 1: Flash sector already contains matching data: skipping write operation.
writing an updated CFG at address 0x89980: 1
(b0:0,b1:42,i1:1,li2:1234567890123456,i3:-555,iter:308)
  flash [0] level 0: Must disable interrupts when writing to flash; this is done automatically.
-----------------------------------------
(re)writing active CFG (unchanged) -- this should report that there's nothing to write as the CFG data has not changed -- at 0x89980: 1
  flash [0] level 0: Must disable interrupts when writing to flash; this is done automatically.
  flash [1] level 1: Flash sector already contains matching data: skipping write operation.
-----------------------------------------
(re)writing active CFG (unchanged) -- this should report that there's nothing to write as the CFG data has not changed -- at 0x89980: 1
  flash [0] level 0: Must disable interrupts when writing to flash; this is done automatically.
  flash [1] level 1: Flash sector already contains matching data: skipping write operation.
-----------------------------------------
(re)writing active CFG (unchanged) -- this should report that there's nothing to write as the CFG data has not changed -- at 0x89980: 1
  flash [0] level 0: Must disable interrupts when writing to flash; this is done automatically.
  flash [1] level 1: Flash sector already contains matching data: skipping write operation.
writing an updated CFG at address 0x899A0: 1
(b0:0,b1:42,i1:1,li2:1234567890123456,i3:-555,iter:309)
  flash [0] level 0: Must disable interrupts when writing to flash; this is done automatically.
-----------------------------------------
(re)writing active CFG (unchanged) -- this should report that there's nothing to write as the CFG data has not changed -- at 0x899A0: 1
  flash [0] level 0: Must disable interrupts when writing to flash; this is done automatically.
  flash [1] level 1: Flash sector already contains matching data: skipping write operation.
-----------------------------------------
(re)writing active CFG (unchanged) -- this should report that there's nothing to write as the CFG data has not changed -- at 0x899A0: 1
  flash [0] level 0: Must disable interrupts when writing to flash; this is done automatically.
  flash [1] level 1: Flash sector already contains matching data: skipping write operation.
-----------------------------------------
(re)writing active CFG (unchanged) -- this should report that there's nothing to write as the CFG data has not changed -- at 0x899A0: 1
  flash [0] level 0: Must disable interrupts when writing to flash; this is done automatically.
  flash [1] level 1: Flash sector already contains matching data: skipping write operation.
writing an updated CFG at address 0x899C0: 1
(b0:0,b1:42,i1:1,li2:1234567890123456,i3:-555,iter:310)
  flash [0] level 0: Must disable interrupts when writing to flash; this is done automatically.
-----------------------------------------
(re)writing active CFG (unchanged) -- this should report that there's nothing to write as the CFG data has not changed -- at 0x899C0: 1
  flash [0] level 0: Must disable interrupts when writing to flash; this is done automatically.
  flash [1] level 1: Flash sector already contains matching data: skipping write operation.
-----------------------------------------
(re)writing active CFG (unchanged) -- this should report that there's nothing to write as the CFG data has not changed -- at 0x899C0: 1
  flash [0] level 0: Must disable interrupts when writing to flash; this is done automatically.
  flash [1] level 1: Flash sector already contains matching data: skipping write operation.
-----------------------------------------
(re)writing active CFG (unchanged) -- this should report that there's nothing to write as the CFG data has not changed -- at 0x899C0: 1
  flash [0] level 0: Must disable interrupts when writing to flash; this is done automatically.
  flash [1] level 1: Flash sector already contains matching data: skipping write operation.
writing an updated CFG at address 0x899E0: 1
(b0:0,b1:42,i1:1,li2:1234567890123456,i3:-555,iter:311)
  flash [0] level 0: Must disable interrupts when writing to flash; this is done automatically.
-----------------------------------------
(re)writing active CFG (unchanged) -- this should report that there's nothing to write as the CFG data has not changed -- at 0x899E0: 1
  flash [0] level 0: Must disable interrupts when writing to flash; this is done automatically.
  flash [1] level 1: Flash sector already contains matching data: skipping write operation.
-----------------------------------------
(re)writing active CFG (unchanged) -- this should report that there's nothing to write as the CFG data has not changed -- at 0x899E0: 1
  flash [0] level 0: Must disable interrupts when writing to flash; this is done automatically.
  flash [1] level 1: Flash sector already contains matching data: skipping write operation.
-----------------------------------------
(re)writing active CFG (unchanged) -- this should report that there's nothing to write as the CFG data has not changed -- at 0x899E0: 1
  flash [0] level 0: Must disable interrupts when writing to flash; this is done automatically.
  flash [1] level 1: Flash sector already contains matching data: skipping write operation.
writing an updated CFG at address 0x89A00: 1
(b0:0,b1:42,i1:1,li2:1234567890123456,i3:-555,iter:312)
  flash [0] level 0: Must disable interrupts when writing to flash; this is done automatically.
-----------------------------------------
(re)writing active CFG (unchanged) -- this should report that there's nothing to write as the CFG data has not changed -- at 0x89A00: 1
  flash [0] level 0: Must disable interrupts when writing to flash; this is done automatically.
  flash [1] level 1: Flash sector already contains matching data: skipping write operation.
-----------------------------------------
(re)writing active CFG (unchanged) -- this should report that there's nothing to write as the CFG data has not changed -- at 0x89A00: 1
  flash [0] level 0: Must disable interrupts when writing to flash; this is done automatically.
  flash [1] level 1: Flash sector already contains matching data: skipping write operation.
-----------------------------------------
(re)writing active CFG (unchanged) -- this should report that there's nothing to write as the CFG data has not changed -- at 0x89A00: 1
  flash [0] level 0: Must disable interrupts when writing to flash; this is done automatically.
  flash [1] level 1: Flash sector already contains matching data: skipping write operation.
writing an updated CFG at address 0x89A20: 1
(b0:0,b1:42,i1:1,li2:1234567890123456,i3:-555,iter:313)
  flash [0] level 0: Must disable interrupts when writing to flash; this is done automatically.
-----------------------------------------
(re)writing active CFG (unchanged) -- this should report that there's nothing to write as the CFG data has not changed -- at 0x89A20: 1
  flash [0] level 0: Must disable interrupts when writing to flash; this is done automatically.
  flash [1] level 1: Flash sector already contains matching data: skipping write operation.
-----------------------------------------
(re)writing active CFG (unchanged) -- this should report that there's nothing to write as the CFG data has not changed -- at 0x89A20: 1
  flash [0] level 0: Must disable interrupts when writing to flash; this is done automatically.
  flash [1] level 1: Flash sector already contains matching data: skipping write operation.
-----------------------------------------
(re)writing active CFG (unchanged) -- this should report that there's nothing to write as the CFG data has not changed -- at 0x89A20: 1
  flash [0] level 0: Must disable interrupts when writing to flash; this is done automatically.
  flash [1] level 1: Flash sector already contains matching data: skipping write operation.
writing an updated CFG at address 0x89A40: 1
(b0:0,b1:42,i1:1,li2:1234567890123456,i3:-555,iter:314)
  flash [0] level 0: Must disable interrupts when writing to flash; this is done automatically.
-----------------------------------------
(re)writing active CFG (unchanged) -- this should report that there's nothing to write as the CFG data has not changed -- at 0x89A40: 1
  flash [0] level 0: Must disable interrupts when writing to flash; this is done automatically.
  flash [1] level 1: Flash sector already contains matching data: skipping write operation.
-----------------------------------------
(re)writing active CFG (unchanged) -- this should report that there's nothing to write as the CFG data has not changed -- at 0x89A40: 1
  flash [0] level 0: Must disable interrupts when writing to flash; this is done automatically.
  flash [1] level 1: Flash sector already contains matching data: skipping write operation.
-----------------------------------------
(re)writing active CFG (unchanged) -- this should report that there's nothing to write as the CFG data has not changed -- at 0x89A40: 1
  flash [0] level 0: Must disable interrupts when writing to flash; this is done automatically.
  flash [1] level 1: Flash sector already contains matching data: skipping write operation.
writing an updated CFG at address 0x89A60: 1
(b0:0,b1:42,i1:1,li2:1234567890123456,i3:-555,iter:315)
  flash [0] level 0: Must disable interrupts when writing to flash; this is done automatically.
-----------------------------------------
(re)writing active CFG (unchanged) -- this should report that there's nothing to write as the CFG data has not changed -- at 0x89A60: 1
  flash [0] level 0: Must disable interrupts when writing to flash; this is done automatically.
  flash [1] level 1: Flash sector already contains matching data: skipping write operation.
-----------------------------------------
(re)writing active CFG (unchanged) -- this should report that there's nothing to write as the CFG data has not changed -- at 0x89A60: 1
  flash [0] level 0: Must disable interrupts when writing to flash; this is done automatically.
  flash [1] level 1: Flash sector already contains matching data: skipping write operation.
-----------------------------------------
(re)writing active CFG (unchanged) -- this should report that there's nothing to write as the CFG data has not changed -- at 0x89A60: 1
  flash [0] level 0: Must disable interrupts when writing to flash; this is done automatically.
  flash [1] level 1: Flash sector already contains matching data: skipping write operation.
writing an updated CFG at address 0x89A80: 1
(b0:0,b1:42,i1:1,li2:1234567890123456,i3:-555,iter:316)
  flash [0] level 0: Must disable interrupts when writing to flash; this is done automatically.
-----------------------------------------
(re)writing active CFG (unchanged) -- this should report that there's nothing to write as the CFG data has not changed -- at 0x89A80: 1
  flash [0] level 0: Must disable interrupts when writing to flash; this is done automatically.
  flash [1] level 1: Flash sector already contains matching data: skipping write operation.
-----------------------------------------
(re)writing active CFG (unchanged) -- this should report that there's nothing to write as the CFG data has not changed -- at 0x89A80: 1
  flash [0] level 0: Must disable interrupts when writing to flash; this is done automatically.
  flash [1] level 1: Flash sector already contains matching data: skipping write operation.
-----------------------------------------
(re)writing active CFG (unchanged) -- this should report that there's nothing to write as the CFG data has not changed -- at 0x89A80: 1
  flash [0] level 0: Must disable interrupts when writing to flash; this is done automatically.
  flash [1] level 1: Flash sector already contains matching data: skipping write operation.
writing an updated CFG at address 0x89AA0: 1
(b0:0,b1:42,i1:1,li2:1234567890123456,i3:-555,iter:317)
  flash [0] level 0: Must disable interrupts when writing to flash; this is done automatically.
-----------------------------------------
(re)writing active CFG (unchanged) -- this should report that there's nothing to write as the CFG data has not changed -- at 0x89AA0: 1
  flash [0] level 0: Must disable interrupts when writing to flash; this is done automatically.
  flash [1] level 1: Flash sector already contains matching data: skipping write operation.
-----------------------------------------
(re)writing active CFG (unchanged) -- this should report that there's nothing to write as the CFG data has not changed -- at 0x89AA0: 1
  flash [0] level 0: Must disable interrupts when writing to flash; this is done automatically.
  flash [1] level 1: Flash sector already contains matching data: skipping write operation.
-----------------------------------------
(re)writing active CFG (unchanged) -- this should report that there's nothing to write as the CFG data has not changed -- at 0x89AA0: 1
  flash [0] level 0: Must disable interrupts when writing to flash; this is done automatically.
  flash [1] level 1: Flash sector already contains matching data: skipping write operation.
writing an updated CFG at address 0x89AC0: 1
(b0:0,b1:42,i1:1,li2:1234567890123456,i3:-555,iter:318)
  flash [0] level 0: Must disable interrupts when writing to flash; this is done automatically.
-----------------------------------------
(re)writing active CFG (unchanged) -- this should report that there's nothing to write as the CFG data has not changed -- at 0x89AC0: 1
  flash [0] level 0: Must disable interrupts when writing to flash; this is done automatically.
  flash [1] level 1: Flash sector already contains matching data: skipping write operation.
-----------------------------------------
(re)writing active CFG (unchanged) -- this should report that there's nothing to write as the CFG data has not changed -- at 0x89AC0: 1
  flash [0] level 0: Must disable interrupts when writing to flash; this is done automatically.
  flash [1] level 1: Flash sector already contains matching data: skipping write operation.
-----------------------------------------
(re)writing active CFG (unchanged) -- this should report that there's nothing to write as the CFG data has not changed -- at 0x89AC0: 1
  flash [0] level 0: Must disable interrupts when writing to flash; this is done automatically.
  flash [1] level 1: Flash sector already contains matching data: skipping write operation.
writing an updated CFG at address 0x89AE0: 1
(b0:0,b1:42,i1:1,li2:1234567890123456,i3:-555,iter:319)
  flash [0] level 0: Must disable interrupts when writing to flash; this is done automatically.
-----------------------------------------
(re)writing active CFG (unchanged) -- this should report that there's nothing to write as the CFG data has not changed -- at 0x89AE0: 1
  flash [0] level 0: Must disable interrupts when writing to flash; this is done automatically.
  flash [1] level 1: Flash sector already contains matching data: skipping write operation.
-----------------------------------------
(re)writing active CFG (unchanged) -- this should report that there's nothing to write as the CFG data has not changed -- at 0x89AE0: 1
  flash [0] level 0: Must disable interrupts when writing to flash; this is done automatically.
  flash [1] level 1: Flash sector already contains matching data: skipping write operation.
-----------------------------------------
(re)writing active CFG (unchanged) -- this should report that there's nothing to write as the CFG data has not changed -- at 0x89AE0: 1
  flash [0] level 0: Must disable interrupts when writing to flash; this is done automatically.
  flash [1] level 1: Flash sector already contains matching data: skipping write operation.
writing an updated CFG at address 0x89B00: 1
(b0:0,b1:42,i1:1,li2:1234567890123456,i3:-555,iter:320)
  flash [0] level 0: Must disable interrupts when writing to flash; this is done automatically.
-----------------------------------------
(re)writing active CFG (unchanged) -- this should report that there's nothing to write as the CFG data has not changed -- at 0x89B00: 1
  flash [0] level 0: Must disable interrupts when writing to flash; this is done automatically.
  flash [1] level 1: Flash sector already contains matching data: skipping write operation.
-----------------------------------------
(re)writing active CFG (unchanged) -- this should report that there's nothing to write as the CFG data has not changed -- at 0x89B00: 1
  flash [0] level 0: Must disable interrupts when writing to flash; this is done automatically.
  flash [1] level 1: Flash sector already contains matching data: skipping write operation.
-----------------------------------------
(re)writing active CFG (unchanged) -- this should report that there's nothing to write as the CFG data has not changed -- at 0x89B00: 1
  flash [0] level 0: Must disable interrupts when writing to flash; this is done automatically.
  flash [1] level 1: Flash sector already contains matching data: skipping write operation.
writing an updated CFG at address 0x89B20: 1
(b0:0,b1:42,i1:1,li2:1234567890123456,i3:-555,iter:321)
  flash [0] level 0: Must disable interrupts when writing to flash; this is done automatically.
-----------------------------------------
(re)writing active CFG (unchanged) -- this should report that there's nothing to write as the CFG data has not changed -- at 0x89B20: 1
  flash [0] level 0: Must disable interrupts when writing to flash; this is done automatically.
  flash [1] level 1: Flash sector already contains matching data: skipping write operation.
-----------------------------------------
(re)writing active CFG (unchanged) -- this should report that there's nothing to write as the CFG data has not changed -- at 0x89B20: 1
  flash [0] level 0: Must disable interrupts when writing to flash; this is done automatically.
  flash [1] level 1: Flash sector already contains matching data: skipping write operation.
-----------------------------------------
(re)writing active CFG (unchanged) -- this should report that there's nothing to write as the CFG data has not changed -- at 0x89B20: 1
  flash [0] level 0: Must disable interrupts when writing to flash; this is done automatically.
  flash [1] level 1: Flash sector already contains matching data: skipping write operation.
writing an updated CFG at address 0x89B40: 1
(b0:0,b1:42,i1:1,li2:1234567890123456,i3:-555,iter:322)
  flash [0] level 0: Must disable interrupts when writing to flash; this is done automatically.
-----------------------------------------
(re)writing active CFG (unchanged) -- this should report that there's nothing to write as the CFG data has not changed -- at 0x89B40: 1
  flash [0] level 0: Must disable interrupts when writing to flash; this is done automatically.
  flash [1] level 1: Flash sector already contains matching data: skipping write operation.
-----------------------------------------
(re)writing active CFG (unchanged) -- this should report that there's nothing to write as the CFG data has not changed -- at 0x89B40: 1
  flash [0] level 0: Must disable interrupts when writing to flash; this is done automatically.
  flash [1] level 1: Flash sector already contains matching data: skipping write operation.
-----------------------------------------
(re)writing active CFG (unchanged) -- this should report that there's nothing to write as the CFG data has not changed -- at 0x89B40: 1
  flash [0] level 0: Must disable interrupts when writing to flash; this is done automatically.
  flash [1] level 1: Flash sector already contains matching data: skipping write operation.
writing an updated CFG at address 0x89B60: 1
(b0:0,b1:42,i1:1,li2:1234567890123456,i3:-555,iter:323)
  flash [0] level 0: Must disable interrupts when writing to flash; this is done automatically.
-----------------------------------------
(re)writing active CFG (unchanged) -- this should report that there's nothing to write as the CFG data has not changed -- at 0x89B60: 1
  flash [0] level 0: Must disable interrupts when writing to flash; this is done automatically.
  flash [1] level 1: Flash sector already contains matching data: skipping write operation.
-----------------------------------------
(re)writing active CFG (unchanged) -- this should report that there's nothing to write as the CFG data has not changed -- at 0x89B60: 1
  flash [0] level 0: Must disable interrupts when writing to flash; this is done automatically.
  flash [1] level 1: Flash sector already contains matching data: skipping write operation.
-----------------------------------------
(re)writing active CFG (unchanged) -- this should report that there's nothing to write as the CFG data has not changed -- at 0x89B60: 1
  flash [0] level 0: Must disable interrupts when writing to flash; this is done automatically.
  flash [1] level 1: Flash sector already contains matching data: skipping write operation.
writing an updated CFG at address 0x89B80: 1
(b0:0,b1:42,i1:1,li2:1234567890123456,i3:-555,iter:324)
  flash [0] level 0: Must disable interrupts when writing to flash; this is done automatically.
-----------------------------------------
(re)writing active CFG (unchanged) -- this should report that there's nothing to write as the CFG data has not changed -- at 0x89B80: 1
  flash [0] level 0: Must disable interrupts when writing to flash; this is done automatically.
  flash [1] level 1: Flash sector already contains matching data: skipping write operation.
-----------------------------------------
(re)writing active CFG (unchanged) -- this should report that there's nothing to write as the CFG data has not changed -- at 0x89B80: 1
  flash [0] level 0: Must disable interrupts when writing to flash; this is done automatically.
  flash [1] level 1: Flash sector already contains matching data: skipping write operation.
-----------------------------------------
(re)writing active CFG (unchanged) -- this should report that there's nothing to write as the CFG data has not changed -- at 0x89B80: 1
  flash [0] level 0: Must disable interrupts when writing to flash; this is done automatically.
  flash [1] level 1: Flash sector already contains matching data: skipping write operation.
writing an updated CFG at address 0x89BA0: 1
(b0:0,b1:42,i1:1,li2:1234567890123456,i3:-555,iter:325)
  flash [0] level 0: Must disable interrupts when writing to flash; this is done automatically.
-----------------------------------------
(re)writing active CFG (unchanged) -- this should report that there's nothing to write as the CFG data has not changed -- at 0x89BA0: 1
  flash [0] level 0: Must disable interrupts when writing to flash; this is done automatically.
  flash [1] level 1: Flash sector already contains matching data: skipping write operation.
-----------------------------------------
(re)writing active CFG (unchanged) -- this should report that there's nothing to write as the CFG data has not changed -- at 0x89BA0: 1
  flash [0] level 0: Must disable interrupts when writing to flash; this is done automatically.
  flash [1] level 1: Flash sector already contains matching data: skipping write operation.
-----------------------------------------
(re)writing active CFG (unchanged) -- this should report that there's nothing to write as the CFG data has not changed -- at 0x89BA0: 1
  flash [0] level 0: Must disable interrupts when writing to flash; this is done automatically.
  flash [1] level 1: Flash sector already contains matching data: skipping write operation.
writing an updated CFG at address 0x89BC0: 1
(b0:0,b1:42,i1:1,li2:1234567890123456,i3:-555,iter:326)
  flash [0] level 0: Must disable interrupts when writing to flash; this is done automatically.
-----------------------------------------
(re)writing active CFG (unchanged) -- this should report that there's nothing to write as the CFG data has not changed -- at 0x89BC0: 1
  flash [0] level 0: Must disable interrupts when writing to flash; this is done automatically.
  flash [1] level 1: Flash sector already contains matching data: skipping write operation.
-----------------------------------------
(re)writing active CFG (unchanged) -- this should report that there's nothing to write as the CFG data has not changed -- at 0x89BC0: 1
  flash [0] level 0: Must disable interrupts when writing to flash; this is done automatically.
  flash [1] level 1: Flash sector already contains matching data: skipping write operation.
-----------------------------------------
(re)writing active CFG (unchanged) -- this should report that there's nothing to write as the CFG data has not changed -- at 0x89BC0: 1
  flash [0] level 0: Must disable interrupts when writing to flash; this is done automatically.
  flash [1] level 1: Flash sector already contains matching data: skipping write operation.
writing an updated CFG at address 0x89BE0: 1
(b0:0,b1:42,i1:1,li2:1234567890123456,i3:-555,iter:327)
  flash [0] level 0: Must disable interrupts when writing to flash; this is done automatically.
-----------------------------------------
(re)writing active CFG (unchanged) -- this should report that there's nothing to write as the CFG data has not changed -- at 0x89BE0: 1
  flash [0] level 0: Must disable interrupts when writing to flash; this is done automatically.
  flash [1] level 1: Flash sector already contains matching data: skipping write operation.
-----------------------------------------
(re)writing active CFG (unchanged) -- this should report that there's nothing to write as the CFG data has not changed -- at 0x89BE0: 1
  flash [0] level 0: Must disable interrupts when writing to flash; this is done automatically.
  flash [1] level 1: Flash sector already contains matching data: skipping write operation.
-----------------------------------------
(re)writing active CFG (unchanged) -- this should report that there's nothing to write as the CFG data has not changed -- at 0x89BE0: 1
  flash [0] level 0: Must disable interrupts when writing to flash; this is done automatically.
  flash [1] level 1: Flash sector already contains matching data: skipping write operation.
writing an updated CFG at address 0x89C00: 1
(b0:0,b1:42,i1:1,li2:1234567890123456,i3:-555,iter:328)
  flash [0] level 0: Must disable interrupts when writing to flash; this is done automatically.
-----------------------------------------
(re)writing active CFG (unchanged) -- this should report that there's nothing to write as the CFG data has not changed -- at 0x89C00: 1
  flash [0] level 0: Must disable interrupts when writing to flash; this is done automatically.
  flash [1] level 1: Flash sector already contains matching data: skipping write operation.
-----------------------------------------
(re)writing active CFG (unchanged) -- this should report that there's nothing to write as the CFG data has not changed -- at 0x89C00: 1
  flash [0] level 0: Must disable interrupts when writing to flash; this is done automatically.
  flash [1] level 1: Flash sector already contains matching data: skipping write operation.
-----------------------------------------
(re)writing active CFG (unchanged) -- this should report that there's nothing to write as the CFG data has not changed -- at 0x89C00: 1
  flash [0] level 0: Must disable interrupts when writing to flash; this is done automatically.
  flash [1] level 1: Flash sector already contains matching data: skipping write operation.
writing an updated CFG at address 0x89C20: 1
(b0:0,b1:42,i1:1,li2:1234567890123456,i3:-555,iter:329)
  flash [0] level 0: Must disable interrupts when writing to flash; this is done automatically.
-----------------------------------------
(re)writing active CFG (unchanged) -- this should report that there's nothing to write as the CFG data has not changed -- at 0x89C20: 1
  flash [0] level 0: Must disable interrupts when writing to flash; this is done automatically.
  flash [1] level 1: Flash sector already contains matching data: skipping write operation.
-----------------------------------------
(re)writing active CFG (unchanged) -- this should report that there's nothing to write as the CFG data has not changed -- at 0x89C20: 1
  flash [0] level 0: Must disable interrupts when writing to flash; this is done automatically.
  flash [1] level 1: Flash sector already contains matching data: skipping write operation.
-----------------------------------------
(re)writing active CFG (unchanged) -- this should report that there's nothing to write as the CFG data has not changed -- at 0x89C20: 1
  flash [0] level 0: Must disable interrupts when writing to flash; this is done automatically.
  flash [1] level 1: Flash sector already contains matching data: skipping write operation.
writing an updated CFG at address 0x89C40: 1
(b0:0,b1:42,i1:1,li2:1234567890123456,i3:-555,iter:330)
  flash [0] level 0: Must disable interrupts when writing to flash; this is done automatically.
-----------------------------------------
(re)writing active CFG (unchanged) -- this should report that there's nothing to write as the CFG data has not changed -- at 0x89C40: 1
  flash [0] level 0: Must disable interrupts when writing to flash; this is done automatically.
  flash [1] level 1: Flash sector already contains matching data: skipping write operation.
-----------------------------------------
(re)writing active CFG (unchanged) -- this should report that there's nothing to write as the CFG data has not changed -- at 0x89C40: 1
  flash [0] level 0: Must disable interrupts when writing to flash; this is done automatically.
  flash [1] level 1: Flash sector already contains matching data: skipping write operation.
-----------------------------------------
(re)writing active CFG (unchanged) -- this should report that there's nothing to write as the CFG data has not changed -- at 0x89C40: 1
  flash [0] level 0: Must disable interrupts when writing to flash; this is done automatically.
  flash [1] level 1: Flash sector already contains matching data: skipping write operation.
writing an updated CFG at address 0x89C60: 1
(b0:0,b1:42,i1:1,li2:1234567890123456,i3:-555,iter:331)
  flash [0] level 0: Must disable interrupts when writing to flash; this is done automatically.
-----------------------------------------
(re)writing active CFG (unchanged) -- this should report that there's nothing to write as the CFG data has not changed -- at 0x89C60: 1
  flash [0] level 0: Must disable interrupts when writing to flash; this is done automatically.
  flash [1] level 1: Flash sector already contains matching data: skipping write operation.
-----------------------------------------
(re)writing active CFG (unchanged) -- this should report that there's nothing to write as the CFG data has not changed -- at 0x89C60: 1
  flash [0] level 0: Must disable interrupts when writing to flash; this is done automatically.
  flash [1] level 1: Flash sector already contains matching data: skipping write operation.
-----------------------------------------
(re)writing active CFG (unchanged) -- this should report that there's nothing to write as the CFG data has not changed -- at 0x89C60: 1
  flash [0] level 0: Must disable interrupts when writing to flash; this is done automatically.
  flash [1] level 1: Flash sector already contains matching data: skipping write operation.
writing an updated CFG at address 0x89C80: 1
(b0:0,b1:42,i1:1,li2:1234567890123456,i3:-555,iter:332)
  flash [0] level 0: Must disable interrupts when writing to flash; this is done automatically.
-----------------------------------------
(re)writing active CFG (unchanged) -- this should report that there's nothing to write as the CFG data has not changed -- at 0x89C80: 1
  flash [0] level 0: Must disable interrupts when writing to flash; this is done automatically.
  flash [1] level 1: Flash sector already contains matching data: skipping write operation.
-----------------------------------------
(re)writing active CFG (unchanged) -- this should report that there's nothing to write as the CFG data has not changed -- at 0x89C80: 1
  flash [0] level 0: Must disable interrupts when writing to flash; this is done automatically.
  flash [1] level 1: Flash sector already contains matching data: skipping write operation.
-----------------------------------------
(re)writing active CFG (unchanged) -- this should report that there's nothing to write as the CFG data has not changed -- at 0x89C80: 1
  flash [0] level 0: Must disable interrupts when writing to flash; this is done automatically.
  flash [1] level 1: Flash sector already contains matching data: skipping write operation.
writing an updated CFG at address 0x89CA0: 1
(b0:0,b1:42,i1:1,li2:1234567890123456,i3:-555,iter:333)
  flash [0] level 0: Must disable interrupts when writing to flash; this is done automatically.
-----------------------------------------
(re)writing active CFG (unchanged) -- this should report that there's nothing to write as the CFG data has not changed -- at 0x89CA0: 1
  flash [0] level 0: Must disable interrupts when writing to flash; this is done automatically.
  flash [1] level 1: Flash sector already contains matching data: skipping write operation.
-----------------------------------------
(re)writing active CFG (unchanged) -- this should report that there's nothing to write as the CFG data has not changed -- at 0x89CA0: 1
  flash [0] level 0: Must disable interrupts when writing to flash; this is done automatically.
  flash [1] level 1: Flash sector already contains matching data: skipping write operation.
-----------------------------------------
(re)writing active CFG (unchanged) -- this should report that there's nothing to write as the CFG data has not changed -- at 0x89CA0: 1
  flash [0] level 0: Must disable interrupts when writing to flash; this is done automatically.
  flash [1] level 1: Flash sector already contains matching data: skipping write operation.
writing an updated CFG at address 0x89CC0: 1
(b0:0,b1:42,i1:1,li2:1234567890123456,i3:-555,iter:334)
  flash [0] level 0: Must disable interrupts when writing to flash; this is done automatically.
-----------------------------------------
(re)writing active CFG (unchanged) -- this should report that there's nothing to write as the CFG data has not changed -- at 0x89CC0: 1
  flash [0] level 0: Must disable interrupts when writing to flash; this is done automatically.
  flash [1] level 1: Flash sector already contains matching data: skipping write operation.
-----------------------------------------
(re)writing active CFG (unchanged) -- this should report that there's nothing to write as the CFG data has not changed -- at 0x89CC0: 1
  flash [0] level 0: Must disable interrupts when writing to flash; this is done automatically.
  flash [1] level 1: Flash sector already contains matching data: skipping write operation.
-----------------------------------------
(re)writing active CFG (unchanged) -- this should report that there's nothing to write as the CFG data has not changed -- at 0x89CC0: 1
  flash [0] level 0: Must disable interrupts when writing to flash; this is done automatically.
  flash [1] level 1: Flash sector already contains matching data: skipping write operation.
writing an updated CFG at address 0x89CE0: 1
(b0:0,b1:42,i1:1,li2:1234567890123456,i3:-555,iter:335)
  flash [0] level 0: Must disable interrupts when writing to flash; this is done automatically.
Halting... (press RESET button to observe the last written CFG being kept intact in flash storage)






DueFlashStorage: reading/writing a struct from/to flash example (with optimized write: only when change has happened)
Z:\lib\tooling\qiqqa\MuPDF\thirdparty\owemdjee\DueFlashStorage\examples\DueFlashStorageOverwriteWithSameExample\DueFlashStorageExample.ino


scanning the flash data zone...
Scan results:
last used @ 0x89CE0: (b0:0,b1:42,i1:1,li2:1234567890123456,i3:-555,iter:335)
oldest used @ 0x0: (b0:0,b1:128,i1:528425,li2:8169F8169F,i3:530079,iter:530079)
Inspected 336 slots, out of a total of 15464 potential slots.
writing an updated CFG at address 0x89D00: 1
(b0:0,b1:42,i1:1,li2:1234567890123456,i3:-555,iter:336)
  flash [0] level 0: Must disable interrupts when writing to flash; this is done automatically.
========================================================
(re)writing active CFG (unchanged) -- this should report that there's nothing to write as the CFG data has not changed -- at 0x89D00: 1
  flash [0] level 0: Must disable interrupts when writing to flash; this is done automatically.
  flash [1] level 1: Flash sector already contains matching data: skipping write operation.
-----------------------------------------
(re)writing active CFG (unchanged) -- this should report that there's nothing to write as the CFG data has not changed -- at 0x89D00: 1
  flash [0] level 0: Must disable interrupts when writing to flash; this is done automatically.
  flash [1] level 1: Flash sector already contains matching data: skipping write operation.
writing an updated CFG at address 0x89D20: 1
(b0:0,b1:42,i1:1,li2:1234567890123456,i3:-555,iter:337)
  flash [0] level 0: Must disable interrupts when writing to flash; this is done automatically.
-----------------------------------------
(re)writing active CFG (unchanged) -- this should report that there's nothing to write as the CFG data has not changed -- at 0x89D20: 1
  flash [0] level 0: Must disable interrupts when writing to flash; this is done automatically.
  flash [1] level 1: Flash sector already contains matching data: skipping write operation.
-----------------------------------------
(re)writing active CFG (unchanged) -- this should report that there's nothing to write as the CFG data has not changed -- at 0x89D20: 1
  flash [0] level 0: Must disable interrupts when writing to flash; this is done automatically.
  flash [1] level 1: Flash sector already contains matching data: skipping write operation.
-----------------------------------------
(re)writing active CFG (unchanged) -- this should report that there's nothing to write as the CFG data has not changed -- at 0x89D20: 1
  flash [0] level 0: Must disable interrupts when writing to flash; this is done automatically.
  flash [1] level 1: Flash sector already contains matching data: skipping write operation.
writing an updated CFG at address 0x89D40: 1
(b0:0,b1:42,i1:1,li2:1234567890123456,i3:-555,iter:338)
  flash [0] level 0: Must disable interrupts when writing to flash; this is done automatically.
-----------------------------------------
(re)writing active CFG (unchanged) -- this should report that there's nothing to write as the CFG data has not changed -- at 0x89D40: 1
  flash [0] level 0: Must disable interrupts when writing to flash; this is done automatically.
  flash [1] level 1: Flash sector already contains matching data: skipping write operation.
-----------------------------------------
(re)writing active CFG (unchanged) -- this should report that there's nothing to write as the CFG data has not changed -- at 0x89D40: 1
  flash [0] level 0: Must disable interrupts when writing to flash; this is done automatically.
  flash [1] level 1: Flash sector already contains matching data: skipping write operation.
-----------------------------------------
(re)writing active CFG (unchanged) -- this should report that there's nothing to write as the CFG data has not changed -- at 0x89D40: 1
  flash [0] level 0: Must disable interrupts when writing to flash; this is done automatically.
  flash [1] level 1: Flash sector already contains matching data: skipping write operation.
writing an updated CFG at address 0x89D60: 1
(b0:0,b1:42,i1:1,li2:1234567890123456,i3:-555,iter:339)
  flash [0] level 0: Must disable interrupts when writing to flash; this is done automatically.
-----------------------------------------
(re)writing active CFG (unchanged) -- this should report that there's nothing to write as the CFG data has not changed -- at 0x89D60: 1
  flash [0] level 0: Must disable interrupts when writing to flash; this is done automatically.
  flash [1] level 1: Flash sector already contains matching data: skipping write operation.
-----------------------------------------
(re)writing active CFG (unchanged) -- this should report that there's nothing to write as the CFG data has not changed -- at 0x89D60: 1
  flash [0] level 0: Must disable interrupts when writing to flash; this is done automatically.
  flash [1] level 1: Flash sector already contains matching data: skipping write operation.
-----------------------------------------
(re)writing active CFG (unchanged) -- this should report that there's nothing to write as the CFG data has not changed -- at 0x89D60: 1
  flash [0] level 0: Must disable interrupts when writing to flash; this is done automatically.
  flash [1] level 1: Flash sector already contains matching data: skipping write operation.
writing an updated CFG at address 0x89D80: 1
(b0:0,b1:42,i1:1,li2:1234567890123456,i3:-555,iter:340)
  flash [0] level 0: Must disable interrupts when writing to flash; this is done automatically.
-----------------------------------------
(re)writing active CFG (unchanged) -- this should report that there's nothing to write as the CFG data has not changed -- at 0x89D80: 1
  flash [0] level 0: Must disable interrupts when writing to flash; this is done automatically.
  flash [1] level 1: Flash sector already contains matching data: skipping write operation.
-----------------------------------------
(re)writing active CFG (unchanged) -- this should report that there's nothing to write as the CFG data has not changed -- at 0x89D80: 1
  flash [0] level 0: Must disable interrupts when writing to flash; this is done automatically.
  flash [1] level 1: Flash sector already contains matching data: skipping write operation.
-----------------------------------------
(re)writing active CFG (unchanged) -- this should report that there's nothing to write as the CFG data has not changed -- at 0x89D80: 1
  flash [0] level 0: Must disable interrupts when writing to flash; this is done automatically.
  flash [1] level 1: Flash sector already contains matching data: skipping write operation.
writing an updated CFG at address 0x89DA0: 1
(b0:0,b1:42,i1:1,li2:1234567890123456,i3:-555,iter:341)
  flash [0] level 0: Must disable interrupts when writing to flash; this is done automatically.
-----------------------------------------
(re)writing active CFG (unchanged) -- this should report that there's nothing to write as the CFG data has not changed -- at 0x89DA0: 1
  flash [0] level 0: Must disable interrupts when writing to flash; this is done automatically.
  flash [1] level 1: Flash sector already contains matching data: skipping write operation.
-----------------------------------------
(re)writing active CFG (unchanged) -- this should report that there's nothing to write as the CFG data has not changed -- at 0x89DA0: 1
  flash [0] level 0: Must disable interrupts when writing to flash; this is done automatically.
  flash [1] level 1: Flash sector already contains matching data: skipping write operation.
-----------------------------------------
(re)writing active CFG (unchanged) -- this should report that there's nothing to write as the CFG data has not changed -- at 0x89DA0: 1
  flash [0] level 0: Must disable interrupts when writing to flash; this is done automatically.
  flash [1] level 1: Flash sector already contains matching data: skipping write operation.
writing an updated CFG at address 0x89DC0: 1
(b0:0,b1:42,i1:1,li2:1234567890123456,i3:-555,iter:342)
  flash [0] level 0: Must disable interrupts when writing to flash; this is done automatically.
-----------------------------------------
(re)writing active CFG (unchanged) -- this should report that there's nothing to write as the CFG data has not changed -- at 0x89DC0: 1
  flash [0] level 0: Must disable interrupts when writing to flash; this is done automatically.
  flash [1] level 1: Flash sector already contains matching data: skipping write operation.
-----------------------------------------
(re)writing active CFG (unchanged) -- this should report that there's nothing to write as the CFG data has not changed -- at 0x89DC0: 1
  flash [0] level 0: Must disable interrupts when writing to flash; this is done automatically.
  flash [1] level 1: Flash sector already contains matching data: skipping write operation.
-----------------------------------------
(re)writing active CFG (unchanged) -- this should report that there's nothing to write as the CFG data has not changed -- at 0x89DC0: 1
  flash [0] level 0: Must disable interrupts when writing to flash; this is done automatically.
  flash [1] level 1: Flash sector already contains matching data: skipping write operation.
writing an updated CFG at address 0x89DE0: 1
(b0:0,b1:42,i1:1,li2:1234567890123456,i3:-555,iter:343)
  flash [0] level 0: Must disable interrupts when writing to flash; this is done automatically.
-----------------------------------------
(re)writing active CFG (unchanged) -- this should report that there's nothing to write as the CFG data has not changed -- at 0x89DE0: 1
  flash [0] level 0: Must disable interrupts when writing to flash; this is done automatically.
  flash [1] level 1: Flash sector already contains matching data: skipping write operation.
-----------------------------------------
(re)writing active CFG (unchanged) -- this should report that there's nothing to write as the CFG data has not changed -- at 0x89DE0: 1
  flash [0] level 0: Must disable interrupts when writing to flash; this is done automatically.
  flash [1] level 1: Flash sector already contains matching data: skipping write operation.
-----------------------------------------
(re)writing active CFG (unchanged) -- this should report that there's nothing to write as the CFG data has not changed -- at 0x89DE0: 1
  flash [0] level 0: Must disable interrupts when writing to flash; this is done automatically.
  flash [1] level 1: Flash sector already contains matching data: skipping write operation.
writing an updated CFG at address 0x89E00: 1
(b0:0,b1:42,i1:1,li2:1234567890123456,i3:-555,iter:344)
  flash [0] level 0: Must disable interrupts when writing to flash; this is done automatically.
-----------------------------------------
(re)writing active CFG (unchanged) -- this should report that there's nothing to write as the CFG data has not changed -- at 0x89E00: 1
  flash [0] level 0: Must disable interrupts when writing to flash; this is done automatically.
  flash [1] level 1: Flash sector already contains matching data: skipping write operation.
-----------------------------------------
(re)writing active CFG (unchanged) -- this should report that there's nothing to write as the CFG data has not changed -- at 0x89E00: 1
  flash [0] level 0: Must disable interrupts when writing to flash; this is done automatically.
  flash [1] level 1: Flash sector already contains matching data: skipping write operation.
-----------------------------------------
(re)writing active CFG (unchanged) -- this should report that there's nothing to write as the CFG data has not changed -- at 0x89E00: 1
  flash [0] level 0: Must disable interrupts when writing to flash; this is done automatically.
  flash [1] level 1: Flash sector already contains matching data: skipping write operation.
writing an updated CFG at address 0x89E20: 1
(b0:0,b1:42,i1:1,li2:1234567890123456,i3:-555,iter:345)
  flash [0] level 0: Must disable interrupts when writing to flash; this is done automatically.
-----------------------------------------
(re)writing active CFG (unchanged) -- this should report that there's nothing to write as the CFG data has not changed -- at 0x89E20: 1
  flash [0] level 0: Must disable interrupts when writing to flash; this is done automatically.
  flash [1] level 1: Flash sector already contains matching data: skipping write operation.
-----------------------------------------
(re)writing active CFG (unchanged) -- this should report that there's nothing to write as the CFG data has not changed -- at 0x89E20: 1
  flash [0] level 0: Must disable interrupts when writing to flash; this is done automatically.
  flash [1] level 1: Flash sector already contains matching data: skipping write operation.
-----------------------------------------
(re)writing active CFG (unchanged) -- this should report that there's nothing to write as the CFG data has not changed -- at 0x89E20: 1
  flash [0] level 0: Must disable interrupts when writing to flash; this is done automatically.
  flash [1] level 1: Flash sector already contains matching data: skipping write operation.
writing an updated CFG at address 0x89E40: 1
(b0:0,b1:42,i1:1,li2:1234567890123456,i3:-555,iter:346)
  flash [0] level 0: Must disable interrupts when writing to flash; this is done automatically.
-----------------------------------------
(re)writing active CFG (unchanged) -- this should report that there's nothing to write as the CFG data has not changed -- at 0x89E40: 1
  flash [0] level 0: Must disable interrupts when writing to flash; this is done automatically.
  flash [1] level 1: Flash sector already contains matching data: skipping write operation.
-----------------------------------------
(re)writing active CFG (unchanged) -- this should report that there's nothing to write as the CFG data has not changed -- at 0x89E40: 1
  flash [0] level 0: Must disable interrupts when writing to flash; this is done automatically.
  flash [1] level 1: Flash sector already contains matching data: skipping write operation.
-----------------------------------------
(re)writing active CFG (unchanged) -- this should report that there's nothing to write as the CFG data has not changed -- at 0x89E40: 1
  flash [0] level 0: Must disable interrupts when writing to flash; this is done automatically.
  flash [1] level 1: Flash sector already contains matching data: skipping write operation.
writing an updated CFG at address 0x89E60: 1
(b0:0,b1:42,i1:1,li2:1234567890123456,i3:-555,iter:347)
  flash [0] level 0: Must disable interrupts when writing to flash; this is done automatically.
-----------------------------------------
(re)writing active CFG (unchanged) -- this should report that there's nothing to write as the CFG data has not changed -- at 0x89E60: 1
  flash [0] level 0: Must disable interrupts when writing to flash; this is done automatically.
  flash [1] level 1: Flash sector already contains matching data: skipping write operation.
-----------------------------------------
(re)writing active CFG (unchanged) -- this should report that there's nothing to write as the CFG data has not changed -- at 0x89E60: 1
  flash [0] level 0: Must disable interrupts when writing to flash; this is done automatically.
  flash [1] level 1: Flash sector already contains matching data: skipping write operation.
-----------------------------------------
(re)writing active CFG (unchanged) -- this should report that there's nothing to write as the CFG data has not changed -- at 0x89E60: 1
  flash [0] level 0: Must disable interrupts when writing to flash; this is done automatically.
  flash [1] level 1: Flash sector already contains matching data: skipping write operation.
writing an updated CFG at address 0x89E80: 1
(b0:0,b1:42,i1:1,li2:1234567890123456,i3:-555,iter:348)
  flash [0] level 0: Must disable interrupts when writing to flash; this is done automatically.
-----------------------------------------
(re)writing active CFG (unchanged) -- this should report that there's nothing to write as the CFG data has not changed -- at 0x89E80: 1
  flash [0] level 0: Must disable interrupts when writing to flash; this is done automatically.
  flash [1] level 1: Flash sector already contains matching data: skipping write operation.
-----------------------------------------
(re)writing active CFG (unchanged) -- this should report that there's nothing to write as the CFG data has not changed -- at 0x89E80: 1
  flash [0] level 0: Must disable interrupts when writing to flash; this is done automatically.
  flash [1] level 1: Flash sector already contains matching data: skipping write operation.
-----------------------------------------
(re)writing active CFG (unchanged) -- this should report that there's nothing to write as the CFG data has not changed -- at 0x89E80: 1
  flash [0] level 0: Must disable interrupts when writing to flash; this is done automatically.
  flash [1] level 1: Flash sector already contains matching data: skipping write operation.
writing an updated CFG at address 0x89EA0: 1
(b0:0,b1:42,i1:1,li2:1234567890123456,i3:-555,iter:349)
  flash [0] level 0: Must disable interrupts when writing to flash; this is done automatically.
-----------------------------------------
(re)writing active CFG (unchanged) -- this should report that there's nothing to write as the CFG data has not changed -- at 0x89EA0: 1
  flash [0] level 0: Must disable interrupts when writing to flash; this is done automatically.
  flash [1] level 1: Flash sector already contains matching data: skipping write operation.
-----------------------------------------
(re)writing active CFG (unchanged) -- this should report that there's nothing to write as the CFG data has not changed -- at 0x89EA0: 1
  flash [0] level 0: Must disable interrupts when writing to flash; this is done automatically.
  flash [1] level 1: Flash sector already contains matching data: skipping write operation.
-----------------------------------------
(re)writing active CFG (unchanged) -- this should report that there's nothing to write as the CFG data has not changed -- at 0x89EA0: 1
  flash [0] level 0: Must disable interrupts when writing to flash; this is done automatically.
  flash [1] level 1: Flash sector already contains matching data: skipping write operation.
writing an updated CFG at address 0x89EC0: 1
(b0:0,b1:42,i1:1,li2:1234567890123456,i3:-555,iter:350)
  flash [0] level 0: Must disable interrupts when writing to flash; this is done automatically.
-----------------------------------------
(re)writing active CFG (unchanged) -- this should report that there's nothing to write as the CFG data has not changed -- at 0x89EC0: 1
  flash [0] level 0: Must disable interrupts when writing to flash; this is done automatically.
  flash [1] level 1: Flash sector already contains matching data: skipping write operation.
-----------------------------------------
(re)writing active CFG (unchanged) -- this should report that there's nothing to write as the CFG data has not changed -- at 0x89EC0: 1
  flash [0] level 0: Must disable interrupts when writing to flash; this is done automatically.
  flash [1] level 1: Flash sector already contains matching data: skipping write operation.
-----------------------------------------
(re)writing active CFG (unchanged) -- this should report that there's nothing to write as the CFG data has not changed -- at 0x89EC0: 1
  flash [0] level 0: Must disable interrupts when writing to flash; this is done automatically.
  flash [1] level 1: Flash sector already contains matching data: skipping write operation.
writing an updated CFG at address 0x89EE0: 1
(b0:0,b1:42,i1:1,li2:1234567890123456,i3:-555,iter:351)
  flash [0] level 0: Must disable interrupts when writing to flash; this is done automatically.
-----------------------------------------
(re)writing active CFG (unchanged) -- this should report that there's nothing to write as the CFG data has not changed -- at 0x89EE0: 1
  flash [0] level 0: Must disable interrupts when writing to flash; this is done automatically.
  flash [1] level 1: Flash sector already contains matching data: skipping write operation.
-----------------------------------------
(re)writing active CFG (unchanged) -- this should report that there's nothing to write as the CFG data has not changed -- at 0x89EE0: 1
  flash [0] level 0: Must disable interrupts when writing to flash; this is done automatically.
  flash [1] level 1: Flash sector already contains matching data: skipping write operation.
-----------------------------------------
(re)writing active CFG (unchanged) -- this should report that there's nothing to write as the CFG data has not changed -- at 0x89EE0: 1
  flash [0] level 0: Must disable interrupts when writing to flash; this is done automatically.
  flash [1] level 1: Flash sector already contains matching data: skipping write operation.
writing an updated CFG at address 0x89F00: 1
(b0:0,b1:42,i1:1,li2:1234567890123456,i3:-555,iter:352)
  flash [0] level 0: Must disable interrupts when writing to flash; this is done automatically.
-----------------------------------------
(re)writing active CFG (unchanged) -- this should report that there's nothing to write as the CFG data has not changed -- at 0x89F00: 1
  flash [0] level 0: Must disable interrupts when writing to flash; this is done automatically.
  flash [1] level 1: Flash sector already contains matching data: skipping write operation.
-----------------------------------------
(re)writing active CFG (unchanged) -- this should report that there's nothing to write as the CFG data has not changed -- at 0x89F00: 1
  flash [0] level 0: Must disable interrupts when writing to flash; this is done automatically.
  flash [1] level 1: Flash sector already contains matching data: skipping write operation.
-----------------------------------------
(re)writing active CFG (unchanged) -- this should report that there's nothing to write as the CFG data has not changed -- at 0x89F00: 1
  flash [0] level 0: Must disable interrupts when writing to flash; this is done automatically.
  flash [1] level 1: Flash sector already contains matching data: skipping write operation.
writing an updated CFG at address 0x89F20: 1
(b0:0,b1:42,i1:1,li2:1234567890123456,i3:-555,iter:353)
  flash [0] level 0: Must disable interrupts when writing to flash; this is done automatically.
-----------------------------------------
(re)writing active CFG (unchanged) -- this should report that there's nothing to write as the CFG data has not changed -- at 0x89F20: 1
  flash [0] level 0: Must disable interrupts when writing to flash; this is done automatically.
  flash [1] level 1: Flash sector already contains matching data: skipping write operation.
-----------------------------------------
(re)writing active CFG (unchanged) -- this should report that there's nothing to write as the CFG data has not changed -- at 0x89F20: 1
  flash [0] level 0: Must disable interrupts when writing to flash; this is done automatically.
  flash [1] level 1: Flash sector already contains matching data: skipping write operation.
-----------------------------------------
(re)writing active CFG (unchanged) -- this should report that there's nothing to write as the CFG data has not changed -- at 0x89F20: 1
  flash [0] level 0: Must disable interrupts when writing to flash; this is done automatically.
  flash [1] level 1: Flash sector already contains matching data: skipping write operation.
writing an updated CFG at address 0x89F40: 1
(b0:0,b1:42,i1:1,li2:1234567890123456,i3:-555,iter:354)
  flash [0] level 0: Must disable interrupts when writing to flash; this is done automatically.
-----------------------------------------
(re)writing active CFG (unchanged) -- this should report that there's nothing to write as the CFG data has not changed -- at 0x89F40: 1
  flash [0] level 0: Must disable interrupts when writing to flash; this is done automatically.
  flash [1] level 1: Flash sector already contains matching data: skipping write operation.
-----------------------------------------
(re)writing active CFG (unchanged) -- this should report that there's nothing to write as the CFG data has not changed -- at 0x89F40: 1
  flash [0] level 0: Must disable interrupts when writing to flash; this is done automatically.
  flash [1] level 1: Flash sector already contains matching data: skipping write operation.
-----------------------------------------
(re)writing active CFG (unchanged) -- this should report that there's nothing to write as the CFG data has not changed -- at 0x89F40: 1
  flash [0] level 0: Must disable interrupts when writing to flash; this is done automatically.
  flash [1] level 1: Flash sector already contains matching data: skipping write operation.
writing an updated CFG at address 0x89F60: 1
(b0:0,b1:42,i1:1,li2:1234567890123456,i3:-555,iter:355)
  flash [0] level 0: Must disable interrupts when writing to flash; this is done automatically.
-----------------------------------------
(re)writing active CFG (unchanged) -- this should report that there's nothing to write as the CFG data has not changed -- at 0x89F60: 1
  flash [0] level 0: Must disable interrupts when writing to flash; this is done automatically.
  flash [1] level 1: Flash sector already contains matching data: skipping write operation.
-----------------------------------------
(re)writing active CFG (unchanged) -- this should report that there's nothing to write as the CFG data has not changed -- at 0x89F60: 1
  flash [0] level 0: Must disable interrupts when writing to flash; this is done automatically.
  flash [1] level 1: Flash sector already contains matching data: skipping write operation.
-----------------------------------------
(re)writing active CFG (unchanged) -- this should report that there's nothing to write as the CFG data has not changed -- at 0x89F60: 1
  flash [0] level 0: Must disable interrupts when writing to flash; this is done automatically.
  flash [1] level 1: Flash sector already contains matching data: skipping write operation.
writing an updated CFG at address 0x89F80: 1
(b0:0,b1:42,i1:1,li2:1234567890123456,i3:-555,iter:356)
  flash [0] level 0: Must disable interrupts when writing to flash; this is done automatically.
-----------------------------------------
(re)writing active CFG (unchanged) -- this should report that there's nothing to write as the CFG data has not changed -- at 0x89F80: 1
  flash [0] level 0: Must disable interrupts when writing to flash; this is done automatically.
  flash [1] level 1: Flash sector already contains matching data: skipping write operation.
-----------------------------------------
(re)writing active CFG (unchanged) -- this should report that there's nothing to write as the CFG data has not changed -- at 0x89F80: 1
  flash [0] level 0: Must disable interrupts when writing to flash; this is done automatically.
  flash [1] level 1: Flash sector already contains matching data: skipping write operation.
-----------------------------------------
(re)writing active CFG (unchanged) -- this should report that there's nothing to write as the CFG data has not changed -- at 0x89F80: 1
  flash [0] level 0: Must disable interrupts when writing to flash; this is done automatically.
  flash [1] level 1: Flash sector already contains matching data: skipping write operation.
writing an updated CFG at address 0x89FA0: 1
(b0:0,b1:42,i1:1,li2:1234567890123456,i3:-555,iter:357)
  flash [0] level 0: Must disable interrupts when writing to flash; this is done automatically.
-----------------------------------------
(re)writing active CFG (unchanged) -- this should report that there's nothing to write as the CFG data has not changed -- at 0x89FA0: 1
  flash [0] level 0: Must disable interrupts when writing to flash; this is done automatically.
  flash [1] level 1: Flash sector already contains matching data: skipping write operation.
-----------------------------------------
(re)writing active CFG (unchanged) -- this should report that there's nothing to write as the CFG data has not changed -- at 0x89FA0: 1
  flash [0] level 0: Must disable interrupts when writing to flash; this is done automatically.
  flash [1] level 1: Flash sector already contains matching data: skipping write operation.
-----------------------------------------
(re)writing active CFG (unchanged) -- this should report that there's nothing to write as the CFG data has not changed -- at 0x89FA0: 1
  flash [0] level 0: Must disable interrupts when writing to flash; this is done automatically.
  flash [1] level 1: Flash sector already contains matching data: skipping write operation.
writing an updated CFG at address 0x89FC0: 1
(b0:0,b1:42,i1:1,li2:1234567890123456,i3:-555,iter:358)
  flash [0] level 0: Must disable interrupts when writing to flash; this is done automatically.
-----------------------------------------
(re)writing active CFG (unchanged) -- this should report that there's nothing to write as the CFG data has not changed -- at 0x89FC0: 1
  flash [0] level 0: Must disable interrupts when writing to flash; this is done automatically.
  flash [1] level 1: Flash sector already contains matching data: skipping write operation.
-----------------------------------------
(re)writing active CFG (unchanged) -- this should report that there's nothing to write as the CFG data has not changed -- at 0x89FC0: 1
  flash [0] level 0: Must disable interrupts when writing to flash; this is done automatically.
  flash [1] level 1: Flash sector already contains matching data: skipping write operation.
-----------------------------------------
(re)writing active CFG (unchanged) -- this should report that there's nothing to write as the CFG data has not changed -- at 0x89FC0: 1
  flash [0] level 0: Must disable interrupts when writing to flash; this is done automatically.
  flash [1] level 1: Flash sector already contains matching data: skipping write operation.
writing an updated CFG at address 0x89FE0: 1
(b0:0,b1:42,i1:1,li2:1234567890123456,i3:-555,iter:359)
  flash [0] level 0: Must disable interrupts when writing to flash; this is done automatically.
-----------------------------------------
(re)writing active CFG (unchanged) -- this should report that there's nothing to write as the CFG data has not changed -- at 0x89FE0: 1
  flash [0] level 0: Must disable interrupts when writing to flash; this is done automatically.
  flash [1] level 1: Flash sector already contains matching data: skipping write operation.
-----------------------------------------
(re)writing active CFG (unchanged) -- this should report that there's nothing to write as the CFG data has not changed -- at 0x89FE0: 1
  flash [0] level 0: Must disable interrupts when writing to flash; this is done automatically.
  flash [1] level 1: Flash sector already contains matching data: skipping write operation.
-----------------------------------------
(re)writing active CFG (unchanged) -- this should report that there's nothing to write as the CFG data has not changed -- at 0x89FE0: 1
  flash [0] level 0: Must disable interrupts when writing to flash; this is done automatically.
  flash [1] level 1: Flash sector already contains matching data: skipping write operation.
writing an updated CFG at address 0x8A000: 1
(b0:0,b1:42,i1:1,li2:1234567890123456,i3:-555,iter:360)
  flash [0] level 0: Must disable interrupts when writing to flash; this is done automatically.
-----------------------------------------
(re)writing active CFG (unchanged) -- this should report that there's nothing to write as the CFG data has not changed -- at 0x8A000: 1
  flash [0] level 0: Must disable interrupts when writing to flash; this is done automatically.
  flash [1] level 1: Flash sector already contains matching data: skipping write operation.
-----------------------------------------
(re)writing active CFG (unchanged) -- this should report that there's nothing to write as the CFG data has not changed -- at 0x8A000: 1
  flash [0] level 0: Must disable interrupts when writing to flash; this is done automatically.
  flash [1] level 1: Flash sector already contains matching data: skipping write operation.
-----------------------------------------
(re)writing active CFG (unchanged) -- this should report that there's nothing to write as the CFG data has not changed -- at 0x8A000: 1
  flash [0] level 0: Must disable interrupts when writing to flash; this is done automatically.
  flash [1] level 1: Flash sector already contains matching data: skipping write operation.
writing an updated CFG at address 0x8A020: 1
(b0:0,b1:42,i1:1,li2:1234567890123456,i3:-555,iter:361)
  flash [0] level 0: Must disable interrupts when writing to flash; this is done automatically.
-----------------------------------------
(re)writing active CFG (unchanged) -- this should report that there's nothing to write as the CFG data has not changed -- at 0x8A020: 1
  flash [0] level 0: Must disable interrupts when writing to flash; this is done automatically.
  flash [1] level 1: Flash sector already contains matching data: skipping write operation.
-----------------------------------------
(re)writing active CFG (unchanged) -- this should report that there's nothing to write as the CFG data has not changed -- at 0x8A020: 1
  flash [0] level 0: Must disable interrupts when writing to flash; this is done automatically.
  flash [1] level 1: Flash sector already contains matching data: skipping write operation.
-----------------------------------------
(re)writing active CFG (unchanged) -- this should report that there's nothing to write as the CFG data has not changed -- at 0x8A020: 1
  flash [0] level 0: Must disable interrupts when writing to flash; this is done automatically.
  flash [1] level 1: Flash sector already contains matching data: skipping write operation.
writing an updated CFG at address 0x8A040: 1
(b0:0,b1:42,i1:1,li2:1234567890123456,i3:-555,iter:362)
  flash [0] level 0: Must disable interrupts when writing to flash; this is done automatically.
-----------------------------------------
(re)writing active CFG (unchanged) -- this should report that there's nothing to write as the CFG data has not changed -- at 0x8A040: 1
  flash [0] level 0: Must disable interrupts when writing to flash; this is done automatically.
  flash [1] level 1: Flash sector already contains matching data: skipping write operation.
-----------------------------------------
(re)writing active CFG (unchanged) -- this should report that there's nothing to write as the CFG data has not changed -- at 0x8A040: 1
  flash [0] level 0: Must disable interrupts when writing to flash; this is done automatically.
  flash [1] level 1: Flash sector already contains matching data: skipping write operation.
-----------------------------------------
(re)writing active CFG (unchanged) -- this should report that there's nothing to write as the CFG data has not changed -- at 0x8A040: 1
  flash [0] level 0: Must disable interrupts when writing to flash; this is done automatically.
  flash [1] level 1: Flash sector already contains matching data: skipping write operation.
writing an updated CFG at address 0x8A060: 1
(b0:0,b1:42,i1:1,li2:1234567890123456,i3:-555,iter:363)
  flash [0] level 0: Must disable interrupts when writing to flash; this is done automatically.
-----------------------------------------
(re)writing active CFG (unchanged) -- this should report that there's nothing to write as the CFG data has not changed -- at 0x8A060: 1
  flash [0] level 0: Must disable interrupts when writing to flash; this is done automatically.
  flash [1] level 1: Flash sector already contains matching data: skipping write operation.
-----------------------------------------
(re)writing active CFG (unchanged) -- this should report that there's nothing to write as the CFG data has not changed -- at 0x8A060: 1
  flash [0] level 0: Must disable interrupts when writing to flash; this is done automatically.
  flash [1] level 1: Flash sector already contains matching data: skipping write operation.
-----------------------------------------
(re)writing active CFG (unchanged) -- this should report that there's nothing to write as the CFG data has not changed -- at 0x8A060: 1
  flash [0] level 0: Must disable interrupts when writing to flash; this is done automatically.
  flash [1] level 1: Flash sector already contains matching data: skipping write operation.
writing an updated CFG at address 0x8A080: 1
(b0:0,b1:42,i1:1,li2:1234567890123456,i3:-555,iter:364)
  flash [0] level 0: Must disable interrupts when writing to flash; this is done automatically.
-----------------------------------------
(re)writing active CFG (unchanged) -- this should report that there's nothing to write as the CFG data has not changed -- at 0x8A080: 1
  flash [0] level 0: Must disable interrupts when writing to flash; this is done automatically.
  flash [1] level 1: Flash sector already contains matching data: skipping write operation.
-----------------------------------------
(re)writing active CFG (unchanged) -- this should report that there's nothing to write as the CFG data has not changed -- at 0x8A080: 1
  flash [0] level 0: Must disable interrupts when writing to flash; this is done automatically.
  flash [1] level 1: Flash sector already contains matching data: skipping write operation.
-----------------------------------------
(re)writing active CFG (unchanged) -- this should report that there's nothing to write as the CFG data has not changed -- at 0x8A080: 1
  flash [0] level 0: Must disable interrupts when writing to flash; this is done automatically.
  flash [1] level 1: Flash sector already contains matching data: skipping write operation.
writing an updated CFG at address 0x8A0A0: 1
(b0:0,b1:42,i1:1,li2:1234567890123456,i3:-555,iter:365)
  flash [0] level 0: Must disable interrupts when writing to flash; this is done automatically.
-----------------------------------------
(re)writing active CFG (unchanged) -- this should report that there's nothing to write as the CFG data has not changed -- at 0x8A0A0: 1
  flash [0] level 0: Must disable interrupts when writing to flash; this is done automatically.
  flash [1] level 1: Flash sector already contains matching data: skipping write operation.
-----------------------------------------
(re)writing active CFG (unchanged) -- this should report that there's nothing to write as the CFG data has not changed -- at 0x8A0A0: 1
  flash [0] level 0: Must disable interrupts when writing to flash; this is done automatically.
  flash [1] level 1: Flash sector already contains matching data: skipping write operation.
-----------------------------------------
(re)writing active CFG (unchanged) -- this should report that there's nothing to write as the CFG data has not changed -- at 0x8A0A0: 1
  flash [0] level 0: Must disable interrupts when writing to flash; this is done automatically.
  flash [1] level 1: Flash sector already contains matching data: skipping write operation.
writing an updated CFG at address 0x8A0C0: 1
(b0:0,b1:42,i1:1,li2:1234567890123456,i3:-555,iter:366)
  flash [0] level 0: Must disable interrupts when writing to flash; this is done automatically.
-----------------------------------------
(re)writing active CFG (unchanged) -- this should report that there's nothing to write as the CFG data has not changed -- at 0x8A0C0: 1
  flash [0] level 0: Must disable interrupts when writing to flash; this is done automatically.
  flash [1] level 1: Flash sector already contains matching data: skipping write operation.
-----------------------------------------
(re)writing active CFG (unchanged) -- this should report that there's nothing to write as the CFG data has not changed -- at 0x8A0C0: 1
  flash [0] level 0: Must disable interrupts when writing to flash; this is done automatically.
  flash [1] level 1: Flash sector already contains matching data: skipping write operation.
-----------------------------------------
(re)writing active CFG (unchanged) -- this should report that there's nothing to write as the CFG data has not changed -- at 0x8A0C0: 1
  flash [0] level 0: Must disable interrupts when writing to flash; this is done automatically.
  flash [1] level 1: Flash sector already contains matching data: skipping write operation.
writing an updated CFG at address 0x8A0E0: 1
(b0:0,b1:42,i1:1,li2:1234567890123456,i3:-555,iter:367)
  flash [0] level 0: Must disable interrupts when writing to flash; this is done automatically.
-----------------------------------------
(re)writing active CFG (unchanged) -- this should report that there's nothing to write as the CFG data has not changed -- at 0x8A0E0: 1
  flash [0] level 0: Must disable interrupts when writing to flash; this is done automatically.
  flash [1] level 1: Flash sector already contains matching data: skipping write operation.
-----------------------------------------
(re)writing active CFG (unchanged) -- this should report that there's nothing to write as the CFG data has not changed -- at 0x8A0E0: 1
  flash [0] level 0: Must disable interrupts when writing to flash; this is done automatically.
  flash [1] level 1: Flash sector already contains matching data: skipping write operation.
-----------------------------------------
(re)writing active CFG (unchanged) -- this should report that there's nothing to write as the CFG data has not changed -- at 0x8A0E0: 1
  flash [0] level 0: Must disable interrupts when writing to flash; this is done automatically.
  flash [1] level 1: Flash sector already contains matching data: skipping write operation.
writing an updated CFG at address 0x8A100: 1
(b0:0,b1:42,i1:1,li2:1234567890123456,i3:-555,iter:368)
  flash [0] level 0: Must disable interrupts when writing to flash; this is done automatically.
-----------------------------------------
(re)writing active CFG (unchanged) -- this should report that there's nothing to write as the CFG data has not changed -- at 0x8A100: 1
  flash [0] level 0: Must disable interrupts when writing to flash; this is done automatically.
  flash [1] level 1: Flash sector already contains matching data: skipping write operation.
-----------------------------------------
(re)writing active CFG (unchanged) -- this should report that there's nothing to write as the CFG data has not changed -- at 0x8A100: 1
  flash [0] level 0: Must disable interrupts when writing to flash; this is done automatically.
  flash [1] level 1: Flash sector already contains matching data: skipping write operation.
-----------------------------------------
(re)writing active CFG (unchanged) -- this should report that there's nothing to write as the CFG data has not changed -- at 0x8A100: 1
  flash [0] level 0: Must disable interrupts when writing to flash; this is done automatically.
  flash [1] level 1: Flash sector already contains matching data: skipping write operation.
writing an updated CFG at address 0x8A120: 1
(b0:0,b1:42,i1:1,li2:1234567890123456,i3:-555,iter:369)
  flash [0] level 0: Must disable interrupts when writing to flash; this is done automatically.
-----------------------------------------
(re)writing active CFG (unchanged) -- this should report that there's nothing to write as the CFG data has not changed -- at 0x8A120: 1
  flash [0] level 0: Must disable interrupts when writing to flash; this is done automatically.
  flash [1] level 1: Flash sector already contains matching data: skipping write operation.
-----------------------------------------
(re)writing active CFG (unchanged) -- this should report that there's nothing to write as the CFG data has not changed -- at 0x8A120: 1
  flash [0] level 0: Must disable interrupts when writing to flash; this is done automatically.
  flash [1] level 1: Flash sector already contains matching data: skipping write operation.
-----------------------------------------
(re)writing active CFG (unchanged) -- this should report that there's nothing to write as the CFG data has not changed -- at 0x8A120: 1
  flash [0] level 0: Must disable interrupts when writing to flash; this is done automatically.
  flash [1] level 1: Flash sector already contains matching data: skipping write operation.
writing an updated CFG at address 0x8A140: 1
(b0:0,b1:42,i1:1,li2:1234567890123456,i3:-555,iter:370)
  flash [0] level 0: Must disable interrupts when writing to flash; this is done automatically.
-----------------------------------------
(re)writing active CFG (unchanged) -- this should report that there's nothing to write as the CFG data has not changed -- at 0x8A140: 1
  flash [0] level 0: Must disable interrupts when writing to flash; this is done automatically.
  flash [1] level 1: Flash sector already contains matching data: skipping write operation.
-----------------------------------------
(re)writing active CFG (unchanged) -- this should report that there's nothing to write as the CFG data has not changed -- at 0x8A140: 1
  flash [0] level 0: Must disable interrupts when writing to flash; this is done automatically.
  flash [1] level 1: Flash sector already contains matching data: skipping write operation.
-----------------------------------------
(re)writing active CFG (unchanged) -- this should report that there's nothing to write as the CFG data has not changed -- at 0x8A140: 1
  flash [0] level 0: Must disable interrupts when writing to flash; this is done automatically.
  flash [1] level 1: Flash sector already contains matching data: skipping write operation.
writing an updated CFG at address 0x8A160: 1
(b0:0,b1:42,i1:1,li2:1234567890123456,i3:-555,iter:371)
  flash [0] level 0: Must disable interrupts when writing to flash; this is done automatically.
-----------------------------------------
(re)writing active CFG (unchanged) -- this should report that there's nothing to write as the CFG data has not changed -- at 0x8A160: 1
  flash [0] level 0: Must disable interrupts when writing to flash; this is done automatically.
  flash [1] level 1: Flash sector already contains matching data: skipping write operation.
-----------------------------------------
(re)writing active CFG (unchanged) -- this should report that there's nothing to write as the CFG data has not changed -- at 0x8A160: 1
  flash [0] level 0: Must disable interrupts when writing to flash; this is done automatically.
  flash [1] level 1: Flash sector already contains matching data: skipping write operation.
-----------------------------------------
(re)writing active CFG (unchanged) -- this should report that there's nothing to write as the CFG data has not changed -- at 0x8A160: 1
  flash [0] level 0: Must disable interrupts when writing to flash; this is done automatically.
  flash [1] level 1: Flash sector already contains matching data: skipping write operation.
writing an updated CFG at address 0x8A180: 1
(b0:0,b1:42,i1:1,li2:1234567890123456,i3:-555,iter:372)
  flash [0] level 0: Must disable interrupts when writing to flash; this is done automatically.
-----------------------------------------
(re)writing active CFG (unchanged) -- this should report that there's nothing to write as the CFG data has not changed -- at 0x8A180: 1
  flash [0] level 0: Must disable interrupts when writing to flash; this is done automatically.
  flash [1] level 1: Flash sector already contains matching data: skipping write operation.
-----------------------------------------
(re)writing active CFG (unchanged) -- this should report that there's nothing to write as the CFG data has not changed -- at 0x8A180: 1
  flash [0] level 0: Must disable interrupts when writing to flash; this is done automatically.
  flash [1] level 1: Flash sector already contains matching data: skipping write operation.
-----------------------------------------
(re)writing active CFG (unchanged) -- this should report that there's nothing to write as the CFG data has not changed -- at 0x8A180: 1
  flash [0] level 0: Must disable interrupts when writing to flash; this is done automatically.
  flash [1] level 1: Flash sector already contains matching data: skipping write operation.
writing an updated CFG at address 0x8A1A0: 1
(b0:0,b1:42,i1:1,li2:1234567890123456,i3:-555,iter:373)
  flash [0] level 0: Must disable interrupts when writing to flash; this is done automatically.
-----------------------------------------
(re)writing active CFG (unchanged) -- this should report that there's nothing to write as the CFG data has not changed -- at 0x8A1A0: 1
  flash [0] level 0: Must disable interrupts when writing to flash; this is done automatically.
  flash [1] level 1: Flash sector already contains matching data: skipping write operation.
-----------------------------------------
(re)writing active CFG (unchanged) -- this should report that there's nothing to write as the CFG data has not changed -- at 0x8A1A0: 1
  flash [0] level 0: Must disable interrupts when writing to flash; this is done automatically.
  flash [1] level 1: Flash sector already contains matching data: skipping write operation.
-----------------------------------------
(re)writing active CFG (unchanged) -- this should report that there's nothing to write as the CFG data has not changed -- at 0x8A1A0: 1
  flash [0] level 0: Must disable interrupts when writing to flash; this is done automatically.
  flash [1] level 1: Flash sector already contains matching data: skipping write operation.
writing an updated CFG at address 0x8A1C0: 1
(b0:0,b1:42,i1:1,li2:1234567890123456,i3:-555,iter:374)
  flash [0] level 0: Must disable interrupts when writing to flash; this is done automatically.
-----------------------------------------
(re)writing active CFG (unchanged) -- this should report that there's nothing to write as the CFG data has not changed -- at 0x8A1C0: 1
  flash [0] level 0: Must disable interrupts when writing to flash; this is done automatically.
  flash [1] level 1: Flash sector already contains matching data: skipping write operation.
-----------------------------------------
(re)writing active CFG (unchanged) -- this should report that there's nothing to write as the CFG data has not changed -- at 0x8A1C0: 1
  flash [0] level 0: Must disable interrupts when writing to flash; this is done automatically.
  flash [1] level 1: Flash sector already contains matching data: skipping write operation.
-----------------------------------------
(re)writing active CFG (unchanged) -- this should report that there's nothing to write as the CFG data has not changed -- at 0x8A1C0: 1
  flash [0] level 0: Must disable interrupts when writing to flash; this is done automatically.
  flash [1] level 1: Flash sector already contains matching data: skipping write operation.
writing an updated CFG at address 0x8A1E0: 1
(b0:0,b1:42,i1:1,li2:1234567890123456,i3:-555,iter:375)
  flash [0] level 0: Must disable interrupts when writing to flash; this is done automatically.
-----------------------------------------
(re)writing active CFG (unchanged) -- this should report that there's nothing to write as the CFG data has not changed -- at 0x8A1E0: 1
  flash [0] level 0: Must disable interrupts when writing to flash; this is done automatically.
  flash [1] level 1: Flash sector already contains matching data: skipping write operation.
-----------------------------------------
(re)writing active CFG (unchanged) -- this should report that there's nothing to write as the CFG data has not changed -- at 0x8A1E0: 1
  flash [0] level 0: Must disable interrupts when writing to flash; this is done automatically.
  flash [1] level 1: Flash sector already contains matching data: skipping write operation.
-----------------------------------------
(re)writing active CFG (unchanged) -- this should report that there's nothing to write as the CFG data has not changed -- at 0x8A1E0: 1
  flash [0] level 0: Must disable interrupts when writing to flash; this is done automatically.
  flash [1] level 1: Flash sector already contains matching data: skipping write operation.
writing an updated CFG at address 0x8A200: 1
(b0:0,b1:42,i1:1,li2:1234567890123456,i3:-555,iter:376)
  flash [0] level 0: Must disable interrupts when writing to flash; this is done automatically.
-----------------------------------------
(re)writing active CFG (unchanged) -- this should report that there's nothing to write as the CFG data has not changed -- at 0x8A200: 1
  flash [0] level 0: Must disable interrupts when writing to flash; this is done automatically.
  flash [1] level 1: Flash sector already contains matching data: skipping write operation.
-----------------------------------------
(re)writing active CFG (unchanged) -- this should report that there's nothing to write as the CFG data has not changed -- at 0x8A200: 1
  flash [0] level 0: Must disable interrupts when writing to flash; this is done automatically.
  flash [1] level 1: Flash sector already contains matching data: skipping write operation.
-----------------------------------------
(re)writing active CFG (unchanged) -- this should report that there's nothing to write as the CFG data has not changed -- at 0x8A200: 1
  flash [0] level 0: Must disable interrupts when writing to flash; this is done automatically.
  flash [1] level 1: Flash sector already contains matching data: skipping write operation.
writing an updated CFG at address 0x8A220: 1
(b0:0,b1:42,i1:1,li2:1234567890123456,i3:-555,iter:377)
  flash [0] level 0: Must disable interrupts when writing to flash; this is done automatically.
-----------------------------------------
(re)writing active CFG (unchanged) -- this should report that there's nothing to write as the CFG data has not changed -- at 0x8A220: 1
  flash [0] level 0: Must disable interrupts when writing to flash; this is done automatically.
  flash [1] level 1: Flash sector already contains matching data: skipping write operation.
-----------------------------------------
(re)writing active CFG (unchanged) -- this should report that there's nothing to write as the CFG data has not changed -- at 0x8A220: 1
  flash [0] level 0: Must disable interrupts when writing to flash; this is done automatically.
  flash [1] level 1: Flash sector already contains matching data: skipping write operation.
-----------------------------------------
(re)writing active CFG (unchanged) -- this should report that there's nothing to write as the CFG data has not changed -- at 0x8A220: 1
  flash [0] level 0: Must disable interrupts when writing to flash; this is done automatically.
  flash [1] level 1: Flash sector already contains matching data: skipping write operation.
writing an updated CFG at address 0x8A240: 1
(b0:0,b1:42,i1:1,li2:1234567890123456,i3:-555,iter:378)
  flash [0] level 0: Must disable interrupts when writing to flash; this is done automatically.
-----------------------------------------
(re)writing active CFG (unchanged) -- this should report that there's nothing to write as the CFG data has not changed -- at 0x8A240: 1
  flash [0] level 0: Must disable interrupts when writing to flash; this is done automatically.
  flash [1] level 1: Flash sector already contains matching data: skipping write operation.
-----------------------------------------
(re)writing active CFG (unchanged) -- this should report that there's nothing to write as the CFG data has not changed -- at 0x8A240: 1
  flash [0] level 0: Must disable interrupts when writing to flash; this is done automatically.
  flash [1] level 1: Flash sector already contains matching data: skipping write operation.
-----------------------------------------
(re)writing active CFG (unchanged) -- this should report that there's nothing to write as the CFG data has not changed -- at 0x8A240: 1
  flash [0] level 0: Must disable interrupts when writing to flash; this is done automatically.
  flash [1] level 1: Flash sector already contains matching data: skipping write operation.
writing an updated CFG at address 0x8A260: 1
(b0:0,b1:42,i1:1,li2:1234567890123456,i3:-555,iter:379)
  flash [0] level 0: Must disable interrupts when writing to flash; this is done automatically.
-----------------------------------------
(re)writing active CFG (unchanged) -- this should report that there's nothing to write as the CFG data has not changed -- at 0x8A260: 1
  flash [0] level 0: Must disable interrupts when writing to flash; this is done automatically.
  flash [1] level 1: Flash sector already contains matching data: skipping write operation.
-----------------------------------------
(re)writing active CFG (unchanged) -- this should report that there's nothing to write as the CFG data has not changed -- at 0x8A260: 1
  flash [0] level 0: Must disable interrupts when writing to flash; this is done automatically.
  flash [1] level 1: Flash sector already contains matching data: skipping write operation.
-----------------------------------------
(re)writing active CFG (unchanged) -- this should report that there's nothing to write as the CFG data has not changed -- at 0x8A260: 1
  flash [0] level 0: Must disable interrupts when writing to flash; this is done automatically.
  flash [1] level 1: Flash sector already contains matching data: skipping write operation.
writing an updated CFG at address 0x8A280: 1
(b0:0,b1:42,i1:1,li2:1234567890123456,i3:-555,iter:380)
  flash [0] level 0: Must disable interrupts when writing to flash; this is done automatically.
-----------------------------------------
(re)writing active CFG (unchanged) -- this should report that there's nothing to write as the CFG data has not changed -- at 0x8A280: 1
  flash [0] level 0: Must disable interrupts when writing to flash; this is done automatically.
  flash [1] level 1: Flash sector already contains matching data: skipping write operation.
-----------------------------------------
(re)writing active CFG (unchanged) -- this should report that there's nothing to write as the CFG data has not changed -- at 0x8A280: 1
  flash [0] level 0: Must disable interrupts when writing to flash; this is done automatically.
  flash [1] level 1: Flash sector already contains matching data: skipping write operation.
-----------------------------------------
(re)writing active CFG (unchanged) -- this should report that there's nothing to write as the CFG data has not changed -- at 0x8A280: 1
  flash [0] level 0: Must disable interrupts when writing to flash; this is done automatically.
  flash [1] level 1: Flash sector already contains matching data: skipping write operation.
writing an updated CFG at address 0x8A2A0: 1
(b0:0,b1:42,i1:1,li2:1234567890123456,i3:-555,iter:381)
  flash [0] level 0: Must disable interrupts when writing to flash; this is done automatically.
-----------------------------------------
(re)writing active CFG (unchanged) -- this should report that there's nothing to write as the CFG data has not changed -- at 0x8A2A0: 1
  flash [0] level 0: Must disable interrupts when writing to flash; this is done automatically.
  flash [1] level 1: Flash sector already contains matching data: skipping write operation.
-----------------------------------------
(re)writing active CFG (unchanged) -- this should report that there's nothing to write as the CFG data has not changed -- at 0x8A2A0: 1
  flash [0] level 0: Must disable interrupts when writing to flash; this is done automatically.
  flash [1] level 1: Flash sector already contains matching data: skipping write operation.
-----------------------------------------
(re)writing active CFG (unchanged) -- this should report that there's nothing to write as the CFG data has not changed -- at 0x8A2A0: 1
  flash [0] level 0: Must disable interrupts when writing to flash; this is done automatically.
  flash [1] level 1: Flash sector already contains matching data: skipping write operation.
writing an updated CFG at address 0x8A2C0: 1
(b0:0,b1:42,i1:1,li2:1234567890123456,i3:-555,iter:382)
  flash [0] level 0: Must disable interrupts when writing to flash; this is done automatically.
-----------------------------------------
(re)writing active CFG (unchanged) -- this should report that there's nothing to write as the CFG data has not changed -- at 0x8A2C0: 1
  flash [0] level 0: Must disable interrupts when writing to flash; this is done automatically.
  flash [1] level 1: Flash sector already contains matching data: skipping write operation.
-----------------------------------------
(re)writing active CFG (unchanged) -- this should report that there's nothing to write as the CFG data has not changed -- at 0x8A2C0: 1
  flash [0] level 0: Must disable interrupts when writing to flash; this is done automatically.
  flash [1] level 1: Flash sector already contains matching data: skipping write operation.
-----------------------------------------
(re)writing active CFG (unchanged) -- this should report that there's nothing to write as the CFG data has not changed -- at 0x8A2C0: 1
  flash [0] level 0: Must disable interrupts when writing to flash; this is done automatically.
  flash [1] level 1: Flash sector already contains matching data: skipping write operation.
writing an updated CFG at address 0x8A2E0: 1
(b0:0,b1:42,i1:1,li2:1234567890123456,i3:-555,iter:383)
  flash [0] level 0: Must disable interrupts when writing to flash; this is done automatically.
-----------------------------------------
(re)writing active CFG (unchanged) -- this should report that there's nothing to write as the CFG data has not changed -- at 0x8A2E0: 1
  flash [0] level 0: Must disable interrupts when writing to flash; this is done automatically.
  flash [1] level 1: Flash sector already contains matching data: skipping write operation.
-----------------------------------------
(re)writing active CFG (unchanged) -- this should report that there's nothing to write as the CFG data has not changed -- at 0x8A2E0: 1
  flash [0] level 0: Must disable interrupts when writing to flash; this is done automatically.
  flash [1] level 1: Flash sector already contains matching data: skipping write operation.
-----------------------------------------
(re)writing active CFG (unchanged) -- this should report that there's nothing to write as the CFG data has not changed -- at 0x8A2E0: 1
  flash [0] level 0: Must disable interrupts when writing to flash; this is done automatically.
  flash [1] level 1: Flash sector already contains matching data: skipping write operation.
writing an updated CFG at address 0x8A300: 1
(b0:0,b1:42,i1:1,li2:1234567890123456,i3:-555,iter:384)
  flash [0] level 0: Must disable interrupts when writing to flash; this is done automatically.
-----------------------------------------
(re)writing active CFG (unchanged) -- this should report that there's nothing to write as the CFG data has not changed -- at 0x8A300: 1
  flash [0] level 0: Must disable interrupts when writing to flash; this is done automatically.
  flash [1] level 1: Flash sector already contains matching data: skipping write operation.
-----------------------------------------
(re)writing active CFG (unchanged) -- this should report that there's nothing to write as the CFG data has not changed -- at 0x8A300: 1
  flash [0] level 0: Must disable interrupts when writing to flash; this is done automatically.
  flash [1] level 1: Flash sector already contains matching data: skipping write operation.
-----------------------------------------
(re)writing active CFG (unchanged) -- this should report that there's nothing to write as the CFG data has not changed -- at 0x8A300: 1
  flash [0] level 0: Must disable interrupts when writing to flash; this is done automatically.
  flash [1] level 1: Flash sector already contains matching data: skipping write operation.
writing an updated CFG at address 0x8A320: 1
(b0:0,b1:42,i1:1,li2:1234567890123456,i3:-555,iter:385)
  flash [0] level 0: Must disable interrupts when writing to flash; this is done automatically.
-----------------------------------------
(re)writing active CFG (unchanged) -- this should report that there's nothing to write as the CFG data has not changed -- at 0x8A320: 1
  flash [0] level 0: Must disable interrupts when writing to flash; this is done automatically.
  flash [1] level 1: Flash sector already contains matching data: skipping write operation.
-----------------------------------------
(re)writing active CFG (unchanged) -- this should report that there's nothing to write as the CFG data has not changed -- at 0x8A320: 1
  flash [0] level 0: Must disable interrupts when writing to flash; this is done automatically.
  flash [1] level 1: Flash sector already contains matching data: skipping write operation.
-----------------------------------------
(re)writing active CFG (unchanged) -- this should report that there's nothing to write as the CFG data has not changed -- at 0x8A320: 1
  flash [0] level 0: Must disable interrupts when writing to flash; this is done automatically.
  flash [1] level 1: Flash sector already contains matching data: skipping write operation.
writing an updated CFG at address 0x8A340: 1
(b0:0,b1:42,i1:1,li2:1234567890123456,i3:-555,iter:386)
  flash [0] level 0: Must disable interrupts when writing to flash; this is done automatically.
-----------------------------------------
(re)writing active CFG (unchanged) -- this should report that there's nothing to write as the CFG data has not changed -- at 0x8A340: 1
  flash [0] level 0: Must disable interrupts when writing to flash; this is done automatically.
  flash [1] level 1: Flash sector already contains matching data: skipping write operation.
-----------------------------------------
(re)writing active CFG (unchanged) -- this should report that there's nothing to write as the CFG data has not changed -- at 0x8A340: 1
  flash [0] level 0: Must disable interrupts when writing to flash; this is done automatically.
  flash [1] level 1: Flash sector already contains matching data: skipping write operation.
-----------------------------------------
(re)writing active CFG (unchanged) -- this should report that there's nothing to write as the CFG data has not changed -- at 0x8A340: 1
  flash [0] level 0: Must disable interrupts when writing to flash; this is done automatically.
  flash [1] level 1: Flash sector already contains matching data: skipping write operation.
writing an updated CFG at address 0x8A360: 1
(b0:0,b1:42,i1:1,li2:1234567890123456,i3:-555,iter:387)
  flash [0] level 0: Must disable interrupts when writing to flash; this is done automatically.
-----------------------------------------
(re)writing active CFG (unchanged) -- this should report that there's nothing to write as the CFG data has not changed -- at 0x8A360: 1
  flash [0] level 0: Must disable interrupts when writing to flash; this is done automatically.
  flash [1] level 1: Flash sector already contains matching data: skipping write operation.
-----------------------------------------
(re)writing active CFG (unchanged) -- this should report that there's nothing to write as the CFG data has not changed -- at 0x8A360: 1
  flash [0] level 0: Must disable interrupts when writing to flash; this is done automatically.
  flash [1] level 1: Flash sector already contains matching data: skipping write operation.
-----------------------------------------
(re)writing active CFG (unchanged) -- this should report that there's nothing to write as the CFG data has not changed -- at 0x8A360: 1
  flash [0] level 0: Must disable interrupts when writing to flash; this is done automatically.
  flash [1] level 1: Flash sector already contains matching data: skipping write operation.
writing an updated CFG at address 0x8A380: 1
(b0:0,b1:42,i1:1,li2:1234567890123456,i3:-555,iter:388)
  flash [0] level 0: Must disable interrupts when writing to flash; this is done automatically.
-----------------------------------------
(re)writing active CFG (unchanged) -- this should report that there's nothing to write as the CFG data has not changed -- at 0x8A380: 1
  flash [0] level 0: Must disable interrupts when writing to flash; this is done automatically.
  flash [1] level 1: Flash sector already contains matching data: skipping write operation.
-----------------------------------------
(re)writing active CFG (unchanged) -- this should report that there's nothing to write as the CFG data has not changed -- at 0x8A380: 1
  flash [0] level 0: Must disable interrupts when writing to flash; this is done automatically.
  flash [1] level 1: Flash sector already contains matching data: skipping write operation.
-----------------------------------------
(re)writing active CFG (unchanged) -- this should report that there's nothing to write as the CFG data has not changed -- at 0x8A380: 1
  flash [0] level 0: Must disable interrupts when writing to flash; this is done automatically.
  flash [1] level 1: Flash sector already contains matching data: skipping write operation.
writing an updated CFG at address 0x8A3A0: 1
(b0:0,b1:42,i1:1,li2:1234567890123456,i3:-555,iter:389)
  flash [0] level 0: Must disable interrupts when writing to flash; this is done automatically.
-----------------------------------------
(re)writing active CFG (unchanged) -- this should report that there's nothing to write as the CFG data has not changed -- at 0x8A3A0: 1
  flash [0] level 0: Must disable interrupts when writing to flash; this is done automatically.
  flash [1] level 1: Flash sector already contains matching data: skipping write operation.
-----------------------------------------
(re)writing active CFG (unchanged) -- this should report that there's nothing to write as the CFG data has not changed -- at 0x8A3A0: 1
  flash [0] level 0: Must disable interrupts when writing to flash; this is done automatically.
  flash [1] level 1: Flash sector already contains matching data: skipping write operation.
-----------------------------------------
(re)writing active CFG (unchanged) -- this should report that there's nothing to write as the CFG data has not changed -- at 0x8A3A0: 1
  flash [0] level 0: Must disable interrupts when writing to flash; this is done automatically.
  flash [1] level 1: Flash sector already contains matching data: skipping write operation.
writing an updated CFG at address 0x8A3C0: 1
(b0:0,b1:42,i1:1,li2:1234567890123456,i3:-555,iter:390)
  flash [0] level 0: Must disable interrupts when writing to flash; this is done automatically.
-----------------------------------------
(re)writing active CFG (unchanged) -- this should report that there's nothing to write as the CFG data has not changed -- at 0x8A3C0: 1
  flash [0] level 0: Must disable interrupts when writing to flash; this is done automatically.
  flash [1] level 1: Flash sector already contains matching data: skipping write operation.
-----------------------------------------
(re)writing active CFG (unchanged) -- this should report that there's nothing to write as the CFG data has not changed -- at 0x8A3C0: 1
  flash [0] level 0: Must disable interrupts when writing to flash; this is done automatically.
  flash [1] level 1: Flash sector already contains matching data: skipping write operation.
-----------------------------------------
(re)writing active CFG (unchanged) -- this should report that there's nothing to write as the CFG data has not changed -- at 0x8A3C0: 1
  flash [0] level 0: Must disable interrupts when writing to flash; this is done automatically.
  flash [1] level 1: Flash sector already contains matching data: skipping write operation.
writing an updated CFG at address 0x8A3E0: 1
(b0:0,b1:42,i1:1,li2:1234567890123456,i3:-555,iter:391)
  flash [0] level 0: Must disable interrupts when writing to flash; this is done automatically.
-----------------------------------------
(re)writing active CFG (unchanged) -- this should report that there's nothing to write as the CFG data has not changed -- at 0x8A3E0: 1
  flash [0] level 0: Must disable interrupts when writing to flash; this is done automatically.
  flash [1] level 1: Flash sector already contains matching data: skipping write operation.
-----------------------------------------
(re)writing active CFG (unchanged) -- this should report that there's nothing to write as the CFG data has not changed -- at 0x8A3E0: 1
  flash [0] level 0: Must disable interrupts when writing to flash; this is done automatically.
  flash [1] level 1: Flash sector already contains matching data: skipping write operation.
-----------------------------------------
(re)writing active CFG (unchanged) -- this should report that there's nothing to write as the CFG data has not changed -- at 0x8A3E0: 1
  flash [0] level 0: Must disable interrupts when writing to flash; this is done automatically.
  flash [1] level 1: Flash sector already contains matching data: skipping write operation.
writing an updated CFG at address 0x8A400: 1
(b0:0,b1:42,i1:1,li2:1234567890123456,i3:-555,iter:392)
  flash [0] level 0: Must disable interrupts when writing to flash; this is done automatically.
-----------------------------------------
(re)writing active CFG (unchanged) -- this should report that there's nothing to write as the CFG data has not changed -- at 0x8A400: 1
  flash [0] level 0: Must disable interrupts when writing to flash; this is done automatically.
  flash [1] level 1: Flash sector already contains matching data: skipping write operation.
-----------------------------------------
(re)writing active CFG (unchanged) -- this should report that there's nothing to write as the CFG data has not changed -- at 0x8A400: 1
  flash [0] level 0: Must disable interrupts when writing to flash; this is done automatically.
  flash [1] level 1: Flash sector already contains matching data: skipping write operation.
-----------------------------------------
(re)writing active CFG (unchanged) -- this should report that there's nothing to write as the CFG data has not changed -- at 0x8A400: 1
  flash [0] level 0: Must disable interrupts when writing to flash; this is done automatically.
  flash [1] level 1: Flash sector already contains matching data: skipping write operation.
writing an updated CFG at address 0x8A420: 1
(b0:0,b1:42,i1:1,li2:1234567890123456,i3:-555,iter:393)
  flash [0] level 0: Must disable interrupts when writing to flash; this is done automatically.
-----------------------------------------
(re)writing active CFG (unchanged) -- this should report that there's nothing to write as the CFG data has not changed -- at 0x8A420: 1
  flash [0] level 0: Must disable interrupts when writing to flash; this is done automatically.
  flash [1] level 1: Flash sector already contains matching data: skipping write operation.
-----------------------------------------
(re)writing active CFG (unchanged) -- this should report that there's nothing to write as the CFG data has not changed -- at 0x8A420: 1
  flash [0] level 0: Must disable interrupts when writing to flash; this is done automatically.
  flash [1] level 1: Flash sector already contains matching data: skipping write operation.
-----------------------------------------
(re)writing active CFG (unchanged) -- this should report that there's nothing to write as the CFG data has not changed -- at 0x8A420: 1
  flash [0] level 0: Must disable interrupts when writing to flash; this is done automatically.
  flash [1] level 1: Flash sector already contains matching data: skipping write operation.
writing an updated CFG at address 0x8A440: 1
(b0:0,b1:42,i1:1,li2:1234567890123456,i3:-555,iter:394)
  flash [0] level 0: Must disable interrupts when writing to flash; this is done automatically.
-----------------------------------------
(re)writing active CFG (unchanged) -- this should report that there's nothing to write as the CFG data has not changed -- at 0x8A440: 1
  flash [0] level 0: Must disable interrupts when writing to flash; this is done automatically.
  flash [1] level 1: Flash sector already contains matching data: skipping write operation.
-----------------------------------------
(re)writing active CFG (unchanged) -- this should report that there's nothing to write as the CFG data has not changed -- at 0x8A440: 1
  flash [0] level 0: Must disable interrupts when writing to flash; this is done automatically.
  flash [1] level 1: Flash sector already contains matching data: skipping write operation.
-----------------------------------------
(re)writing active CFG (unchanged) -- this should report that there's nothing to write as the CFG data has not changed -- at 0x8A440: 1
  flash [0] level 0: Must disable interrupts when writing to flash; this is done automatically.
  flash [1] level 1: Flash sector already contains matching data: skipping write operation.
writing an updated CFG at address 0x8A460: 1
(b0:0,b1:42,i1:1,li2:1234567890123456,i3:-555,iter:395)
  flash [0] level 0: Must disable interrupts when writing to flash; this is done automatically.
-----------------------------------------
(re)writing active CFG (unchanged) -- this should report that there's nothing to write as the CFG data has not changed -- at 0x8A460: 1
  flash [0] level 0: Must disable interrupts when writing to flash; this is done automatically.
  flash [1] level 1: Flash sector already contains matching data: skipping write operation.
-----------------------------------------
(re)writing active CFG (unchanged) -- this should report that there's nothing to write as the CFG data has not changed -- at 0x8A460: 1
  flash [0] level 0: Must disable interrupts when writing to flash; this is done automatically.
  flash [1] level 1: Flash sector already contains matching data: skipping write operation.
-----------------------------------------
(re)writing active CFG (unchanged) -- this should report that there's nothing to write as the CFG data has not changed -- at 0x8A460: 1
  flash [0] level 0: Must disable interrupts when writing to flash; this is done automatically.
  flash [1] level 1: Flash sector already contains matching data: skipping write operation.
writing an updated CFG at address 0x8A480: 1
(b0:0,b1:42,i1:1,li2:1234567890123456,i3:-555,iter:396)
  flash [0] level 0: Must disable interrupts when writing to flash; this is done automatically.
-----------------------------------------
(re)writing active CFG (unchanged) -- this should report that there's nothing to write as the CFG data has not changed -- at 0x8A480: 1
  flash [0] level 0: Must disable interrupts when writing to flash; this is done automatically.
  flash [1] level 1: Flash sector already contains matching data: skipping write operation.
-----------------------------------------
(re)writing active CFG (unchanged) -- this should report that there's nothing to write as the CFG data has not changed -- at 0x8A480: 1
  flash [0] level 0: Must disable interrupts when writing to flash; this is done automatically.
  flash [1] level 1: Flash sector already contains matching data: skipping write operation.
-----------------------------------------
(re)writing active CFG (unchanged) -- this should report that there's nothing to write as the CFG data has not changed -- at 0x8A480: 1
  flash [0] level 0: Must disable interrupts when writing to flash; this is done automatically.
  flash [1] level 1: Flash sector already contains matching data: skipping write operation.
writing an updated CFG at address 0x8A4A0: 1
(b0:0,b1:42,i1:1,li2:1234567890123456,i3:-555,iter:397)
  flash [0] level 0: Must disable interrupts when writing to flash; this is done automatically.
-----------------------------------------
(re)writing active CFG (unchanged) -- this should report that there's nothing to write as the CFG data has not changed -- at 0x8A4A0: 1
  flash [0] level 0: Must disable interrupts when writing to flash; this is done automatically.
  flash [1] level 1: Flash sector already contains matching data: skipping write operation.
-----------------------------------------
(re)writing active CFG (unchanged) -- this should report that there's nothing to write as the CFG data has not changed -- at 0x8A4A0: 1
  flash [0] level 0: Must disable interrupts when writing to flash; this is done automatically.
  flash [1] level 1: Flash sector already contains matching data: skipping write operation.
-----------------------------------------
(re)writing active CFG (unchanged) -- this should report that there's nothing to write as the CFG data has not changed -- at 0x8A4A0: 1
  flash [0] level 0: Must disable interrupts when writing to flash; this is done automatically.
  flash [1] level 1: Flash sector already contains matching data: skipping write operation.
writing an updated CFG at address 0x8A4C0: 1
(b0:0,b1:42,i1:1,li2:1234567890123456,i3:-555,iter:398)
  flash [0] level 0: Must disable interrupts when writing to flash; this is done automatically.
-----------------------------------------
(re)writing active CFG (unchanged) -- this should report that there's nothing to write as the CFG data has not changed -- at 0x8A4C0: 1
  flash [0] level 0: Must disable interrupts when writing to flash; this is done automatically.
  flash [1] level 1: Flash sector already contains matching data: skipping write operation.
-----------------------------------------
(re)writing active CFG (unchanged) -- this should report that there's nothing to write as the CFG data has not changed -- at 0x8A4C0: 1
  flash [0] level 0: Must disable interrupts when writing to flash; this is done automatically.
  flash [1] level 1: Flash sector already contains matching data: skipping write operation.
-----------------------------------------
(re)writing active CFG (unchanged) -- this should report that there's nothing to write as the CFG data has not changed -- at 0x8A4C0: 1
  flash [0] level 0: Must disable interrupts when writing to flash; this is done automatically.
  flash [1] level 1: Flash sector already contains matching data: skipping write operation.
writing an updated CFG at address 0x8A4E0: 1
(b0:0,b1:42,i1:1,li2:1234567890123456,i3:-555,iter:399)
  flash [0] level 0: Must disable interrupts when writing to flash; this is done automatically.
-----------------------------------------
(re)writing active CFG (unchanged) -- this should report that there's nothing to write as the CFG data has not changed -- at 0x8A4E0: 1
  flash [0] level 0: Must disable interrupts when writing to flash; this is done automatically.
  flash [1] level 1: Flash sector already contains matching data: skipping write operation.
-----------------------------------------
(re)writing active CFG (unchanged) -- this should report that there's nothing to write as the CFG data has not changed -- at 0x8A4E0: 1
  flash [0] level 0: Must disable interrupts when writing to flash; this is done automatically.
  flash [1] level 1: Flash sector already contains matching data: skipping write operation.
-----------------------------------------
(re)writing active CFG (unchanged) -- this should report that there's nothing to write as the CFG data has not changed -- at 0x8A4E0: 1
  flash [0] level 0: Must disable interrupts when writing to flash; this is done automatically.
  flash [1] level 1: Flash sector already contains matching data: skipping write operation.
writing an updated CFG at address 0x8A500: 1
(b0:0,b1:42,i1:1,li2:1234567890123456,i3:-555,iter:400)
  flash [0] level 0: Must disable interrupts when writing to flash; this is done automatically.
-----------------------------------------
(re)writing active CFG (unchanged) -- this should report that there's nothing to write as the CFG data has not changed -- at 0x8A500: 1
  flash [0] level 0: Must disable interrupts when writing to flash; this is done automatically.
  flash [1] level 1: Flash sector already contains matching data: skipping write operation.
-----------------------------------------
(re)writing active CFG (unchanged) -- this should report that there's nothing to write as the CFG data has not changed -- at 0x8A500: 1
  flash [0] level 0: Must disable interrupts when writing to flash; this is done automatically.
  flash [1] level 1: Flash sector already contains matching data: skipping write operation.
-----------------------------------------
(re)writing active CFG (unchanged) -- this should report that there's nothing to write as the CFG data has not changed -- at 0x8A500: 1
  flash [0] level 0: Must disable interrupts when writing to flash; this is done automatically.
  flash [1] level 1: Flash sector already contains matching data: skipping write operation.
writing an updated CFG at address 0x8A520: 1
(b0:0,b1:42,i1:1,li2:1234567890123456,i3:-555,iter:401)
  flash [0] level 0: Must disable interrupts when writing to flash; this is done automatically.
-----------------------------------------
(re)writing active CFG (unchanged) -- this should report that there's nothing to write as the CFG data has not changed -- at 0x8A520: 1
  flash [0] level 0: Must disable interrupts when writing to flash; this is done automatically.
  flash [1] level 1: Flash sector already contains matching data: skipping write operation.
-----------------------------------------
(re)writing active CFG (unchanged) -- this should report that there's nothing to write as the CFG data has not changed -- at 0x8A520: 1
  flash [0] level 0: Must disable interrupts when writing to flash; this is done automatically.
  flash [1] level 1: Flash sector already contains matching data: skipping write operation.
-----------------------------------------
(re)writing active CFG (unchanged) -- this should report that there's nothing to write as the CFG data has not changed -- at 0x8A520: 1
  flash [0] level 0: Must disable interrupts when writing to flash; this is done automatically.
  flash [1] level 1: Flash sector already contains matching data: skipping write operation.
writing an updated CFG at address 0x8A540: 1
(b0:0,b1:42,i1:1,li2:1234567890123456,i3:-555,iter:402)
  flash [0] level 0: Must disable interrupts when writing to flash; this is done automatically.
-----------------------------------------
(re)writing active CFG (unchanged) -- this should report that there's nothing to write as the CFG data has not changed -- at 0x8A540: 1
  flash [0] level 0: Must disable interrupts when writing to flash; this is done automatically.
  flash [1] level 1: Flash sector already contains matching data: skipping write operation.
-----------------------------------------
(re)writing active CFG (unchanged) -- this should report that there's nothing to write as the CFG data has not changed -- at 0x8A540: 1
  flash [0] level 0: Must disable interrupts when writing to flash; this is done automatically.
  flash [1] level 1: Flash sector already contains matching data: skipping write operation.
-----------------------------------------
(re)writing active CFG (unchanged) -- this should report that there's nothing to write as the CFG data has not changed -- at 0x8A540: 1
  flash [0] level 0: Must disable interrupts when writing to flash; this is done automatically.
  flash [1] level 1: Flash sector already contains matching data: skipping write operation.
writing an updated CFG at address 0x8A560: 1
(b0:0,b1:42,i1:1,li2:1234567890123456,i3:-555,iter:403)
  flash [0] level 0: Must disable interrupts when writing to flash; this is done automatically.
-----------------------------------------
(re)writing active CFG (unchanged) -- this should report that there's nothing to write as the CFG data has not changed -- at 0x8A560: 1
  flash [0] level 0: Must disable interrupts when writing to flash; this is done automatically.
  flash [1] level 1: Flash sector already contains matching data: skipping write operation.
-----------------------------------------
(re)writing active CFG (unchanged) -- this should report that there's nothing to write as the CFG data has not changed -- at 0x8A560: 1
  flash [0] level 0: Must disable interrupts when writing to flash; this is done automatically.
  flash [1] level 1: Flash sector already contains matching data: skipping write operation.
-----------------------------------------
(re)writing active CFG (unchanged) -- this should report that there's nothing to write as the CFG data has not changed -- at 0x8A560: 1
  flash [0] level 0: Must disable interrupts when writing to flash; this is done automatically.
  flash [1] level 1: Flash sector already contains matching data: skipping write operation.
writing an updated CFG at address 0x8A580: 1
(b0:0,b1:42,i1:1,li2:1234567890123456,i3:-555,iter:404)
  flash [0] level 0: Must disable interrupts when writing to flash; this is done automatically.
-----------------------------------------
(re)writing active CFG (unchanged) -- this should report that there's nothing to write as the CFG data has not changed -- at 0x8A580: 1
  flash [0] level 0: Must disable interrupts when writing to flash; this is done automatically.
  flash [1] level 1: Flash sector already contains matching data: skipping write operation.
-----------------------------------------
(re)writing active CFG (unchanged) -- this should report that there's nothing to write as the CFG data has not changed -- at 0x8A580: 1
  flash [0] level 0: Must disable interrupts when writing to flash; this is done automatically.
  flash [1] level 1: Flash sector already contains matching data: skipping write operation.
-----------------------------------------
(re)writing active CFG (unchanged) -- this should report that there's nothing to write as the CFG data has not changed -- at 0x8A580: 1
  flash [0] level 0: Must disable interrupts when writing to flash; this is done automatically.
  flash [1] level 1: Flash sector already contains matching data: skipping write operation.
writing an updated CFG at address 0x8A5A0: 1
(b0:0,b1:42,i1:1,li2:1234567890123456,i3:-555,iter:405)
  flash [0] level 0: Must disable interrupts when writing to flash; this is done automatically.
-----------------------------------------
(re)writing active CFG (unchanged) -- this should report that there's nothing to write as the CFG data has not changed -- at 0x8A5A0: 1
  flash [0] level 0: Must disable interrupts when writing to flash; this is done automatically.
  flash [1] level 1: Flash sector already contains matching data: skipping write operation.
-----------------------------------------
(re)writing active CFG (unchanged) -- this should report that there's nothing to write as the CFG data has not changed -- at 0x8A5A0: 1
  flash [0] level 0: Must disable interrupts when writing to flash; this is done automatically.
  flash [1] level 1: Flash sector already contains matching data: skipping write operation.
-----------------------------------------
(re)writing active CFG (unchanged) -- this should report that there's nothing to write as the CFG data has not changed -- at 0x8A5A0: 1
  flash [0] level 0: Must disable interrupts when writing to flash; this is done automatically.
  flash [1] level 1: Flash sector already contains matching data: skipping write operation.
writing an updated CFG at address 0x8A5C0: 1
(b0:0,b1:42,i1:1,li2:1234567890123456,i3:-555,iter:406)
  flash [0] level 0: Must disable interrupts when writing to flash; this is done automatically.
-----------------------------------------
(re)writing active CFG (unchanged) -- this should report that there's nothing to write as the CFG data has not changed -- at 0x8A5C0: 1
  flash [0] level 0: Must disable interrupts when writing to flash; this is done automatically.
  flash [1] level 1: Flash sector already contains matching data: skipping write operation.
-----------------------------------------
(re)writing active CFG (unchanged) -- this should report that there's nothing to write as the CFG data has not changed -- at 0x8A5C0: 1
  flash [0] level 0: Must disable interrupts when writing to flash; this is done automatically.
  flash [1] level 1: Flash sector already contains matching data: skipping write operation.
-----------------------------------------
(re)writing active CFG (unchanged) -- this should report that there's nothing to write as the CFG data has not changed -- at 0x8A5C0: 1
  flash [0] level 0: Must disable interrupts when writing to flash; this is done automatically.
  flash [1] level 1: Flash sector already contains matching data: skipping write operation.
writing an updated CFG at address 0x8A5E0: 1
(b0:0,b1:42,i1:1,li2:1234567890123456,i3:-555,iter:407)
  flash [0] level 0: Must disable interrupts when writing to flash; this is done automatically.
-----------------------------------------
(re)writing active CFG (unchanged) -- this should report that there's nothing to write as the CFG data has not changed -- at 0x8A5E0: 1
  flash [0] level 0: Must disable interrupts when writing to flash; this is done automatically.
  flash [1] level 1: Flash sector already contains matching data: skipping write operation.
-----------------------------------------
(re)writing active CFG (unchanged) -- this should report that there's nothing to write as the CFG data has not changed -- at 0x8A5E0: 1
  flash [0] level 0: Must disable interrupts when writing to flash; this is done automatically.
  flash [1] level 1: Flash sector already contains matching data: skipping write operation.
-----------------------------------------
(re)writing active CFG (unchanged) -- this should report that there's nothing to write as the CFG data has not changed -- at 0x8A5E0: 1
  flash [0] level 0: Must disable interrupts when writing to flash; this is done automatically.
  flash [1] level 1: Flash sector already contains matching data: skipping write operation.
writing an updated CFG at address 0x8A600: 1
(b0:0,b1:42,i1:1,li2:1234567890123456,i3:-555,iter:408)
  flash [0] level 0: Must disable interrupts when writing to flash; this is done automatically.
-----------------------------------------
(re)writing active CFG (unchanged) -- this should report that there's nothing to write as the CFG data has not changed -- at 0x8A600: 1
  flash [0] level 0: Must disable interrupts when writing to flash; this is done automatically.
  flash [1] level 1: Flash sector already contains matching data: skipping write operation.
-----------------------------------------
(re)writing active CFG (unchanged) -- this should report that there's nothing to write as the CFG data has not changed -- at 0x8A600: 1
  flash [0] level 0: Must disable interrupts when writing to flash; this is done automatically.
  flash [1] level 1: Flash sector already contains matching data: skipping write operation.
-----------------------------------------
(re)writing active CFG (unchanged) -- this should report that there's nothing to write as the CFG data has not changed -- at 0x8A600: 1
  flash [0] level 0: Must disable interrupts when writing to flash; this is done automatically.
  flash [1] level 1: Flash sector already contains matching data: skipping write operation.
writing an updated CFG at address 0x8A620: 1
(b0:0,b1:42,i1:1,li2:1234567890123456,i3:-555,iter:409)
  flash [0] level 0: Must disable interrupts when writing to flash; this is done automatically.
-----------------------------------------
(re)writing active CFG (unchanged) -- this should report that there's nothing to write as the CFG data has not changed -- at 0x8A620: 1
  flash [0] level 0: Must disable interrupts when writing to flash; this is done automatically.
  flash [1] level 1: Flash sector already contains matching data: skipping write operation.
-----------------------------------------
(re)writing active CFG (unchanged) -- this should report that there's nothing to write as the CFG data has not changed -- at 0x8A620: 1
  flash [0] level 0: Must disable interrupts when writing to flash; this is done automatically.
  flash [1] level 1: Flash sector already contains matching data: skipping write operation.
-----------------------------------------
(re)writing active CFG (unchanged) -- this should report that there's nothing to write as the CFG data has not changed -- at 0x8A620: 1
  flash [0] level 0: Must disable interrupts when writing to flash; this is done automatically.
  flash [1] level 1: Flash sector already contains matching data: skipping write operation.
writing an updated CFG at address 0x8A640: 1
(b0:0,b1:42,i1:1,li2:1234567890123456,i3:-555,iter:410)
  flash [0] level 0: Must disable interrupts when writing to flash; this is done automatically.
-----------------------------------------
(re)writing active CFG (unchanged) -- this should report that there's nothing to write as the CFG data has not changed -- at 0x8A640: 1
  flash [0] level 0: Must disable interrupts when writing to flash; this is done automatically.
  flash [1] level 1: Flash sector already contains matching data: skipping write operation.
-----------------------------------------
(re)writing active CFG (unchanged) -- this should report that there's nothing to write as the CFG data has not changed -- at 0x8A640: 1
  flash [0] level 0: Must disable interrupts when writing to flash; this is done automatically.
  flash [1] level 1: Flash sector already contains matching data: skipping write operation.
-----------------------------------------
(re)writing active CFG (unchanged) -- this should report that there's nothing to write as the CFG data has not changed -- at 0x8A640: 1
  flash [0] level 0: Must disable interrupts when writing to flash; this is done automatically.
  flash [1] level 1: Flash sector already contains matching data: skipping write operation.
writing an updated CFG at address 0x8A660: 1
(b0:0,b1:42,i1:1,li2:1234567890123456,i3:-555,iter:411)
  flash [0] level 0: Must disable interrupts when writing to flash; this is done automatically.
-----------------------------------------
(re)writing active CFG (unchanged) -- this should report that there's nothing to write as the CFG data has not changed -- at 0x8A660: 1
  flash [0] level 0: Must disable interrupts when writing to flash; this is done automatically.
  flash [1] level 1: Flash sector already contains matching data: skipping write operation.
-----------------------------------------
(re)writing active CFG (unchanged) -- this should report that there's nothing to write as the CFG data has not changed -- at 0x8A660: 1
  flash [0] level 0: Must disable interrupts when writing to flash; this is done automatically.
  flash [1] level 1: Flash sector already contains matching data: skipping write operation.
-----------------------------------------
(re)writing active CFG (unchanged) -- this should report that there's nothing to write as the CFG data has not changed -- at 0x8A660: 1
  flash [0] level 0: Must disable interrupts when writing to flash; this is done automatically.
  flash [1] level 1: Flash sector already contains matching data: skipping write operation.
writing an updated CFG at address 0x8A680: 1
(b0:0,b1:42,i1:1,li2:1234567890123456,i3:-555,iter:412)
  flash [0] level 0: Must disable interrupts when writing to flash; this is done automatically.
-----------------------------------------
(re)writing active CFG (unchanged) -- this should report that there's nothing to write as the CFG data has not changed -- at 0x8A680: 1
  flash [0] level 0: Must disable interrupts when writing to flash; this is done automatically.
  flash [1] level 1: Flash sector already contains matching data: skipping write operation.
-----------------------------------------
(re)writing active CFG (unchanged) -- this should report that there's nothing to write as the CFG data has not changed -- at 0x8A680: 1
  flash [0] level 0: Must disable interrupts when writing to flash; this is done automatically.
  flash [1] level 1: Flash sector already contains matching data: skipping write operation.
-----------------------------------------
(re)writing active CFG (unchanged) -- this should report that there's nothing to write as the CFG data has not changed -- at 0x8A680: 1
  flash [0] level 0: Must disable interrupts when writing to flash; this is done automatically.
  flash [1] level 1: Flash sector already contains matching data: skipping write operation.
writing an updated CFG at address 0x8A6A0: 1
(b0:0,b1:42,i1:1,li2:1234567890123456,i3:-555,iter:413)
  flash [0] level 0: Must disable interrupts when writing to flash; this is done automatically.
-----------------------------------------
(re)writing active CFG (unchanged) -- this should report that there's nothing to write as the CFG data has not changed -- at 0x8A6A0: 1
  flash [0] level 0: Must disable interrupts when writing to flash; this is done automatically.
  flash [1] level 1: Flash sector already contains matching data: skipping write operation.
-----------------------------------------
(re)writing active CFG (unchanged) -- this should report that there's nothing to write as the CFG data has not changed -- at 0x8A6A0: 1
  flash [0] level 0: Must disable interrupts when writing to flash; this is done automatically.
  flash [1] level 1: Flash sector already contains matching data: skipping write operation.
-----------------------------------------
(re)writing active CFG (unchanged) -- this should report that there's nothing to write as the CFG data has not changed -- at 0x8A6A0: 1
  flash [0] level 0: Must disable interrupts when writing to flash; this is done automatically.
  flash [1] level 1: Flash sector already contains matching data: skipping write operation.
writing an updated CFG at address 0x8A6C0: 1
(b0:0,b1:42,i1:1,li2:1234567890123456,i3:-555,iter:414)
  flash [0] level 0: Must disable interrupts when writing to flash; this is done automatically.
-----------------------------------------
(re)writing active CFG (unchanged) -- this should report that there's nothing to write as the CFG data has not changed -- at 0x8A6C0: 1
  flash [0] level 0: Must disable interrupts when writing to flash; this is done automatically.
  flash [1] level 1: Flash sector already contains matching data: skipping write operation.
-----------------------------------------
(re)writing active CFG (unchanged) -- this should report that there's nothing to write as the CFG data has not changed -- at 0x8A6C0: 1
  flash [0] level 0: Must disable interrupts when writing to flash; this is done automatically.
  flash [1] level 1: Flash sector already contains matching data: skipping write operation.
-----------------------------------------
(re)writing active CFG (unchanged) -- this should report that there's nothing to write as the CFG data has not changed -- at 0x8A6C0: 1
  flash [0] level 0: Must disable interrupts when writing to flash; this is done automatically.
  flash [1] level 1: Flash sector already contains matching data: skipping write operation.
writing an updated CFG at address 0x8A6E0: 1
(b0:0,b1:42,i1:1,li2:1234567890123456,i3:-555,iter:415)
  flash [0] level 0: Must disable interrupts when writing to flash; this is done automatically.
-----------------------------------------
(re)writing active CFG (unchanged) -- this should report that there's nothing to write as the CFG data has not changed -- at 0x8A6E0: 1
  flash [0] level 0: Must disable interrupts when writing to flash; this is done automatically.
  flash [1] level 1: Flash sector already contains matching data: skipping write operation.
-----------------------------------------
(re)writing active CFG (unchanged) -- this should report that there's nothing to write as the CFG data has not changed -- at 0x8A6E0: 1
  flash [0] level 0: Must disable interrupts when writing to flash; this is done automatically.
  flash [1] level 1: Flash sector already contains matching data: skipping write operation.
-----------------------------------------
(re)writing active CFG (unchanged) -- this should report that there's nothing to write as the CFG data has not changed -- at 0x8A6E0: 1
  flash [0] level 0: Must disable interrupts when writing to flash; this is done automatically.
  flash [1] level 1: Flash sector already contains matching data: skipping write operation.
writing an updated CFG at address 0x8A700: 1
(b0:0,b1:42,i1:1,li2:1234567890123456,i3:-555,iter:416)
  flash [0] level 0: Must disable interrupts when writing to flash; this is done automatically.
-----------------------------------------
(re)writing active CFG (unchanged) -- this should report that there's nothing to write as the CFG data has not changed -- at 0x8A700: 1
  flash [0] level 0: Must disable interrupts when writing to flash; this is done automatically.
  flash [1] level 1: Flash sector already contains matching data: skipping write operation.
-----------------------------------------
(re)writing active CFG (unchanged) -- this should report that there's nothing to write as the CFG data has not changed -- at 0x8A700: 1
  flash [0] level 0: Must disable interrupts when writing to flash; this is done automatically.
  flash [1] level 1: Flash sector already contains matching data: skipping write operation.
-----------------------------------------
(re)writing active CFG (unchanged) -- this should report that there's nothing to write as the CFG data has not changed -- at 0x8A700: 1
  flash [0] level 0: Must disable interrupts when writing to flash; this is done automatically.
  flash [1] level 1: Flash sector already contains matching data: skipping write operation.
writing an updated CFG at address 0x8A720: 1
(b0:0,b1:42,i1:1,li2:1234567890123456,i3:-555,iter:417)
  flash [0] level 0: Must disable interrupts when writing to flash; this is done automatically.
-----------------------------------------
(re)writing active CFG (unchanged) -- this should report that there's nothing to write as the CFG data has not changed -- at 0x8A720: 1
  flash [0] level 0: Must disable interrupts when writing to flash; this is done automatically.
  flash [1] level 1: Flash sector already contains matching data: skipping write operation.
-----------------------------------------
(re)writing active CFG (unchanged) -- this should report that there's nothing to write as the CFG data has not changed -- at 0x8A720: 1
  flash [0] level 0: Must disable interrupts when writing to flash; this is done automatically.
  flash [1] level 1: Flash sector already contains matching data: skipping write operation.
-----------------------------------------
(re)writing active CFG (unchanged) -- this should report that there's nothing to write as the CFG data has not changed -- at 0x8A720: 1
  flash [0] level 0: Must disable interrupts when writing to flash; this is done automatically.
  flash [1] level 1: Flash sector already contains matching data: skipping write operation.
writing an updated CFG at address 0x8A740: 1
(b0:0,b1:42,i1:1,li2:1234567890123456,i3:-555,iter:418)
  flash [0] level 0: Must disable interrupts when writing to flash; this is done automatically.
-----------------------------------------
(re)writing active CFG (unchanged) -- this should report that there's nothing to write as the CFG data has not changed -- at 0x8A740: 1
  flash [0] level 0: Must disable interrupts when writing to flash; this is done automatically.
  flash [1] level 1: Flash sector already contains matching data: skipping write operation.
-----------------------------------------
(re)writing active CFG (unchanged) -- this should report that there's nothing to write as the CFG data has not changed -- at 0x8A740: 1
  flash [0] level 0: Must disable interrupts when writing to flash; this is done automatically.
  flash [1] level 1: Flash sector already contains matching data: skipping write operation.
-----------------------------------------
(re)writing active CFG (unchanged) -- this should report that there's nothing to write as the CFG data has not changed -- at 0x8A740: 1
  flash [0] level 0: Must disable interrupts when writing to flash; this is done automatically.
  flash [1] level 1: Flash sector already contains matching data: skipping write operation.
writing an updated CFG at address 0x8A760: 1
(b0:0,b1:42,i1:1,li2:1234567890123456,i3:-555,iter:419)
  flash [0] level 0: Must disable interrupts when writing to flash; this is done automatically.
-----------------------------------------
(re)writing active CFG (unchanged) -- this should report that there's nothing to write as the CFG data has not changed -- at 0x8A760: 1
  flash [0] level 0: Must disable interrupts when writing to flash; this is done automatically.
  flash [1] level 1: Flash sector already contains matching data: skipping write operation.
-----------------------------------------
(re)writing active CFG (unchanged) -- this should report that there's nothing to write as the CFG data has not changed -- at 0x8A760: 1
  flash [0] level 0: Must disable interrupts when writing to flash; this is done automatically.
  flash [1] level 1: Flash sector already contains matching data: skipping write operation.
-----------------------------------------
(re)writing active CFG (unchanged) -- this should report that there's nothing to write as the CFG data has not changed -- at 0x8A760: 1
  flash [0] level 0: Must disable interrupts when writing to flash; this is done automatically.
  flash [1] level 1: Flash sector already contains matching data: skipping write operation.
writing an updated CFG at address 0x8A780: 1
(b0:0,b1:42,i1:1,li2:1234567890123456,i3:-555,iter:420)
  flash [0] level 0: Must disable interrupts when writing to flash; this is done automatically.
-----------------------------------------
(re)writing active CFG (unchanged) -- this should report that there's nothing to write as the CFG data has not changed -- at 0x8A780: 1
  flash [0] level 0: Must disable interrupts when writing to flash; this is done automatically.
  flash [1] level 1: Flash sector already contains matching data: skipping write operation.
-----------------------------------------
(re)writing active CFG (unchanged) -- this should report that there's nothing to write as the CFG data has not changed -- at 0x8A780: 1
  flash [0] level 0: Must disable interrupts when writing to flash; this is done automatically.
  flash [1] level 1: Flash sector already contains matching data: skipping write operation.
-----------------------------------------
(re)writing active CFG (unchanged) -- this should report that there's nothing to write as the CFG data has not changed -- at 0x8A780: 1
  flash [0] level 0: Must disable interrupts when writing to flash; this is done automatically.
  flash [1] level 1: Flash sector already contains matching data: skipping write operation.
writing an updated CFG at address 0x8A7A0: 1
(b0:0,b1:42,i1:1,li2:1234567890123456,i3:-555,iter:421)
  flash [0] level 0: Must disable interrupts when writing to flash; this is done automatically.
-----------------------------------------
(re)writing active CFG (unchanged) -- this should report that there's nothing to write as the CFG data has not changed -- at 0x8A7A0: 1
  flash [0] level 0: Must disable interrupts when writing to flash; this is done automatically.
  flash [1] level 1: Flash sector already contains matching data: skipping write operation.
-----------------------------------------
(re)writing active CFG (unchanged) -- this should report that there's nothing to write as the CFG data has not changed -- at 0x8A7A0: 1
  flash [0] level 0: Must disable interrupts when writing to flash; this is done automatically.
  flash [1] level 1: Flash sector already contains matching data: skipping write operation.
-----------------------------------------
(re)writing active CFG (unchanged) -- this should report that there's nothing to write as the CFG data has not changed -- at 0x8A7A0: 1
  flash [0] level 0: Must disable interrupts when writing to flash; this is done automatically.
  flash [1] level 1: Flash sector already contains matching data: skipping write operation.
writing an updated CFG at address 0x8A7C0: 1
(b0:0,b1:42,i1:1,li2:1234567890123456,i3:-555,iter:422)
  flash [0] level 0: Must disable interrupts when writing to flash; this is done automatically.
-----------------------------------------
(re)writing active CFG (unchanged) -- this should report that there's nothing to write as the CFG data has not changed -- at 0x8A7C0: 1
  flash [0] level 0: Must disable interrupts when writing to flash; this is done automatically.
  flash [1] level 1: Flash sector already contains matching data: skipping write operation.
-----------------------------------------
(re)writing active CFG (unchanged) -- this should report that there's nothing to write as the CFG data has not changed -- at 0x8A7C0: 1
  flash [0] level 0: Must disable interrupts when writing to flash; this is done automatically.
  flash [1] level 1: Flash sector already contains matching data: skipping write operation.
-----------------------------------------
(re)writing active CFG (unchanged) -- this should report that there's nothing to write as the CFG data has not changed -- at 0x8A7C0: 1
  flash [0] level 0: Must disable interrupts when writing to flash; this is done automatically.
  flash [1] level 1: Flash sector already contains matching data: skipping write operation.
writing an updated CFG at address 0x8A7E0: 1
(b0:0,b1:42,i1:1,li2:1234567890123456,i3:-555,iter:423)
  flash [0] level 0: Must disable interrupts when writing to flash; this is done automatically.
-----------------------------------------
(re)writing active CFG (unchanged) -- this should report that there's nothing to write as the CFG data has not changed -- at 0x8A7E0: 1
  flash [0] level 0: Must disable interrupts when writing to flash; this is done automatically.
  flash [1] level 1: Flash sector already contains matching data: skipping write operation.
-----------------------------------------
(re)writing active CFG (unchanged) -- this should report that there's nothing to write as the CFG data has not changed -- at 0x8A7E0: 1
  flash [0] level 0: Must disable interrupts when writing to flash; this is done automatically.
  flash [1] level 1: Flash sector already contains matching data: skipping write operation.
-----------------------------------------
(re)writing active CFG (unchanged) -- this should report that there's nothing to write as the CFG data has not changed -- at 0x8A7E0: 1
  flash [0] level 0: Must disable interrupts when writing to flash; this is done automatically.
  flash [1] level 1: Flash sector already contains matching data: skipping write operation.
writing an updated CFG at address 0x8A800: 1
(b0:0,b1:42,i1:1,li2:1234567890123456,i3:-555,iter:424)
  flash [0] level 0: Must disable interrupts when writing to flash; this is done automatically.
-----------------------------------------
(re)writing active CFG (unchanged) -- this should report that there's nothing to write as the CFG data has not changed -- at 0x8A800: 1
  flash [0] level 0: Must disable interrupts when writing to flash; this is done automatically.
  flash [1] level 1: Flash sector already contains matching data: skipping write operation.
-----------------------------------------
(re)writing active CFG (unchanged) -- this should report that there's nothing to write as the CFG data has not changed -- at 0x8A800: 1
  flash [0] level 0: Must disable interrupts when writing to flash; this is done automatically.
  flash [1] level 1: Flash sector already contains matching data: skipping write operation.
-----------------------------------------
(re)writing active CFG (unchanged) -- this should report that there's nothing to write as the CFG data has not changed -- at 0x8A800: 1
  flash [0] level 0: Must disable interrupts when writing to flash; this is done automatically.
  flash [1] level 1: Flash sector already contains matching data: skipping write operation.
writing an updated CFG at address 0x8A820: 1
(b0:0,b1:42,i1:1,li2:1234567890123456,i3:-555,iter:425)
  flash [0] level 0: Must disable interrupts when writing to flash; this is done automatically.
-----------------------------------------
(re)writing active CFG (unchanged) -- this should report that there's nothing to write as the CFG data has not changed -- at 0x8A820: 1
  flash [0] level 0: Must disable interrupts when writing to flash; this is done automatically.
  flash [1] level 1: Flash sector already contains matching data: skipping write operation.
-----------------------------------------
(re)writing active CFG (unchanged) -- this should report that there's nothing to write as the CFG data has not changed -- at 0x8A820: 1
  flash [0] level 0: Must disable interrupts when writing to flash; this is done automatically.
  flash [1] level 1: Flash sector already contains matching data: skipping write operation.
-----------------------------------------
(re)writing active CFG (unchanged) -- this should report that there's nothing to write as the CFG data has not changed -- at 0x8A820: 1
  flash [0] level 0: Must disable interrupts when writing to flash; this is done automatically.
  flash [1] level 1: Flash sector already contains matching data: skipping write operation.
writing an updated CFG at address 0x8A840: 1
(b0:0,b1:42,i1:1,li2:1234567890123456,i3:-555,iter:426)
  flash [0] level 0: Must disable interrupts when writing to flash; this is done automatically.
-----------------------------------------
(re)writing active CFG (unchanged) -- this should report that there's nothing to write as the CFG data has not changed -- at 0x8A840: 1
  flash [0] level 0: Must disable interrupts when writing to flash; this is done automatically.
  flash [1] level 1: Flash sector already contains matching data: skipping write operation.
-----------------------------------------
(re)writing active CFG (unchanged) -- this should report that there's nothing to write as the CFG data has not changed -- at 0x8A840: 1
  flash [0] level 0: Must disable interrupts when writing to flash; this is done automatically.
  flash [1] level 1: Flash sector already contains matching data: skipping write operation.
-----------------------------------------
(re)writing active CFG (unchanged) -- this should report that there's nothing to write as the CFG data has not changed -- at 0x8A840: 1
  flash [0] level 0: Must disable interrupts when writing to flash; this is done automatically.
  flash [1] level 1: Flash sector already contains matching data: skipping write operation.
writing an updated CFG at address 0x8A860: 1
(b0:0,b1:42,i1:1,li2:1234567890123456,i3:-555,iter:427)
  flash [0] level 0: Must disable interrupts when writing to flash; this is done automatically.
-----------------------------------------
(re)writing active CFG (unchanged) -- this should report that there's nothing to write as the CFG data has not changed -- at 0x8A860: 1
  flash [0] level 0: Must disable interrupts when writing to flash; this is done automatically.
  flash [1] level 1: Flash sector already contains matching data: skipping write operation.
-----------------------------------------
(re)writing active CFG (unchanged) -- this should report that there's nothing to write as the CFG data has not changed -- at 0x8A860: 1
  flash [0] level 0: Must disable interrupts when writing to flash; this is done automatically.
  flash [1] level 1: Flash sector already contains matching data: skipping write operation.
-----------------------------------------
(re)writing active CFG (unchanged) -- this should report that there's nothing to write as the CFG data has not changed -- at 0x8A860: 1
  flash [0] level 0: Must disable interrupts when writing to flash; this is done automatically.
  flash [1] level 1: Flash sector already contains matching data: skipping write operation.
writing an updated CFG at address 0x8A880: 1
(b0:0,b1:42,i1:1,li2:1234567890123456,i3:-555,iter:428)
  flash [0] level 0: Must disable interrupts when writing to flash; this is done automatically.
-----------------------------------------
(re)writing active CFG (unchanged) -- this should report that there's nothing to write as the CFG data has not changed -- at 0x8A880: 1
  flash [0] level 0: Must disable interrupts when writing to flash; this is done automatically.
  flash [1] level 1: Flash sector already contains matching data: skipping write operation.
-----------------------------------------
(re)writing active CFG (unchanged) -- this should report that there's nothing to write as the CFG data has not changed -- at 0x8A880: 1
  flash [0] level 0: Must disable interrupts when writing to flash; this is done automatically.
  flash [1] level 1: Flash sector already contains matching data: skipping write operation.
-----------------------------------------
(re)writing active CFG (unchanged) -- this should report that there's nothing to write as the CFG data has not changed -- at 0x8A880: 1
  flash [0] level 0: Must disable interrupts when writing to flash; this is done automatically.
  flash [1] level 1: Flash sector already contains matching data: skipping write operation.
writing an updated CFG at address 0x8A8A0: 1
(b0:0,b1:42,i1:1,li2:1234567890123456,i3:-555,iter:429)
  flash [0] level 0: Must disable interrupts when writing to flash; this is done automatically.
-----------------------------------------
(re)writing active CFG (unchanged) -- this should report that there's nothing to write as the CFG data has not changed -- at 0x8A8A0: 1
  flash [0] level 0: Must disable interrupts when writing to flash; this is done automatically.
  flash [1] level 1: Flash sector already contains matching data: skipping write operation.
-----------------------------------------
(re)writing active CFG (unchanged) -- this should report that there's nothing to write as the CFG data has not changed -- at 0x8A8A0: 1
  flash [0] level 0: Must disable interrupts when writing to flash; this is done automatically.
  flash [1] level 1: Flash sector already contains matching data: skipping write operation.
-----------------------------------------
(re)writing active CFG (unchanged) -- this should report that there's nothing to write as the CFG data has not changed -- at 0x8A8A0: 1
  flash [0] level 0: Must disable interrupts when writing to flash; this is done automatically.
  flash [1] level 1: Flash sector already contains matching data: skipping write operation.
writing an updated CFG at address 0x8A8C0: 1
(b0:0,b1:42,i1:1,li2:1234567890123456,i3:-555,iter:430)
  flash [0] level 0: Must disable interrupts when writing to flash; this is done automatically.
-----------------------------------------
(re)writing active CFG (unchanged) -- this should report that there's nothing to write as the CFG data has not changed -- at 0x8A8C0: 1
  flash [0] level 0: Must disable interrupts when writing to flash; this is done automatically.
  flash [1] level 1: Flash sector already contains matching data: skipping write operation.
-----------------------------------------
(re)writing active CFG (unchanged) -- this should report that there's nothing to write as the CFG data has not changed -- at 0x8A8C0: 1
  flash [0] level 0: Must disable interrupts when writing to flash; this is done automatically.
  flash [1] level 1: Flash sector already contains matching data: skipping write operation.
-----------------------------------------
(re)writing active CFG (unchanged) -- this should report that there's nothing to write as the CFG data has not changed -- at 0x8A8C0: 1
  flash [0] level 0: Must disable interrupts when writing to flash; this is done automatically.
  flash [1] level 1: Flash sector already contains matching data: skipping write operation.
writing an updated CFG at address 0x8A8E0: 1
(b0:0,b1:42,i1:1,li2:1234567890123456,i3:-555,iter:431)
  flash [0] level 0: Must disable interrupts when writing to flash; this is done automatically.
-----------------------------------------
(re)writing active CFG (unchanged) -- this should report that there's nothing to write as the CFG data has not changed -- at 0x8A8E0: 1
  flash [0] level 0: Must disable interrupts when writing to flash; this is done automatically.
  flash [1] level 1: Flash sector already contains matching data: skipping write operation.
-----------------------------------------
(re)writing active CFG (unchanged) -- this should report that there's nothing to write as the CFG data has not changed -- at 0x8A8E0: 1
  flash [0] level 0: Must disable interrupts when writing to flash; this is done automatically.
  flash [1] level 1: Flash sector already contains matching data: skipping write operation.
-----------------------------------------
(re)writing active CFG (unchanged) -- this should report that there's nothing to write as the CFG data has not changed -- at 0x8A8E0: 1
  flash [0] level 0: Must disable interrupts when writing to flash; this is done automatically.
  flash [1] level 1: Flash sector already contains matching data: skipping write operation.
writing an updated CFG at address 0x8A900: 1
(b0:0,b1:42,i1:1,li2:1234567890123456,i3:-555,iter:432)
  flash [0] level 0: Must disable interrupts when writing to flash; this is done automatically.
-----------------------------------------
(re)writing active CFG (unchanged) -- this should report that there's nothing to write as the CFG data has not changed -- at 0x8A900: 1
  flash [0] level 0: Must disable interrupts when writing to flash; this is done automatically.
  flash [1] level 1: Flash sector already contains matching data: skipping write operation.
-----------------------------------------
(re)writing active CFG (unchanged) -- this should report that there's nothing to write as the CFG data has not changed -- at 0x8A900: 1
  flash [0] level 0: Must disable interrupts when writing to flash; this is done automatically.
  flash [1] level 1: Flash sector already contains matching data: skipping write operation.
-----------------------------------------
(re)writing active CFG (unchanged) -- this should report that there's nothing to write as the CFG data has not changed -- at 0x8A900: 1
  flash [0] level 0: Must disable interrupts when writing to flash; this is done automatically.
  flash [1] level 1: Flash sector already contains matching data: skipping write operation.
writing an updated CFG at address 0x8A920: 1
(b0:0,b1:42,i1:1,li2:1234567890123456,i3:-555,iter:433)
  flash [0] level 0: Must disable interrupts when writing to flash; this is done automatically.
-----------------------------------------
(re)writing active CFG (unchanged) -- this should report that there's nothing to write as the CFG data has not changed -- at 0x8A920: 1
  flash [0] level 0: Must disable interrupts when writing to flash; this is done automatically.
  flash [1] level 1: Flash sector already contains matching data: skipping write operation.
-----------------------------------------
(re)writing active CFG (unchanged) -- this should report that there's nothing to write as the CFG data has not changed -- at 0x8A920: 1
  flash [0] level 0: Must disable interrupts when writing to flash; this is done automatically.
  flash [1] level 1: Flash sector already contains matching data: skipping write operation.
-----------------------------------------
(re)writing active CFG (unchanged) -- this should report that there's nothing to write as the CFG data has not changed -- at 0x8A920: 1
  flash [0] level 0: Must disable interrupts when writing to flash; this is done automatically.
  flash [1] level 1: Flash sector already contains matching data: skipping write operation.
writing an updated CFG at address 0x8A940: 1
(b0:0,b1:42,i1:1,li2:1234567890123456,i3:-555,iter:434)
  flash [0] level 0: Must disable interrupts when writing to flash; this is done automatically.
-----------------------------------------
(re)writing active CFG (unchanged) -- this should report that there's nothing to write as the CFG data has not changed -- at 0x8A940: 1
  flash [0] level 0: Must disable interrupts when writing to flash; this is done automatically.
  flash [1] level 1: Flash sector already contains matching data: skipping write operation.
-----------------------------------------
(re)writing active CFG (unchanged) -- this should report that there's nothing to write as the CFG data has not changed -- at 0x8A940: 1
  flash [0] level 0: Must disable interrupts when writing to flash; this is done automatically.
  flash [1] level 1: Flash sector already contains matching data: skipping write operation.
-----------------------------------------
(re)writing active CFG (unchanged) -- this should report that there's nothing to write as the CFG data has not changed -- at 0x8A940: 1
  flash [0] level 0: Must disable interrupts when writing to flash; this is done automatically.
  flash [1] level 1: Flash sector already contains matching data: skipping write operation.
writing an updated CFG at address 0x8A960: 1
(b0:0,b1:42,i1:1,li2:1234567890123456,i3:-555,iter:435)
  flash [0] level 0: Must disable interrupts when writing to flash; this is done automatically.
-----------------------------------------
(re)writing active CFG (unchanged) -- this should report that there's nothing to write as the CFG data has not changed -- at 0x8A960: 1
  flash [0] level 0: Must disable interrupts when writing to flash; this is done automatically.
  flash [1] level 1: Flash sector already contains matching data: skipping write operation.
-----------------------------------------
(re)writing active CFG (unchanged) -- this should report that there's nothing to write as the CFG data has not changed -- at 0x8A960: 1
  flash [0] level 0: Must disable interrupts when writing to flash; this is done automatically.
  flash [1] level 1: Flash sector already contains matching data: skipping write operation.
-----------------------------------------
(re)writing active CFG (unchanged) -- this should report that there's nothing to write as the CFG data has not changed -- at 0x8A960: 1
  flash [0] level 0: Must disable interrupts when writing to flash; this is done automatically.
  flash [1] level 1: Flash sector already contains matching data: skipping write operation.
writing an updated CFG at address 0x8A980: 1
(b0:0,b1:42,i1:1,li2:1234567890123456,i3:-555,iter:436)
  flash [0] level 0: Must disable interrupts when writing to flash; this is done automatically.
-----------------------------------------
(re)writing active CFG (unchanged) -- this should report that there's nothing to write as the CFG data has not changed -- at 0x8A980: 1
  flash [0] level 0: Must disable interrupts when writing to flash; this is done automatically.
  flash [1] level 1: Flash sector already contains matching data: skipping write operation.
-----------------------------------------
(re)writing active CFG (unchanged) -- this should report that there's nothing to write as the CFG data has not changed -- at 0x8A980: 1
  flash [0] level 0: Must disable interrupts when writing to flash; this is done automatically.
  flash [1] level 1: Flash sector already contains matching data: skipping write operation.
-----------------------------------------
(re)writing active CFG (unchanged) -- this should report that there's nothing to write as the CFG data has not changed -- at 0x8A980: 1
  flash [0] level 0: Must disable interrupts when writing to flash; this is done automatically.
  flash [1] level 1: Flash sector already contains matching data: skipping write operation.
writing an updated CFG at address 0x8A9A0: 1
(b0:0,b1:42,i1:1,li2:1234567890123456,i3:-555,iter:437)
  flash [0] level 0: Must disable interrupts when writing to flash; this is done automatically.
-----------------------------------------
(re)writing active CFG (unchanged) -- this should report that there's nothing to write as the CFG data has not changed -- at 0x8A9A0: 1
  flash [0] level 0: Must disable interrupts when writing to flash; this is done automatically.
  flash [1] level 1: Flash sector already contains matching data: skipping write operation.
-----------------------------------------
(re)writing active CFG (unchanged) -- this should report that there's nothing to write as the CFG data has not changed -- at 0x8A9A0: 1
  flash [0] level 0: Must disable interrupts when writing to flash; this is done automatically.
  flash [1] level 1: Flash sector already contains matching data: skipping write operation.
-----------------------------------------
(re)writing active CFG (unchanged) -- this should report that there's nothing to write as the CFG data has not changed -- at 0x8A9A0: 1
  flash [0] level 0: Must disable interrupts when writing to flash; this is done automatically.
  flash [1] level 1: Flash sector already contains matching data: skipping write operation.
writing an updated CFG at address 0x8A9C0: 1
(b0:0,b1:42,i1:1,li2:1234567890123456,i3:-555,iter:438)
  flash [0] level 0: Must disable interrupts when writing to flash; this is done automatically.
-----------------------------------------
(re)writing active CFG (unchanged) -- this should report that there's nothing to write as the CFG data has not changed -- at 0x8A9C0: 1
  flash [0] level 0: Must disable interrupts when writing to flash; this is done automatically.
  flash [1] level 1: Flash sector already contains matching data: skipping write operation.
-----------------------------------------
(re)writing active CFG (unchanged) -- this should report that there's nothing to write as the CFG data has not changed -- at 0x8A9C0: 1
  flash [0] level 0: Must disable interrupts when writing to flash; this is done automatically.
  flash [1] level 1: Flash sector already contains matching data: skipping write operation.
-----------------------------------------
(re)writing active CFG (unchanged) -- this should report that there's nothing to write as the CFG data has not changed -- at 0x8A9C0: 1
  flash [0] level 0: Must disable interrupts when writing to flash; this is done automatically.
  flash [1] level 1: Flash sector already contains matching data: skipping write operation.
writing an updated CFG at address 0x8A9E0: 1
(b0:0,b1:42,i1:1,li2:1234567890123456,i3:-555,iter:439)
  flash [0] level 0: Must disable interrupts when writing to flash; this is done automatically.
-----------------------------------------
(re)writing active CFG (unchanged) -- this should report that there's nothing to write as the CFG data has not changed -- at 0x8A9E0: 1
  flash [0] level 0: Must disable interrupts when writing to flash; this is done automatically.
  flash [1] level 1: Flash sector already contains matching data: skipping write operation.
-----------------------------------------
(re)writing active CFG (unchanged) -- this should report that there's nothing to write as the CFG data has not changed -- at 0x8A9E0: 1
  flash [0] level 0: Must disable interrupts when writing to flash; this is done automatically.
  flash [1] level 1: Flash sector already contains matching data: skipping write operation.
-----------------------------------------
(re)writing active CFG (unchanged) -- this should report that there's nothing to write as the CFG data has not changed -- at 0x8A9E0: 1
  flash [0] level 0: Must disable interrupts when writing to flash; this is done automatically.
  flash [1] level 1: Flash sector already contains matching data: skipping write operation.
writing an updated CFG at address 0x8AA00: 1
(b0:0,b1:42,i1:1,li2:1234567890123456,i3:-555,iter:440)
  flash [0] level 0: Must disable interrupts when writing to flash; this is done automatically.
-----------------------------------------
(re)writing active CFG (unchanged) -- this should report that there's nothing to write as the CFG data has not changed -- at 0x8AA00: 1
  flash [0] level 0: Must disable interrupts when writing to flash; this is done automatically.
  flash [1] level 1: Flash sector already contains matching data: skipping write operation.
-----------------------------------------
(re)writing active CFG (unchanged) -- this should report that there's nothing to write as the CFG data has not changed -- at 0x8AA00: 1
  flash [0] level 0: Must disable interrupts when writing to flash; this is done automatically.
  flash [1] level 1: Flash sector already contains matching data: skipping write operation.
-----------------------------------------
(re)writing active CFG (unchanged) -- this should report that there's nothing to write as the CFG data has not changed -- at 0x8AA00: 1
  flash [0] level 0: Must disable interrupts when writing to flash; this is done automatically.
  flash [1] level 1: Flash sector already contains matching data: skipping write operation.
writing an updated CFG at address 0x8AA20: 1
(b0:0,b1:42,i1:1,li2:1234567890123456,i3:-555,iter:441)
  flash [0] level 0: Must disable interrupts when writing to flash; this is done automatically.
-----------------------------------------
(re)writing active CFG (unchanged) -- this should report that there's nothing to write as the CFG data has not changed -- at 0x8AA20: 1
  flash [0] level 0: Must disable interrupts when writing to flash; this is done automatically.
  flash [1] level 1: Flash sector already contains matching data: skipping write operation.
-----------------------------------------
(re)writing active CFG (unchanged) -- this should report that there's nothing to write as the CFG data has not changed -- at 0x8AA20: 1
  flash [0] level 0: Must disable interrupts when writing to flash; this is done automatically.
  flash [1] level 1: Flash sector already contains matching data: skipping write operation.
-----------------------------------------
(re)writing active CFG (unchanged) -- this should report that there's nothing to write as the CFG data has not changed -- at 0x8AA20: 1
  flash [0] level 0: Must disable interrupts when writing to flash; this is done automatically.
  flash [1] level 1: Flash sector already contains matching data: skipping write operation.
writing an updated CFG at address 0x8AA40: 1
(b0:0,b1:42,i1:1,li2:1234567890123456,i3:-555,iter:442)
  flash [0] level 0: Must disable interrupts when writing to flash; this is done automatically.
-----------------------------------------
(re)writing active CFG (unchanged) -- this should report that there's nothing to write as the CFG data has not changed -- at 0x8AA40: 1
  flash [0] level 0: Must disable interrupts when writing to flash; this is done automatically.
  flash [1] level 1: Flash sector already contains matching data: skipping write operation.
-----------------------------------------
(re)writing active CFG (unchanged) -- this should report that there's nothing to write as the CFG data has not changed -- at 0x8AA40: 1
  flash [0] level 0: Must disable interrupts when writing to flash; this is done automatically.
  flash [1] level 1: Flash sector already contains matching data: skipping write operation.
-----------------------------------------
(re)writing active CFG (unchanged) -- this should report that there's nothing to write as the CFG data has not changed -- at 0x8AA40: 1
  flash [0] level 0: Must disable interrupts when writing to flash; this is done automatically.
  flash [1] level 1: Flash sector already contains matching data: skipping write operation.
writing an updated CFG at address 0x8AA60: 1
(b0:0,b1:42,i1:1,li2:1234567890123456,i3:-555,iter:443)
  flash [0] level 0: Must disable interrupts when writing to flash; this is done automatically.
-----------------------------------------
(re)writing active CFG (unchanged) -- this should report that there's nothing to write as the CFG data has not changed -- at 0x8AA60: 1
  flash [0] level 0: Must disable interrupts when writing to flash; this is done automatically.
  flash [1] level 1: Flash sector already contains matching data: skipping write operation.
-----------------------------------------
(re)writing active CFG (unchanged) -- this should report that there's nothing to write as the CFG data has not changed -- at 0x8AA60: 1
  flash [0] level 0: Must disable interrupts when writing to flash; this is done automatically.
  flash [1] level 1: Flash sector already contains matching data: skipping write operation.
-----------------------------------------
(re)writing active CFG (unchanged) -- this should report that there's nothing to write as the CFG data has not changed -- at 0x8AA60: 1
  flash [0] level 0: Must disable interrupts when writing to flash; this is done automatically.
  flash [1] level 1: Flash sector already contains matching data: skipping write operation.
writing an updated CFG at address 0x8AA80: 1
(b0:0,b1:42,i1:1,li2:1234567890123456,i3:-555,iter:444)
  flash [0] level 0: Must disable interrupts when writing to flash; this is done automatically.
-----------------------------------------
(re)writing active CFG (unchanged) -- this should report that there's nothing to write as the CFG data has not changed -- at 0x8AA80: 1
  flash [0] level 0: Must disable interrupts when writing to flash; this is done automatically.
  flash [1] level 1: Flash sector already contains matching data: skipping write operation.
-----------------------------------------
(re)writing active CFG (unchanged) -- this should report that there's nothing to write as the CFG data has not changed -- at 0x8AA80: 1
  flash [0] level 0: Must disable interrupts when writing to flash; this is done automatically.
  flash [1] level 1: Flash sector already contains matching data: skipping write operation.
-----------------------------------------
(re)writing active CFG (unchanged) -- this should report that there's nothing to write as the CFG data has not changed -- at 0x8AA80: 1
  flash [0] level 0: Must disable interrupts when writing to flash; this is done automatically.
  flash [1] level 1: Flash sector already contains matching data: skipping write operation.
writing an updated CFG at address 0x8AAA0: 1
(b0:0,b1:42,i1:1,li2:1234567890123456,i3:-555,iter:445)
  flash [0] level 0: Must disable interrupts when writing to flash; this is done automatically.
-----------------------------------------
(re)writing active CFG (unchanged) -- this should report that there's nothing to write as the CFG data has not changed -- at 0x8AAA0: 1
  flash [0] level 0: Must disable interrupts when writing to flash; this is done automatically.
  flash [1] level 1: Flash sector already contains matching data: skipping write operation.
-----------------------------------------
(re)writing active CFG (unchanged) -- this should report that there's nothing to write as the CFG data has not changed -- at 0x8AAA0: 1
  flash [0] level 0: Must disable interrupts when writing to flash; this is done automatically.
  flash [1] level 1: Flash sector already contains matching data: skipping write operation.
-----------------------------------------
(re)writing active CFG (unchanged) -- this should report that there's nothing to write as the CFG data has not changed -- at 0x8AAA0: 1
  flash [0] level 0: Must disable interrupts when writing to flash; this is done automatically.
  flash [1] level 1: Flash sector already contains matching data: skipping write operation.
writing an updated CFG at address 0x8AAC0: 1
(b0:0,b1:42,i1:1,li2:1234567890123456,i3:-555,iter:446)
  flash [0] level 0: Must disable interrupts when writing to flash; this is done automatically.
-----------------------------------------
(re)writing active CFG (unchanged) -- this should report that there's nothing to write as the CFG data has not changed -- at 0x8AAC0: 1
  flash [0] level 0: Must disable interrupts when writing to flash; this is done automatically.
  flash [1] level 1: Flash sector already contains matching data: skipping write operation.
-----------------------------------------
(re)writing active CFG (unchanged) -- this should report that there's nothing to write as the CFG data has not changed -- at 0x8AAC0: 1
  flash [0] level 0: Must disable interrupts when writing to flash; this is done automatically.
  flash [1] level 1: Flash sector already contains matching data: skipping write operation.
-----------------------------------------
(re)writing active CFG (unchanged) -- this should report that there's nothing to write as the CFG data has not changed -- at 0x8AAC0: 1
  flash [0] level 0: Must disable interrupts when writing to flash; this is done automatically.
  flash [1] level 1: Flash sector already contains matching data: skipping write operation.
writing an updated CFG at address 0x8AAE0: 1
(b0:0,b1:42,i1:1,li2:1234567890123456,i3:-555,iter:447)
  flash [0] level 0: Must disable interrupts when writing to flash; this is done automatically.
-----------------------------------------
(re)writing active CFG (unchanged) -- this should report that there's nothing to write as the CFG data has not changed -- at 0x8AAE0: 1
  flash [0] level 0: Must disable interrupts when writing to flash; this is done automatically.
  flash [1] level 1: Flash sector already contains matching data: skipping write operation.
-----------------------------------------
(re)writing active CFG (unchanged) -- this should report that there's nothing to write as the CFG data has not changed -- at 0x8AAE0: 1
  flash [0] level 0: Must disable interrupts when writing to flash; this is done automatically.
  flash [1] level 1: Flash sector already contains matching data: skipping write operation.
-----------------------------------------
(re)writing active CFG (unchanged) -- this should report that there's nothing to write as the CFG data has not changed -- at 0x8AAE0: 1
  flash [0] level 0: Must disable interrupts when writing to flash; this is done automatically.
  flash [1] level 1: Flash sector already contains matching data: skipping write operation.
writing an updated CFG at address 0x8AB00: 1
(b0:0,b1:42,i1:1,li2:1234567890123456,i3:-555,iter:448)
  flash [0] level 0: Must disable interrupts when writing to flash; this is done automatically.
-----------------------------------------
(re)writing active CFG (unchanged) -- this should report that there's nothing to write as the CFG data has not changed -- at 0x8AB00: 1
  flash [0] level 0: Must disable interrupts when writing to flash; this is done automatically.
  flash [1] level 1: Flash sector already contains matching data: skipping write operation.
-----------------------------------------
(re)writing active CFG (unchanged) -- this should report that there's nothing to write as the CFG data has not changed -- at 0x8AB00: 1
  flash [0] level 0: Must disable interrupts when writing to flash; this is done automatically.
  flash [1] level 1: Flash sector already contains matching data: skipping write operation.
-----------------------------------------
(re)writing active CFG (unchanged) -- this should report that there's nothing to write as the CFG data has not changed -- at 0x8AB00: 1
  flash [0] level 0: Must disable interrupts when writing to flash; this is done automatically.
  flash [1] level 1: Flash sector already contains matching data: skipping write operation.
writing an updated CFG at address 0x8AB20: 1
(b0:0,b1:42,i1:1,li2:1234567890123456,i3:-555,iter:449)
  flash [0] level 0: Must disable interrupts when writing to flash; this is done automatically.
-----------------------------------------
(re)writing active CFG (unchanged) -- this should report that there's nothing to write as the CFG data has not changed -- at 0x8AB20: 1
  flash [0] level 0: Must disable interrupts when writing to flash; this is done automatically.
  flash [1] level 1: Flash sector already contains matching data: skipping write operation.
-----------------------------------------
(re)writing active CFG (unchanged) -- this should report that there's nothing to write as the CFG data has not changed -- at 0x8AB20: 1
  flash [0] level 0: Must disable interrupts when writing to flash; this is done automatically.
  flash [1] level 1: Flash sector already contains matching data: skipping write operation.
-----------------------------------------
(re)writing active CFG (unchanged) -- this should report that there's nothing to write as the CFG data has not changed -- at 0x8AB20: 1
  flash [0] level 0: Must disable interrupts when writing to flash; this is done automatically.
  flash [1] level 1: Flash sector already contains matching data: skipping write operation.
writing an updated CFG at address 0x8AB40: 1
(b0:0,b1:42,i1:1,li2:1234567890123456,i3:-555,iter:450)
  flash [0] level 0: Must disable interrupts when writing to flash; this is done automatically.
-----------------------------------------
(re)writing active CFG (unchanged) -- this should report that there's nothing to write as the CFG data has not changed -- at 0x8AB40: 1
  flash [0] level 0: Must disable interrupts when writing to flash; this is done automatically.
  flash [1] level 1: Flash sector already contains matching data: skipping write operation.
-----------------------------------------
(re)writing active CFG (unchanged) -- this should report that there's nothing to write as the CFG data has not changed -- at 0x8AB40: 1
  flash [0] level 0: Must disable interrupts when writing to flash; this is done automatically.
  flash [1] level 1: Flash sector already contains matching data: skipping write operation.
-----------------------------------------
(re)writing active CFG (unchanged) -- this should report that there's nothing to write as the CFG data has not changed -- at 0x8AB40: 1
  flash [0] level 0: Must disable interrupts when writing to flash; this is done automatically.
  flash [1] level 1: Flash sector already contains matching data: skipping write operation.
writing an updated CFG at address 0x8AB60: 1
(b0:0,b1:42,i1:1,li2:1234567890123456,i3:-555,iter:451)
  flash [0] level 0: Must disable interrupts when writing to flash; this is done automatically.
-----------------------------------------
(re)writing active CFG (unchanged) -- this should report that there's nothing to write as the CFG data has not changed -- at 0x8AB60: 1
  flash [0] level 0: Must disable interrupts when writing to flash; this is done automatically.
  flash [1] level 1: Flash sector already contains matching data: skipping write operation.
-----------------------------------------
(re)writing active CFG (unchanged) -- this should report that there's nothing to write as the CFG data has not changed -- at 0x8AB60: 1
  flash [0] level 0: Must disable interrupts when writing to flash; this is done automatically.
  flash [1] level 1: Flash sector already contains matching data: skipping write operation.
-----------------------------------------
(re)writing active CFG (unchanged) -- this should report that there's nothing to write as the CFG data has not changed -- at 0x8AB60: 1
  flash [0] level 0: Must disable interrupts when writing to flash; this is done automatically.
  flash [1] level 1: Flash sector already contains matching data: skipping write operation.
writing an updated CFG at address 0x8AB80: 1
(b0:0,b1:42,i1:1,li2:1234567890123456,i3:-555,iter:452)
  flash [0] level 0: Must disable interrupts when writing to flash; this is done automatically.
-----------------------------------------
(re)writing active CFG (unchanged) -- this should report that there's nothing to write as the CFG data has not changed -- at 0x8AB80: 1
  flash [0] level 0: Must disable interrupts when writing to flash; this is done automatically.
  flash [1] level 1: Flash sector already contains matching data: skipping write operation.
-----------------------------------------
(re)writing active CFG (unchanged) -- this should report that there's nothing to write as the CFG data has not changed -- at 0x8AB80: 1
  flash [0] level 0: Must disable interrupts when writing to flash; this is done automatically.
  flash [1] level 1: Flash sector already contains matching data: skipping write operation.
-----------------------------------------
(re)writing active CFG (unchanged) -- this should report that there's nothing to write as the CFG data has not changed -- at 0x8AB80: 1
  flash [0] level 0: Must disable interrupts when writing to flash; this is done automatically.
  flash [1] level 1: Flash sector already contains matching data: skipping write operation.
writing an updated CFG at address 0x8ABA0: 1
(b0:0,b1:42,i1:1,li2:1234567890123456,i3:-555,iter:453)
  flash [0] level 0: Must disable interrupts when writing to flash; this is done automatically.
-----------------------------------------
(re)writing active CFG (unchanged) -- this should report that there's nothing to write as the CFG data has not changed -- at 0x8ABA0: 1
  flash [0] level 0: Must disable interrupts when writing to flash; this is done automatically.
  flash [1] level 1: Flash sector already contains matching data: skipping write operation.
-----------------------------------------
(re)writing active CFG (unchanged) -- this should report that there's nothing to write as the CFG data has not changed -- at 0x8ABA0: 1
  flash [0] level 0: Must disable interrupts when writing to flash; this is done automatically.
  flash [1] level 1: Flash sector already contains matching data: skipping write operation.
-----------------------------------------
(re)writing active CFG (unchanged) -- this should report that there's nothing to write as the CFG data has not changed -- at 0x8ABA0: 1
  flash [0] level 0: Must disable interrupts when writing to flash; this is done automatically.
  flash [1] level 1: Flash sector already contains matching data: skipping write operation.
writing an updated CFG at address 0x8ABC0: 1
(b0:0,b1:42,i1:1,li2:1234567890123456,i3:-555,iter:454)
  flash [0] level 0: Must disable interrupts when writing to flash; this is done automatically.
-----------------------------------------
(re)writing active CFG (unchanged) -- this should report that there's nothing to write as the CFG data has not changed -- at 0x8ABC0: 1
  flash [0] level 0: Must disable interrupts when writing to flash; this is done automatically.
  flash [1] level 1: Flash sector already contains matching data: skipping write operation.
-----------------------------------------
(re)writing active CFG (unchanged) -- this should report that there's nothing to write as the CFG data has not changed -- at 0x8ABC0: 1
  flash [0] level 0: Must disable interrupts when writing to flash; this is done automatically.
  flash [1] level 1: Flash sector already contains matching data: skipping write operation.
-----------------------------------------
(re)writing active CFG (unchanged) -- this should report that there's nothing to write as the CFG data has not changed -- at 0x8ABC0: 1
  flash [0] level 0: Must disable interrupts when writing to flash; this is done automatically.
  flash [1] level 1: Flash sector already contains matching data: skipping write operation.
writing an updated CFG at address 0x8ABE0: 1
(b0:0,b1:42,i1:1,li2:1234567890123456,i3:-555,iter:455)
  flash [0] level 0: Must disable interrupts when writing to flash; this is done automatically.
-----------------------------------------
(re)writing active CFG (unchanged) -- this should report that there's nothing to write as the CFG data has not changed -- at 0x8ABE0: 1
  flash [0] level 0: Must disable interrupts when writing to flash; this is done automatically.
  flash [1] level 1: Flash sector already contains matching data: skipping write operation.
-----------------------------------------
(re)writing active CFG (unchanged) -- this should report that there's nothing to write as the CFG data has not changed -- at 0x8ABE0: 1
  flash [0] level 0: Must disable interrupts when writing to flash; this is done automatically.
  flash [1] level 1: Flash sector already contains matching data: skipping write operation.
-----------------------------------------
(re)writing active CFG (unchanged) -- this should report that there's nothing to write as the CFG data has not changed -- at 0x8ABE0: 1
  flash [0] level 0: Must disable interrupts when writing to flash; this is done automatically.
  flash [1] level 1: Flash sector already contains matching data: skipping write operation.
writing an updated CFG at address 0x8AC00: 1
(b0:0,b1:42,i1:1,li2:1234567890123456,i3:-555,iter:456)
  flash [0] level 0: Must disable interrupts when writing to flash; this is done automatically.
-----------------------------------------
(re)writing active CFG (unchanged) -- this should report that there's nothing to write as the CFG data has not changed -- at 0x8AC00: 1
  flash [0] level 0: Must disable interrupts when writing to flash; this is done automatically.
  flash [1] level 1: Flash sector already contains matching data: skipping write operation.
-----------------------------------------
(re)writing active CFG (unchanged) -- this should report that there's nothing to write as the CFG data has not changed -- at 0x8AC00: 1
  flash [0] level 0: Must disable interrupts when writing to flash; this is done automatically.
  flash [1] level 1: Flash sector already contains matching data: skipping write operation.
-----------------------------------------
(re)writing active CFG (unchanged) -- this should report that there's nothing to write as the CFG data has not changed -- at 0x8AC00: 1
  flash [0] level 0: Must disable interrupts when writing to flash; this is done automatically.
  flash [1] level 1: Flash sector already contains matching data: skipping write operation.
writing an updated CFG at address 0x8AC20: 1
(b0:0,b1:42,i1:1,li2:1234567890123456,i3:-555,iter:457)
  flash [0] level 0: Must disable interrupts when writing to flash; this is done automatically.
-----------------------------------------
(re)writing active CFG (unchanged) -- this should report that there's nothing to write as the CFG data has not changed -- at 0x8AC20: 1
  flash [0] level 0: Must disable interrupts when writing to flash; this is done automatically.
  flash [1] level 1: Flash sector already contains matching data: skipping write operation.
-----------------------------------------
(re)writing active CFG (unchanged) -- this should report that there's nothing to write as the CFG data has not changed -- at 0x8AC20: 1
  flash [0] level 0: Must disable interrupts when writing to flash; this is done automatically.
  flash [1] level 1: Flash sector already contains matching data: skipping write operation.
-----------------------------------------
(re)writing active CFG (unchanged) -- this should report that there's nothing to write as the CFG data has not changed -- at 0x8AC20: 1
  flash [0] level 0: Must disable interrupts when writing to flash; this is done automatically.
  flash [1] level 1: Flash sector already contains matching data: skipping write operation.
writing an updated CFG at address 0x8AC40: 1
(b0:0,b1:42,i1:1,li2:1234567890123456,i3:-555,iter:458)
  flash [0] level 0: Must disable interrupts when writing to flash; this is done automatically.
-----------------------------------------
(re)writing active CFG (unchanged) -- this should report that there's nothing to write as the CFG data has not changed -- at 0x8AC40: 1
  flash [0] level 0: Must disable interrupts when writing to flash; this is done automatically.
  flash [1] level 1: Flash sector already contains matching data: skipping write operation.
-----------------------------------------
(re)writing active CFG (unchanged) -- this should report that there's nothing to write as the CFG data has not changed -- at 0x8AC40: 1
  flash [0] level 0: Must disable interrupts when writing to flash; this is done automatically.
  flash [1] level 1: Flash sector already contains matching data: skipping write operation.
-----------------------------------------
(re)writing active CFG (unchanged) -- this should report that there's nothing to write as the CFG data has not changed -- at 0x8AC40: 1
  flash [0] level 0: Must disable interrupts when writing to flash; this is done automatically.
  flash [1] level 1: Flash sector already contains matching data: skipping write operation.
writing an updated CFG at address 0x8AC60: 1
(b0:0,b1:42,i1:1,li2:1234567890123456,i3:-555,iter:459)
  flash [0] level 0: Must disable interrupts when writing to flash; this is done automatically.
-----------------------------------------
(re)writing active CFG (unchanged) -- this should report that there's nothing to write as the CFG data has not changed -- at 0x8AC60: 1
  flash [0] level 0: Must disable interrupts when writing to flash; this is done automatically.
  flash [1] level 1: Flash sector already contains matching data: skipping write operation.
-----------------------------------------
(re)writing active CFG (unchanged) -- this should report that there's nothing to write as the CFG data has not changed -- at 0x8AC60: 1
  flash [0] level 0: Must disable interrupts when writing to flash; this is done automatically.
  flash [1] level 1: Flash sector already contains matching data: skipping write operation.
-----------------------------------------
(re)writing active CFG (unchanged) -- this should report that there's nothing to write as the CFG data has not changed -- at 0x8AC60: 1
  flash [0] level 0: Must disable interrupts when writing to flash; this is done automatically.
  flash [1] level 1: Flash sector already contains matching data: skipping write operation.
writing an updated CFG at address 0x8AC80: 1
(b0:0,b1:42,i1:1,li2:1234567890123456,i3:-555,iter:460)
  flash [0] level 0: Must disable interrupts when writing to flash; this is done automatically.
-----------------------------------------
(re)writing active CFG (unchanged) -- this should report that there's nothing to write as the CFG data has not changed -- at 0x8AC80: 1
  flash [0] level 0: Must disable interrupts when writing to flash; this is done automatically.
  flash [1] level 1: Flash sector already contains matching data: skipping write operation.
-----------------------------------------
(re)writing active CFG (unchanged) -- this should report that there's nothing to write as the CFG data has not changed -- at 0x8AC80: 1
  flash [0] level 0: Must disable interrupts when writing to flash; this is done automatically.
  flash [1] level 1: Flash sector already contains matching data: skipping write operation.
-----------------------------------------
(re)writing active CFG (unchanged) -- this should report that there's nothing to write as the CFG data has not changed -- at 0x8AC80: 1
  flash [0] level 0: Must disable interrupts when writing to flash; this is done automatically.
  flash [1] level 1: Flash sector already contains matching data: skipping write operation.
writing an updated CFG at address 0x8ACA0: 1
(b0:0,b1:42,i1:1,li2:1234567890123456,i3:-555,iter:461)
  flash [0] level 0: Must disable interrupts when writing to flash; this is done automatically.
-----------------------------------------
(re)writing active CFG (unchanged) -- this should report that there's nothing to write as the CFG data has not changed -- at 0x8ACA0: 1
  flash [0] level 0: Must disable interrupts when writing to flash; this is done automatically.
  flash [1] level 1: Flash sector already contains matching data: skipping write operation.
-----------------------------------------
(re)writing active CFG (unchanged) -- this should report that there's nothing to write as the CFG data has not changed -- at 0x8ACA0: 1
  flash [0] level 0: Must disable interrupts when writing to flash; this is done automatically.
  flash [1] level 1: Flash sector already contains matching data: skipping write operation.
-----------------------------------------
(re)writing active CFG (unchanged) -- this should report that there's nothing to write as the CFG data has not changed -- at 0x8ACA0: 1
  flash [0] level 0: Must disable interrupts when writing to flash; this is done automatically.
  flash [1] level 1: Flash sector already contains matching data: skipping write operation.
writing an updated CFG at address 0x8ACC0: 1
(b0:0,b1:42,i1:1,li2:1234567890123456,i3:-555,iter:462)
  flash [0] level 0: Must disable interrupts when writing to flash; this is done automatically.
-----------------------------------------
(re)writing active CFG (unchanged) -- this should report that there's nothing to write as the CFG data has not changed -- at 0x8ACC0: 1
  flash [0] level 0: Must disable interrupts when writing to flash; this is done automatically.
  flash [1] level 1: Flash sector already contains matching data: skipping write operation.
-----------------------------------------
(re)writing active CFG (unchanged) -- this should report that there's nothing to write as the CFG data has not changed -- at 0x8ACC0: 1
  flash [0] level 0: Must disable interrupts when writing to flash; this is done automatically.
  flash [1] level 1: Flash sector already contains matching data: skipping write operation.
-----------------------------------------
(re)writing active CFG (unchanged) -- this should report that there's nothing to write as the CFG data has not changed -- at 0x8ACC0: 1
  flash [0] level 0: Must disable interrupts when writing to flash; this is done automatically.
  flash [1] level 1: Flash sector already contains matching data: skipping write operation.
writing an updated CFG at address 0x8ACE0: 1
(b0:0,b1:42,i1:1,li2:1234567890123456,i3:-555,iter:463)
  flash [0] level 0: Must disable interrupts when writing to flash; this is done automatically.
-----------------------------------------
(re)writing active CFG (unchanged) -- this should report that there's nothing to write as the CFG data has not changed -- at 0x8ACE0: 1
  flash [0] level 0: Must disable interrupts when writing to flash; this is done automatically.
  flash [1] level 1: Flash sector already contains matching data: skipping write operation.
-----------------------------------------
(re)writing active CFG (unchanged) -- this should report that there's nothing to write as the CFG data has not changed -- at 0x8ACE0: 1
  flash [0] level 0: Must disable interrupts when writing to flash; this is done automatically.
  flash [1] level 1: Flash sector already contains matching data: skipping write operation.
-----------------------------------------
(re)writing active CFG (unchanged) -- this should report that there's nothing to write as the CFG data has not changed -- at 0x8ACE0: 1
  flash [0] level 0: Must disable interrupts when writing to flash; this is done automatically.
  flash [1] level 1: Flash sector already contains matching data: skipping write operation.
writing an updated CFG at address 0x8AD00: 1
(b0:0,b1:42,i1:1,li2:1234567890123456,i3:-555,iter:464)
  flash [0] level 0: Must disable interrupts when writing to flash; this is done automatically.
-----------------------------------------
(re)writing active CFG (unchanged) -- this should report that there's nothing to write as the CFG data has not changed -- at 0x8AD00: 1
  flash [0] level 0: Must disable interrupts when writing to flash; this is done automatically.
  flash [1] level 1: Flash sector already contains matching data: skipping write operation.
-----------------------------------------
(re)writing active CFG (unchanged) -- this should report that there's nothing to write as the CFG data has not changed -- at 0x8AD00: 1
  flash [0] level 0: Must disable interrupts when writing to flash; this is done automatically.
  flash [1] level 1: Flash sector already contains matching data: skipping write operation.
-----------------------------------------
(re)writing active CFG (unchanged) -- this should report that there's nothing to write as the CFG data has not changed -- at 0x8AD00: 1
  flash [0] level 0: Must disable interrupts when writing to flash; this is done automatically.
  flash [1] level 1: Flash sector already contains matching data: skipping write operation.
writing an updated CFG at address 0x8AD20: 1
(b0:0,b1:42,i1:1,li2:1234567890123456,i3:-555,iter:465)
  flash [0] level 0: Must disable interrupts when writing to flash; this is done automatically.
-----------------------------------------
(re)writing active CFG (unchanged) -- this should report that there's nothing to write as the CFG data has not changed -- at 0x8AD20: 1
  flash [0] level 0: Must disable interrupts when writing to flash; this is done automatically.
  flash [1] level 1: Flash sector already contains matching data: skipping write operation.
-----------------------------------------
(re)writing active CFG (unchanged) -- this should report that there's nothing to write as the CFG data has not changed -- at 0x8AD20: 1
  flash [0] level 0: Must disable interrupts when writing to flash; this is done automatically.
  flash [1] level 1: Flash sector already contains matching data: skipping write operation.
-----------------------------------------
(re)writing active CFG (unchanged) -- this should report that there's nothing to write as the CFG data has not changed -- at 0x8AD20: 1
  flash [0] level 0: Must disable interrupts when writing to flash; this is done automatically.
  flash [1] level 1: Flash sector already contains matching data: skipping write operation.
writing an updated CFG at address 0x8AD40: 1
(b0:0,b1:42,i1:1,li2:1234567890123456,i3:-555,iter:466)
  flash [0] level 0: Must disable interrupts when writing to flash; this is done automatically.
-----------------------------------------
(re)writing active CFG (unchanged) -- this should report that there's nothing to write as the CFG data has not changed -- at 0x8AD40: 1
  flash [0] level 0: Must disable interrupts when writing to flash; this is done automatically.
  flash [1] level 1: Flash sector already contains matching data: skipping write operation.
-----------------------------------------
(re)writing active CFG (unchanged) -- this should report that there's nothing to write as the CFG data has not changed -- at 0x8AD40: 1
  flash [0] level 0: Must disable interrupts when writing to flash; this is done automatically.
  flash [1] level 1: Flash sector already contains matching data: skipping write operation.
-----------------------------------------
(re)writing active CFG (unchanged) -- this should report that there's nothing to write as the CFG data has not changed -- at 0x8AD40: 1
  flash [0] level 0: Must disable interrupts when writing to flash; this is done automatically.
  flash [1] level 1: Flash sector already contains matching data: skipping write operation.
writing an updated CFG at address 0x8AD60: 1
(b0:0,b1:42,i1:1,li2:1234567890123456,i3:-555,iter:467)
  flash [0] level 0: Must disable interrupts when writing to flash; this is done automatically.
-----------------------------------------
(re)writing active CFG (unchanged) -- this should report that there's nothing to write as the CFG data has not changed -- at 0x8AD60: 1
  flash [0] level 0: Must disable interrupts when writing to flash; this is done automatically.
  flash [1] level 1: Flash sector already contains matching data: skipping write operation.
-----------------------------------------
(re)writing active CFG (unchanged) -- this should report that there's nothing to write as the CFG data has not changed -- at 0x8AD60: 1
  flash [0] level 0: Must disable interrupts when writing to flash; this is done automatically.
  flash [1] level 1: Flash sector already contains matching data: skipping write operation.
-----------------------------------------
(re)writing active CFG (unchanged) -- this should report that there's nothing to write as the CFG data has not changed -- at 0x8AD60: 1
  flash [0] level 0: Must disable interrupts when writing to flash; this is done automatically.
  flash [1] level 1: Flash sector already contains matching data: skipping write operation.
writing an updated CFG at address 0x8AD80: 1
(b0:0,b1:42,i1:1,li2:1234567890123456,i3:-555,iter:468)
  flash [0] level 0: Must disable interrupts when writing to flash; this is done automatically.
-----------------------------------------
(re)writing active CFG (unchanged) -- this should report that there's nothing to write as the CFG data has not changed -- at 0x8AD80: 1
  flash [0] level 0: Must disable interrupts when writing to flash; this is done automatically.
  flash [1] level 1: Flash sector already contains matching data: skipping write operation.
-----------------------------------------
(re)writing active CFG (unchanged) -- this should report that there's nothing to write as the CFG data has not changed -- at 0x8AD80: 1
  flash [0] level 0: Must disable interrupts when writing to flash; this is done automatically.
  flash [1] level 1: Flash sector already contains matching data: skipping write operation.
-----------------------------------------
(re)writing active CFG (unchanged) -- this should report that there's nothing to write as the CFG data has not changed -- at 0x8AD80: 1
  flash [0] level 0: Must disable interrupts when writing to flash; this is done automatically.
  flash [1] level 1: Flash sector already contains matching data: skipping write operation.
writing an updated CFG at address 0x8ADA0: 1
(b0:0,b1:42,i1:1,li2:1234567890123456,i3:-555,iter:469)
  flash [0] level 0: Must disable interrupts when writing to flash; this is done automatically.
-----------------------------------------
(re)writing active CFG (unchanged) -- this should report that there's nothing to write as the CFG data has not changed -- at 0x8ADA0: 1
  flash [0] level 0: Must disable interrupts when writing to flash; this is done automatically.
  flash [1] level 1: Flash sector already contains matching data: skipping write operation.
-----------------------------------------
(re)writing active CFG (unchanged) -- this should report that there's nothing to write as the CFG data has not changed -- at 0x8ADA0: 1
  flash [0] level 0: Must disable interrupts when writing to flash; this is done automatically.
  flash [1] level 1: Flash sector already contains matching data: skipping write operation.
-----------------------------------------
(re)writing active CFG (unchanged) -- this should report that there's nothing to write as the CFG data has not changed -- at 0x8ADA0: 1
  flash [0] level 0: Must disable interrupts when writing to flash; this is done automatically.
  flash [1] level 1: Flash sector already contains matching data: skipping write operation.
writing an updated CFG at address 0x8ADC0: 1
(b0:0,b1:42,i1:1,li2:1234567890123456,i3:-555,iter:470)
  flash [0] level 0: Must disable interrupts when writing to flash; this is done automatically.
-----------------------------------------
(re)writing active CFG (unchanged) -- this should report that there's nothing to write as the CFG data has not changed -- at 0x8ADC0: 1
  flash [0] level 0: Must disable interrupts when writing to flash; this is done automatically.
  flash [1] level 1: Flash sector already contains matching data: skipping write operation.
-----------------------------------------
(re)writing active CFG (unchanged) -- this should report that there's nothing to write as the CFG data has not changed -- at 0x8ADC0: 1
  flash [0] level 0: Must disable interrupts when writing to flash; this is done automatically.
  flash [1] level 1: Flash sector already contains matching data: skipping write operation.
-----------------------------------------
(re)writing active CFG (unchanged) -- this should report that there's nothing to write as the CFG data has not changed -- at 0x8ADC0: 1
  flash [0] level 0: Must disable interrupts when writing to flash; this is done automatically.
  flash [1] level 1: Flash sector already contains matching data: skipping write operation.
writing an updated CFG at address 0x8ADE0: 1
(b0:0,b1:42,i1:1,li2:1234567890123456,i3:-555,iter:471)
  flash [0] level 0: Must disable interrupts when writing to flash; this is done automatically.
-----------------------------------------
(re)writing active CFG (unchanged) -- this should report that there's nothing to write as the CFG data has not changed -- at 0x8ADE0: 1
  flash [0] level 0: Must disable interrupts when writing to flash; this is done automatically.
  flash [1] level 1: Flash sector already contains matching data: skipping write operation.
-----------------------------------------
(re)writing active CFG (unchanged) -- this should report that there's nothing to write as the CFG data has not changed -- at 0x8ADE0: 1
  flash [0] level 0: Must disable interrupts when writing to flash; this is done automatically.
  flash [1] level 1: Flash sector already contains matching data: skipping write operation.
-----------------------------------------
(re)writing active CFG (unchanged) -- this should report that there's nothing to write as the CFG data has not changed -- at 0x8ADE0: 1
  flash [0] level 0: Must disable interrupts when writing to flash; this is done automatically.
  flash [1] level 1: Flash sector already contains matching data: skipping write operation.
writing an updated CFG at address 0x8AE00: 1
(b0:0,b1:42,i1:1,li2:1234567890123456,i3:-555,iter:472)
  flash [0] level 0: Must disable interrupts when writing to flash; this is done automatically.
-----------------------------------------
(re)writing active CFG (unchanged) -- this should report that there's nothing to write as the CFG data has not changed -- at 0x8AE00: 1
  flash [0] level 0: Must disable interrupts when writing to flash; this is done automatically.
  flash [1] level 1: Flash sector already contains matching data: skipping write operation.
-----------------------------------------
(re)writing active CFG (unchanged) -- this should report that there's nothing to write as the CFG data has not changed -- at 0x8AE00: 1
  flash [0] level 0: Must disable interrupts when writing to flash; this is done automatically.
  flash [1] level 1: Flash sector already contains matching data: skipping write operation.
-----------------------------------------
(re)writing active CFG (unchanged) -- this should report that there's nothing to write as the CFG data has not changed -- at 0x8AE00: 1
  flash [0] level 0: Must disable interrupts when writing to flash; this is done automatically.
  flash [1] level 1: Flash sector already contains matching data: skipping write operation.
writing an updated CFG at address 0x8AE20: 1
(b0:0,b1:42,i1:1,li2:1234567890123456,i3:-555,iter:473)
  flash [0] level 0: Must disable interrupts when writing to flash; this is done automatically.
-----------------------------------------
(re)writing active CFG (unchanged) -- this should report that there's nothing to write as the CFG data has not changed -- at 0x8AE20: 1
  flash [0] level 0: Must disable interrupts when writing to flash; this is done automatically.
  flash [1] level 1: Flash sector already contains matching data: skipping write operation.
-----------------------------------------
(re)writing active CFG (unchanged) -- this should report that there's nothing to write as the CFG data has not changed -- at 0x8AE20: 1
  flash [0] level 0: Must disable interrupts when writing to flash; this is done automatically.
  flash [1] level 1: Flash sector already contains matching data: skipping write operation.
-----------------------------------------
(re)writing active CFG (unchanged) -- this should report that there's nothing to write as the CFG data has not changed -- at 0x8AE20: 1
  flash [0] level 0: Must disable interrupts when writing to flash; this is done automatically.
  flash [1] level 1: Flash sector already contains matching data: skipping write operation.
writing an updated CFG at address 0x8AE40: 1
(b0:0,b1:42,i1:1,li2:1234567890123456,i3:-555,iter:474)
  flash [0] level 0: Must disable interrupts when writing to flash; this is done automatically.
-----------------------------------------
(re)writing active CFG (unchanged) -- this should report that there's nothing to write as the CFG data has not changed -- at 0x8AE40: 1
  flash [0] level 0: Must disable interrupts when writing to flash; this is done automatically.
  flash [1] level 1: Flash sector already contains matching data: skipping write operation.
-----------------------------------------
(re)writing active CFG (unchanged) -- this should report that there's nothing to write as the CFG data has not changed -- at 0x8AE40: 1
  flash [0] level 0: Must disable interrupts when writing to flash; this is done automatically.
  flash [1] level 1: Flash sector already contains matching data: skipping write operation.
-----------------------------------------
(re)writing active CFG (unchanged) -- this should report that there's nothing to write as the CFG data has not changed -- at 0x8AE40: 1
  flash [0] level 0: Must disable interrupts when writing to flash; this is done automatically.
  flash [1] level 1: Flash sector already contains matching data: skipping write operation.
writing an updated CFG at address 0x8AE60: 1
(b0:0,b1:42,i1:1,li2:1234567890123456,i3:-555,iter:475)
  flash [0] level 0: Must disable interrupts when writing to flash; this is done automatically.
-----------------------------------------
(re)writing active CFG (unchanged) -- this should report that there's nothing to write as the CFG data has not changed -- at 0x8AE60: 1
  flash [0] level 0: Must disable interrupts when writing to flash; this is done automatically.
  flash [1] level 1: Flash sector already contains matching data: skipping write operation.
-----------------------------------------
(re)writing active CFG (unchanged) -- this should report that there's nothing to write as the CFG data has not changed -- at 0x8AE60: 1
  flash [0] level 0: Must disable interrupts when writing to flash; this is done automatically.
  flash [1] level 1: Flash sector already contains matching data: skipping write operation.
-----------------------------------------
(re)writing active CFG (unchanged) -- this should report that there's nothing to write as the CFG data has not changed -- at 0x8AE60: 1
  flash [0] level 0: Must disable interrupts when writing to flash; this is done automatically.
  flash [1] level 1: Flash sector already contains matching data: skipping write operation.
writing an updated CFG at address 0x8AE80: 1
(b0:0,b1:42,i1:1,li2:1234567890123456,i3:-555,iter:476)
  flash [0] level 0: Must disable interrupts when writing to flash; this is done automatically.
-----------------------------------------
(re)writing active CFG (unchanged) -- this should report that there's nothing to write as the CFG data has not changed -- at 0x8AE80: 1
  flash [0] level 0: Must disable interrupts when writing to flash; this is done automatically.
  flash [1] level 1: Flash sector already contains matching data: skipping write operation.
-----------------------------------------
(re)writing active CFG (unchanged) -- this should report that there's nothing to write as the CFG data has not changed -- at 0x8AE80: 1
  flash [0] level 0: Must disable interrupts when writing to flash; this is done automatically.
  flash [1] level 1: Flash sector already contains matching data: skipping write operation.
-----------------------------------------
(re)writing active CFG (unchanged) -- this should report that there's nothing to write as the CFG data has not changed -- at 0x8AE80: 1
  flash [0] level 0: Must disable interrupts when writing to flash; this is done automatically.
  flash [1] level 1: Flash sector already contains matching data: skipping write operation.
writing an updated CFG at address 0x8AEA0: 1
(b0:0,b1:42,i1:1,li2:1234567890123456,i3:-555,iter:477)
  flash [0] level 0: Must disable interrupts when writing to flash; this is done automatically.
-----------------------------------------
(re)writing active CFG (unchanged) -- this should report that there's nothing to write as the CFG data has not changed -- at 0x8AEA0: 1
  flash [0] level 0: Must disable interrupts when writing to flash; this is done automatically.
  flash [1] level 1: Flash sector already contains matching data: skipping write operation.
-----------------------------------------
(re)writing active CFG (unchanged) -- this should report that there's nothing to write as the CFG data has not changed -- at 0x8AEA0: 1
  flash [0] level 0: Must disable interrupts when writing to flash; this is done automatically.
  flash [1] level 1: Flash sector already contains matching data: skipping write operation.
-----------------------------------------
(re)writing active CFG (unchanged) -- this should report that there's nothing to write as the CFG data has not changed -- at 0x8AEA0: 1
  flash [0] level 0: Must disable interrupts when writing to flash; this is done automatically.
  flash [1] level 1: Flash sector already contains matching data: skipping write operation.
writing an updated CFG at address 0x8AEC0: 1
(b0:0,b1:42,i1:1,li2:1234567890123456,i3:-555,iter:478)
  flash [0] level 0: Must disable interrupts when writing to flash; this is done automatically.
-----------------------------------------
(re)writing active CFG (unchanged) -- this should report that there's nothing to write as the CFG data has not changed -- at 0x8AEC0: 1
  flash [0] level 0: Must disable interrupts when writing to flash; this is done automatically.
  flash [1] level 1: Flash sector already contains matching data: skipping write operation.
-----------------------------------------
(re)writing active CFG (unchanged) -- this should report that there's nothing to write as the CFG data has not changed -- at 0x8AEC0: 1
  flash [0] level 0: Must disable interrupts when writing to flash; this is done automatically.
  flash [1] level 1: Flash sector already contains matching data: skipping write operation.
-----------------------------------------
(re)writing active CFG (unchanged) -- this should report that there's nothing to write as the CFG data has not changed -- at 0x8AEC0: 1
  flash [0] level 0: Must disable interrupts when writing to flash; this is done automatically.
  flash [1] level 1: Flash sector already contains matching data: skipping write operation.
writing an updated CFG at address 0x8AEE0: 1
(b0:0,b1:42,i1:1,li2:1234567890123456,i3:-555,iter:479)
  flash [0] level 0: Must disable interrupts when writing to flash; this is done automatically.
-----------------------------------------
(re)writing active CFG (unchanged) -- this should report that there's nothing to write as the CFG data has not changed -- at 0x8AEE0: 1
  flash [0] level 0: Must disable interrupts when writing to flash; this is done automatically.
  flash [1] level 1: Flash sector already contains matching data: skipping write operation.
-----------------------------------------
(re)writing active CFG (unchanged) -- this should report that there's nothing to write as the CFG data has not changed -- at 0x8AEE0: 1
  flash [0] level 0: Must disable interrupts when writing to flash; this is done automatically.
  flash [1] level 1: Flash sector already contains matching data: skipping write operation.
-----------------------------------------
(re)writing active CFG (unchanged) -- this should report that there's nothing to write as the CFG data has not changed -- at 0x8AEE0: 1
  flash [0] level 0: Must disable interrupts when writing to flash; this is done automatically.
  flash [1] level 1: Flash sector already contains matching data: skipping write operation.
writing an updated CFG at address 0x8AF00: 1
(b0:0,b1:42,i1:1,li2:1234567890123456,i3:-555,iter:480)
  flash [0] level 0: Must disable interrupts when writing to flash; this is done automatically.
-----------------------------------------
(re)writing active CFG (unchanged) -- this should report that there's nothing to write as the CFG data has not changed -- at 0x8AF00: 1
  flash [0] level 0: Must disable interrupts when writing to flash; this is done automatically.
  flash [1] level 1: Flash sector already contains matching data: skipping write operation.
-----------------------------------------
(re)writing active CFG (unchanged) -- this should report that there's nothing to write as the CFG data has not changed -- at 0x8AF00: 1
  flash [0] level 0: Must disable interrupts when writing to flash; this is done automatically.
  flash [1] level 1: Flash sector already contains matching data: skipping write operation.
-----------------------------------------
(re)writing active CFG (unchanged) -- this should report that there's nothing to write as the CFG data has not changed -- at 0x8AF00: 1
  flash [0] level 0: Must disable interrupts when writing to flash; this is done automatically.
  flash [1] level 1: Flash sector already contains matching data: skipping write operation.
writing an updated CFG at address 0x8AF20: 1
(b0:0,b1:42,i1:1,li2:1234567890123456,i3:-555,iter:481)
  flash [0] level 0: Must disable interrupts when writing to flash; this is done automatically.
-----------------------------------------
(re)writing active CFG (unchanged) -- this should report that there's nothing to write as the CFG data has not changed -- at 0x8AF20: 1
  flash [0] level 0: Must disable interrupts when writing to flash; this is done automatically.
  flash [1] level 1: Flash sector already contains matching data: skipping write operation.
-----------------------------------------
(re)writing active CFG (unchanged) -- this should report that there's nothing to write as the CFG data has not changed -- at 0x8AF20: 1
  flash [0] level 0: Must disable interrupts when writing to flash; this is done automatically.
  flash [1] level 1: Flash sector already contains matching data: skipping write operation.
-----------------------------------------
(re)writing active CFG (unchanged) -- this should report that there's nothing to write as the CFG data has not changed -- at 0x8AF20: 1
  flash [0] level 0: Must disable interrupts when writing to flash; this is done automatically.
  flash [1] level 1: Flash sector already contains matching data: skipping write operation.
writing an updated CFG at address 0x8AF40: 1
(b0:0,b1:42,i1:1,li2:1234567890123456,i3:-555,iter:482)
  flash [0] level 0: Must disable interrupts when writing to flash; this is done automatically.
-----------------------------------------
(re)writing active CFG (unchanged) -- this should report that there's nothing to write as the CFG data has not changed -- at 0x8AF40: 1
  flash [0] level 0: Must disable interrupts when writing to flash; this is done automatically.
  flash [1] level 1: Flash sector already contains matching data: skipping write operation.
-----------------------------------------
(re)writing active CFG (unchanged) -- this should report that there's nothing to write as the CFG data has not changed -- at 0x8AF40: 1
  flash [0] level 0: Must disable interrupts when writing to flash; this is done automatically.
  flash [1] level 1: Flash sector already contains matching data: skipping write operation.
-----------------------------------------
(re)writing active CFG (unchanged) -- this should report that there's nothing to write as the CFG data has not changed -- at 0x8AF40: 1
  flash [0] level 0: Must disable interrupts when writing to flash; this is done automatically.
  flash [1] level 1: Flash sector already contains matching data: skipping write operation.
writing an updated CFG at address 0x8AF60: 1
(b0:0,b1:42,i1:1,li2:1234567890123456,i3:-555,iter:483)
  flash [0] level 0: Must disable interrupts when writing to flash; this is done automatically.
-----------------------------------------
(re)writing active CFG (unchanged) -- this should report that there's nothing to write as the CFG data has not changed -- at 0x8AF60: 1
  flash [0] level 0: Must disable interrupts when writing to flash; this is done automatically.
  flash [1] level 1: Flash sector already contains matching data: skipping write operation.
-----------------------------------------
(re)writing active CFG (unchanged) -- this should report that there's nothing to write as the CFG data has not changed -- at 0x8AF60: 1
  flash [0] level 0: Must disable interrupts when writing to flash; this is done automatically.
  flash [1] level 1: Flash sector already contains matching data: skipping write operation.
-----------------------------------------
(re)writing active CFG (unchanged) -- this should report that there's nothing to write as the CFG data has not changed -- at 0x8AF60: 1
  flash [0] level 0: Must disable interrupts when writing to flash; this is done automatically.
  flash [1] level 1: Flash sector already contains matching data: skipping write operation.
writing an updated CFG at address 0x8AF80: 1
(b0:0,b1:42,i1:1,li2:1234567890123456,i3:-555,iter:484)
  flash [0] level 0: Must disable interrupts when writing to flash; this is done automatically.
-----------------------------------------
(re)writing active CFG (unchanged) -- this should report that there's nothing to write as the CFG data has not changed -- at 0x8AF80: 1
  flash [0] level 0: Must disable interrupts when writing to flash; this is done automatically.
  flash [1] level 1: Flash sector already contains matching data: skipping write operation.
-----------------------------------------
(re)writing active CFG (unchanged) -- this should report that there's nothing to write as the CFG data has not changed -- at 0x8AF80: 1
  flash [0] level 0: Must disable interrupts when writing to flash; this is done automatically.
  flash [1] level 1: Flash sector already contains matching data: skipping write operation.
-----------------------------------------
(re)writing active CFG (unchanged) -- this should report that there's nothing to write as the CFG data has not changed -- at 0x8AF80: 1
  flash [0] level 0: Must disable interrupts when writing to flash; this is done automatically.
  flash [1] level 1: Flash sector already contains matching data: skipping write operation.
writing an updated CFG at address 0x8AFA0: 1
(b0:0,b1:42,i1:1,li2:1234567890123456,i3:-555,iter:485)
  flash [0] level 0: Must disable interrupts when writing to flash; this is done automatically.
-----------------------------------------
(re)writing active CFG (unchanged) -- this should report that there's nothing to write as the CFG data has not changed -- at 0x8AFA0: 1
  flash [0] level 0: Must disable interrupts when writing to flash; this is done automatically.
  flash [1] level 1: Flash sector already contains matching data: skipping write operation.
-----------------------------------------
(re)writing active CFG (unchanged) -- this should report that there's nothing to write as the CFG data has not changed -- at 0x8AFA0: 1
  flash [0] level 0: Must disable interrupts when writing to flash; this is done automatically.
  flash [1] level 1: Flash sector already contains matching data: skipping write operation.
-----------------------------------------
(re)writing active CFG (unchanged) -- this should report that there's nothing to write as the CFG data has not changed -- at 0x8AFA0: 1
  flash [0] level 0: Must disable interrupts when writing to flash; this is done automatically.
  flash [1] level 1: Flash sector already contains matching data: skipping write operation.
writing an updated CFG at address 0x8AFC0: 1
(b0:0,b1:42,i1:1,li2:1234567890123456,i3:-555,iter:486)
  flash [0] level 0: Must disable interrupts when writing to flash; this is done automatically.
-----------------------------------------
(re)writing active CFG (unchanged) -- this should report that there's nothing to write as the CFG data has not changed -- at 0x8AFC0: 1
  flash [0] level 0: Must disable interrupts when writing to flash; this is done automatically.
  flash [1] level 1: Flash sector already contains matching data: skipping write operation.
-----------------------------------------
(re)writing active CFG (unchanged) -- this should report that there's nothing to write as the CFG data has not changed -- at 0x8AFC0: 1
  flash [0] level 0: Must disable interrupts when writing to flash; this is done automatically.
  flash [1] level 1: Flash sector already contains matching data: skipping write operation.
-----------------------------------------
(re)writing active CFG (unchanged) -- this should report that there's nothing to write as the CFG data has not changed -- at 0x8AFC0: 1
  flash [0] level 0: Must disable interrupts when writing to flash; this is done automatically.
  flash [1] level 1: Flash sector already contains matching data: skipping write operation.
writing an updated CFG at address 0x8AFE0: 1
(b0:0,b1:42,i1:1,li2:1234567890123456,i3:-555,iter:487)
  flash [0] level 0: Must disable interrupts when writing to flash; this is done automatically.
-----------------------------------------
(re)writing active CFG (unchanged) -- this should report that there's nothing to write as the CFG data has not changed -- at 0x8AFE0: 1
  flash [0] level 0: Must disable interrupts when writing to flash; this is done automatically.
  flash [1] level 1: Flash sector already contains matching data: skipping write operation.
-----------------------------------------
(re)writing active CFG (unchanged) -- this should report that there's nothing to write as the CFG data has not changed -- at 0x8AFE0: 1
  flash [0] level 0: Must disable interrupts when writing to flash; this is done automatically.
  flash [1] level 1: Flash sector already contains matching data: skipping write operation.
-----------------------------------------
(re)writing active CFG (unchanged) -- this should report that there's nothing to write as the CFG data has not changed -- at 0x8AFE0: 1
  flash [0] level 0: Must disable interrupts when writing to flash; this is done automatically.
  flash [1] level 1: Flash sector already contains matching data: skipping write operation.
writing an updated CFG at address 0x8B000: 1
(b0:0,b1:42,i1:1,li2:1234567890123456,i3:-555,iter:488)
  flash [0] level 0: Must disable interrupts when writing to flash; this is done automatically.
-----------------------------------------
(re)writing active CFG (unchanged) -- this should report that there's nothing to write as the CFG data has not changed -- at 0x8B000: 1
  flash [0] level 0: Must disable interrupts when writing to flash; this is done automatically.
  flash [1] level 1: Flash sector already contains matching data: skipping write operation.
-----------------------------------------
(re)writing active CFG (unchanged) -- this should report that there's nothing to write as the CFG data has not changed -- at 0x8B000: 1
  flash [0] level 0: Must disable interrupts when writing to flash; this is done automatically.
  flash [1] level 1: Flash sector already contains matching data: skipping write operation.
-----------------------------------------
(re)writing active CFG (unchanged) -- this should report that there's nothing to write as the CFG data has not changed -- at 0x8B000: 1
  flash [0] level 0: Must disable interrupts when writing to flash; this is done automatically.
  flash [1] level 1: Flash sector already contains matching data: skipping write operation.
writing an updated CFG at address 0x8B020: 1
(b0:0,b1:42,i1:1,li2:1234567890123456,i3:-555,iter:489)
  flash [0] level 0: Must disable interrupts when writing to flash; this is done automatically.
-----------------------------------------
(re)writing active CFG (unchanged) -- this should report that there's nothing to write as the CFG data has not changed -- at 0x8B020: 1
  flash [0] level 0: Must disable interrupts when writing to flash; this is done automatically.
  flash [1] level 1: Flash sector already contains matching data: skipping write operation.
-----------------------------------------
(re)writing active CFG (unchanged) -- this should report that there's nothing to write as the CFG data has not changed -- at 0x8B020: 1
  flash [0] level 0: Must disable interrupts when writing to flash; this is done automatically.
  flash [1] level 1: Flash sector already contains matching data: skipping write operation.
-----------------------------------------
(re)writing active CFG (unchanged) -- this should report that there's nothing to write as the CFG data has not changed -- at 0x8B020: 1
  flash [0] level 0: Must disable interrupts when writing to flash; this is done automatically.
  flash [1] level 1: Flash sector already contains matching data: skipping write operation.
writing an updated CFG at address 0x8B040: 1
(b0:0,b1:42,i1:1,li2:1234567890123456,i3:-555,iter:490)
  flash [0] level 0: Must disable interrupts when writing to flash; this is done automatically.
-----------------------------------------
(re)writing active CFG (unchanged) -- this should report that there's nothing to write as the CFG data has not changed -- at 0x8B040: 1
  flash [0] level 0: Must disable interrupts when writing to flash; this is done automatically.
  flash [1] level 1: Flash sector already contains matching data: skipping write operation.
-----------------------------------------
(re)writing active CFG (unchanged) -- this should report that there's nothing to write as the CFG data has not changed -- at 0x8B040: 1
  flash [0] level 0: Must disable interrupts when writing to flash; this is done automatically.
  flash [1] level 1: Flash sector already contains matching data: skipping write operation.
-----------------------------------------
(re)writing active CFG (unchanged) -- this should report that there's nothing to write as the CFG data has not changed -- at 0x8B040: 1
  flash [0] level 0: Must disable interrupts when writing to flash; this is done automatically.
  flash [1] level 1: Flash sector already contains matching data: skipping write operation.
writing an updated CFG at address 0x8B060: 1
(b0:0,b1:42,i1:1,li2:1234567890123456,i3:-555,iter:491)
  flash [0] level 0: Must disable interrupts when writing to flash; this is done automatically.
-----------------------------------------
(re)writing active CFG (unchanged) -- this should report that there's nothing to write as the CFG data has not changed -- at 0x8B060: 1
  flash [0] level 0: Must disable interrupts when writing to flash; this is done automatically.
  flash [1] level 1: Flash sector already contains matching data: skipping write operation.
-----------------------------------------
(re)writing active CFG (unchanged) -- this should report that there's nothing to write as the CFG data has not changed -- at 0x8B060: 1
  flash [0] level 0: Must disable interrupts when writing to flash; this is done automatically.
  flash [1] level 1: Flash sector already contains matching data: skipping write operation.
-----------------------------------------
(re)writing active CFG (unchanged) -- this should report that there's nothing to write as the CFG data has not changed -- at 0x8B060: 1
  flash [0] level 0: Must disable interrupts when writing to flash; this is done automatically.
  flash [1] level 1: Flash sector already contains matching data: skipping write operation.
writing an updated CFG at address 0x8B080: 1
(b0:0,b1:42,i1:1,li2:1234567890123456,i3:-555,iter:492)
  flash [0] level 0: Must disable interrupts when writing to flash; this is done automatically.
-----------------------------------------
(re)writing active CFG (unchanged) -- this should report that there's nothing to write as the CFG data has not changed -- at 0x8B080: 1
  flash [0] level 0: Must disable interrupts when writing to flash; this is done automatically.
  flash [1] level 1: Flash sector already contains matching data: skipping write operation.
-----------------------------------------
(re)writing active CFG (unchanged) -- this should report that there's nothing to write as the CFG data has not changed -- at 0x8B080: 1
  flash [0] level 0: Must disable interrupts when writing to flash; this is done automatically.
  flash [1] level 1: Flash sector already contains matching data: skipping write operation.
-----------------------------------------
(re)writing active CFG (unchanged) -- this should report that there's nothing to write as the CFG data has not changed -- at 0x8B080: 1
  flash [0] level 0: Must disable interrupts when writing to flash; this is done automatically.
  flash [1] level 1: Flash sector already contains matching data: skipping write operation.
writing an updated CFG at address 0x8B0A0: 1
(b0:0,b1:42,i1:1,li2:1234567890123456,i3:-555,iter:493)
  flash [0] level 0: Must disable interrupts when writing to flash; this is done automatically.
-----------------------------------------
(re)writing active CFG (unchanged) -- this should report that there's nothing to write as the CFG data has not changed -- at 0x8B0A0: 1
  flash [0] level 0: Must disable interrupts when writing to flash; this is done automatically.
  flash [1] level 1: Flash sector already contains matching data: skipping write operation.
-----------------------------------------
(re)writing active CFG (unchanged) -- this should report that there's nothing to write as the CFG data has not changed -- at 0x8B0A0: 1
  flash [0] level 0: Must disable interrupts when writing to flash; this is done automatically.
  flash [1] level 1: Flash sector already contains matching data: skipping write operation.
-----------------------------------------
(re)writing active CFG (unchanged) -- this should report that there's nothing to write as the CFG data has not changed -- at 0x8B0A0: 1
  flash [0] level 0: Must disable interrupts when writing to flash; this is done automatically.
  flash [1] level 1: Flash sector already contains matching data: skipping write operation.
writing an updated CFG at address 0x8B0C0: 1
(b0:0,b1:42,i1:1,li2:1234567890123456,i3:-555,iter:494)
  flash [0] level 0: Must disable interrupts when writing to flash; this is done automatically.
-----------------------------------------
(re)writing active CFG (unchanged) -- this should report that there's nothing to write as the CFG data has not changed -- at 0x8B0C0: 1
  flash [0] level 0: Must disable interrupts when writing to flash; this is done automatically.
  flash [1] level 1: Flash sector already contains matching data: skipping write operation.
-----------------------------------------
(re)writing active CFG (unchanged) -- this should report that there's nothing to write as the CFG data has not changed -- at 0x8B0C0: 1
  flash [0] level 0: Must disable interrupts when writing to flash; this is done automatically.
  flash [1] level 1: Flash sector already contains matching data: skipping write operation.
-----------------------------------------
(re)writing active CFG (unchanged) -- this should report that there's nothing to write as the CFG data has not changed -- at 0x8B0C0: 1
  flash [0] level 0: Must disable interrupts when writing to flash; this is done automatically.
  flash [1] level 1: Flash sector already contains matching data: skipping write operation.
writing an updated CFG at address 0x8B0E0: 1
(b0:0,b1:42,i1:1,li2:1234567890123456,i3:-555,iter:495)
  flash [0] level 0: Must disable interrupts when writing to flash; this is done automatically.
-----------------------------------------
(re)writing active CFG (unchanged) -- this should report that there's nothing to write as the CFG data has not changed -- at 0x8B0E0: 1
  flash [0] level 0: Must disable interrupts when writing to flash; this is done automatically.
  flash [1] level 1: Flash sector already contains matching data: skipping write operation.
-----------------------------------------
(re)writing active CFG (unchanged) -- this should report that there's nothing to write as the CFG data has not changed -- at 0x8B0E0: 1
  flash [0] level 0: Must disable interrupts when writing to flash; this is done automatically.
  flash [1] level 1: Flash sector already contains matching data: skipping write operation.
-----------------------------------------
(re)writing active CFG (unchanged) -- this should report that there's nothing to write as the CFG data has not changed -- at 0x8B0E0: 1
  flash [0] level 0: Must disable interrupts when writing to flash; this is done automatically.
  flash [1] level 1: Flash sector already contains matching data: skipping write operation.
writing an updated CFG at address 0x8B100: 1
(b0:0,b1:42,i1:1,li2:1234567890123456,i3:-555,iter:496)
  flash [0] level 0: Must disable interrupts when writing to flash; this is done automatically.
-----------------------------------------
(re)writing active CFG (unchanged) -- this should report that there's nothing to write as the CFG data has not changed -- at 0x8B100: 1
  flash [0] level 0: Must disable interrupts when writing to flash; this is done automatically.
  flash [1] level 1: Flash sector already contains matching data: skipping write operation.
-----------------------------------------
(re)writing active CFG (unchanged) -- this should report that there's nothing to write as the CFG data has not changed -- at 0x8B100: 1
  flash [0] level 0: Must disable interrupts when writing to flash; this is done automatically.
  flash [1] level 1: Flash sector already contains matching data: skipping write operation.
-----------------------------------------
(re)writing active CFG (unchanged) -- this should report that there's nothing to write as the CFG data has not changed -- at 0x8B100: 1
  flash [0] level 0: Must disable interrupts when writing to flash; this is done automatically.
  flash [1] level 1: Flash sector already contains matching data: skipping write operation.
writing an updated CFG at address 0x8B120: 1
(b0:0,b1:42,i1:1,li2:1234567890123456,i3:-555,iter:497)
  flash [0] level 0: Must disable interrupts when writing to flash; this is done automatically.
-----------------------------------------
(re)writing active CFG (unchanged) -- this should report that there's nothing to write as the CFG data has not changed -- at 0x8B120: 1
  flash [0] level 0: Must disable interrupts when writing to flash; this is done automatically.
  flash [1] level 1: Flash sector already contains matching data: skipping write operation.
-----------------------------------------
(re)writing active CFG (unchanged) -- this should report that there's nothing to write as the CFG data has not changed -- at 0x8B120: 1
  flash [0] level 0: Must disable interrupts when writing to flash; this is done automatically.
  flash [1] level 1: Flash sector already contains matching data: skipping write operation.
-----------------------------------------
(re)writing active CFG (unchanged) -- this should report that there's nothing to write as the CFG data has not changed -- at 0x8B120: 1
  flash [0] level 0: Must disable interrupts when writing to flash; this is done automatically.
  flash [1] level 1: Flash sector already contains matching data: skipping write operation.
writing an updated CFG at address 0x8B140: 1
(b0:0,b1:42,i1:1,li2:1234567890123456,i3:-555,iter:498)
  flash [0] level 0: Must disable interrupts when writing to flash; this is done automatically.
-----------------------------------------
(re)writing active CFG (unchanged) -- this should report that there's nothing to write as the CFG data has not changed -- at 0x8B140: 1
  flash [0] level 0: Must disable interrupts when writing to flash; this is done automatically.
  flash [1] level 1: Flash sector already contains matching data: skipping write operation.
-----------------------------------------
(re)writing active CFG (unchanged) -- this should report that there's nothing to write as the CFG data has not changed -- at 0x8B140: 1
  flash [0] level 0: Must disable interrupts when writing to flash; this is done automatically.
  flash [1] level 1: Flash sector already contains matching data: skipping write operation.
-----------------------------------------
(re)writing active CFG (unchanged) -- this should report that there's nothing to write as the CFG data has not changed -- at 0x8B140: 1
  flash [0] level 0: Must disable interrupts when writing to flash; this is done automatically.
  flash [1] level 1: Flash sector already contains matching data: skipping write operation.
writing an updated CFG at address 0x8B160: 1
(b0:0,b1:42,i1:1,li2:1234567890123456,i3:-555,iter:499)
  flash [0] level 0: Must disable interrupts when writing to flash; this is done automatically.
-----------------------------------------
(re)writing active CFG (unchanged) -- this should report that there's nothing to write as the CFG data has not changed -- at 0x8B160: 1
  flash [0] level 0: Must disable interrupts when writing to flash; this is done automatically.
  flash [1] level 1: Flash sector already contains matching data: skipping write operation.
-----------------------------------------
(re)writing active CFG (unchanged) -- this should report that there's nothing to write as the CFG data has not changed -- at 0x8B160: 1
  flash [0] level 0: Must disable interrupts when writing to flash; this is done automatically.
  flash [1] level 1: Flash sector already contains matching data: skipping write operation.
-----------------------------------------
(re)writing active CFG (unchanged) -- this should report that there's nothing to write as the CFG data has not changed -- at 0x8B160: 1
  flash [0] level 0: Must disable interrupts when writing to flash; this is done automatically.
  flash [1] level 1: Flash sector already contains matching data: skipping write operation.
writing an updated CFG at address 0x8B180: 1
(b0:0,b1:42,i1:1,li2:1234567890123456,i3:-555,iter:500)
  flash [0] level 0: Must disable interrupts when writing to flash; this is done automatically.
-----------------------------------------
(re)writing active CFG (unchanged) -- this should report that there's nothing to write as the CFG data has not changed -- at 0x8B180: 1
  flash [0] level 0: Must disable interrupts when writing to flash; this is done automatically.
  flash [1] level 1: Flash sector already contains matching data: skipping write operation.
-----------------------------------------
(re)writing active CFG (unchanged) -- this should report that there's nothing to write as the CFG data has not changed -- at 0x8B180: 1
  flash [0] level 0: Must disable interrupts when writing to flash; this is done automatically.
  flash [1] level 1: Flash sector already contains matching data: skipping write operation.
-----------------------------------------
(re)writing active CFG (unchanged) -- this should report that there's nothing to write as the CFG data has not changed -- at 0x8B180: 1
  flash [0] level 0: Must disable interrupts when writing to flash; this is done automatically.
  flash [1] level 1: Flash sector already contains matching data: skipping write operation.
writing an updated CFG at address 0x8B1A0: 1
(b0:0,b1:42,i1:1,li2:1234567890123456,i3:-555,iter:501)
  flash [0] level 0: Must disable interrupts when writing to flash; this is done automatically.
-----------------------------------------
(re)writing active CFG (unchanged) -- this should report that there's nothing to write as the CFG data has not changed -- at 0x8B1A0: 1
  flash [0] level 0: Must disable interrupts when writing to flash; this is done automatically.
  flash [1] level 1: Flash sector already contains matching data: skipping write operation.
-----------------------------------------
(re)writing active CFG (unchanged) -- this should report that there's nothing to write as the CFG data has not changed -- at 0x8B1A0: 1
  flash [0] level 0: Must disable interrupts when writing to flash; this is done automatically.
  flash [1] level 1: Flash sector already contains matching data: skipping write operation.
-----------------------------------------
(re)writing active CFG (unchanged) -- this should report that there's nothing to write as the CFG data has not changed -- at 0x8B1A0: 1
  flash [0] level 0: Must disable interrupts when writing to flash; this is done automatically.
  flash [1] level 1: Flash sector already contains matching data: skipping write operation.
writing an updated CFG at address 0x8B1C0: 1
(b0:0,b1:42,i1:1,li2:1234567890123456,i3:-555,iter:502)
  flash [0] level 0: Must disable interrupts when writing to flash; this is done automatically.
-----------------------------------------
(re)writing active CFG (unchanged) -- this should report that there's nothing to write as the CFG data has not changed -- at 0x8B1C0: 1
  flash [0] level 0: Must disable interrupts when writing to flash; this is done automatically.
  flash [1] level 1: Flash sector already contains matching data: skipping write operation.
-----------------------------------------
(re)writing active CFG (unchanged) -- this should report that there's nothing to write as the CFG data has not changed -- at 0x8B1C0: 1
  flash [0] level 0: Must disable interrupts when writing to flash; this is done automatically.
  flash [1] level 1: Flash sector already contains matching data: skipping write operation.
-----------------------------------------
(re)writing active CFG (unchanged) -- this should report that there's nothing to write as the CFG data has not changed -- at 0x8B1C0: 1
  flash [0] level 0: Must disable interrupts when writing to flash; this is done automatically.
  flash [1] level 1: Flash sector already contains matching data: skipping write operation.
writing an updated CFG at address 0x8B1E0: 1
(b0:0,b1:42,i1:1,li2:1234567890123456,i3:-555,iter:503)
  flash [0] level 0: Must disable interrupts when writing to flash; this is done automatically.
Halting... (press RESET button to observe the last written CFG being kept intact in flash storage)

