




DueFlashStorage: reading/writing a struct from/to flash example (with optimized write: only when change has happened)
Z:\lib\tooling\qiqqa\MuPDF\thirdparty\owemdjee\DueFlashStorage\examples\DueFlashStorageOnlyUsing2ndFlashAreaExample\DueFlashStorageExample.ino


writing a fresh CFG at address 0xC0000: 1
(b0:0,b1:42,i1:1,li2:1234567890123456,i3:-555,iter:0)
========================================================
(re)writing active CFG (unchanged) -- this should report that there's nothing to write as the CFG data has not changed -- at 0xC0000: 1
  flash [0] level 1: Flash sector already contains matching data: skipping write operation.
-----------------------------------------
(re)writing active CFG (unchanged) -- this should report that there's nothing to write as the CFG data has not changed -- at 0xC0000: 1
  flash [0] level 1: Flash sector already contains matching data: skipping write operation.
writing an updated CFG at address 0xC0020: 1
(b0:0,b1:42,i1:1,li2:1234567890123456,i3:-555,iter:1)
-----------------------------------------
(re)writing active CFG (unchanged) -- this should report that there's nothing to write as the CFG data has not changed -- at 0xC0020: 1
  flash [0] level 1: Flash sector already contains matching data: skipping write operation.
-----------------------------------------
(re)writing active CFG (unchanged) -- this should report that there's nothing to write as the CFG data has not changed -- at 0xC0020: 1
  flash [0] level 1: Flash sector already contains matching data: skipping write operation.
-----------------------------------------
(re)writing active CFG (unchanged) -- this should report that there's nothing to write as the CFG data has not changed -- at 0xC0020: 1
  flash [0] level 1: Flash sector already contains matching data: skipping write operation.
writing an updated CFG at address 0xC0040: 1
(b0:0,b1:42,i1:1,li2:1234567890123456,i3:-555,iter:2)
-----------------------------------------
(re)writing active CFG (unchanged) -- this should report that there's nothing to write as the CFG data has not changed -- at 0xC0040: 1
  flash [0] level 1: Flash sector already contains matching data: skipping write operation.
-----------------------------------------
(re)writing active CFG (unchanged) -- this should report that there's nothing to write as the CFG data has not changed -- at 0xC0040: 1
  flash [0] level 1: Flash sector already contains matching data: skipping write operation.
-----------------------------------------
(re)writing active CFG (unchanged) -- this should report that there's nothing to write as the CFG data has not changed -- at 0xC0040: 1
  flash [0] level 1: Flash sector already contains matching data: skipping write operation.
writing an updated CFG at address 0xC0060: 1
(b0:0,b1:42,i1:1,li2:1234567890123456,i3:-555,iter:3)
-----------------------------------------
(re)writing active CFG (unchanged) -- this should report that there's nothing to write as the CFG data has not changed -- at 0xC0060: 1
  flash [0] level 1: Flash sector already contains matching data: skipping write operation.
-----------------------------------------
(re)writing active CFG (unchanged) -- this should report that there's nothing to write as the CFG data has not changed -- at 0xC0060: 1
  flash [0] level 1: Flash sector already contains matching data: skipping write operation.
-----------------------------------------
(re)writing active CFG (unchanged) -- this should report that there's nothing to write as the CFG data has not changed -- at 0xC0060: 1
  flash [0] level 1: Flash sector already contains matching data: skipping write operation.
writing an updated CFG at address 0xC0080: 1
(b0:0,b1:42,i1:1,li2:1234567890123456,i3:-555,iter:4)
-----------------------------------------
(re)writing active CFG (unchanged) -- this should report that there's nothing to write as the CFG data has not changed -- at 0xC0080: 1
  flash [0] level 1: Flash sector already contains matching data: skipping write operation.
-----------------------------------------
(re)writing active CFG (unchanged) -- this should report that there's nothing to write as the CFG data has not changed -- at 0xC0080: 1
  flash [0] level 1: Flash sector already contains matching data: skipping write operation.
-----------------------------------------
(re)writing active CFG (unchanged) -- this should report that there's nothing to write as the CFG data has not changed -- at 0xC0080: 1
  flash [0] level 1: Flash sector already contains matching data: skipping write operation.
writing an updated CFG at address 0xC00A0: 1
(b0:0,b1:42,i1:1,li2:1234567890123456,i3:-555,iter:5)
-----------------------------------------
(re)writing active CFG (unchanged) -- this should report that there's nothing to write as the CFG data has not changed -- at 0xC00A0: 1
  flash [0] level 1: Flash sector already contains matching data: skipping write operation.
-----------------------------------------
(re)writing active CFG (unchanged) -- this should report that there's nothing to write as the CFG data has not changed -- at 0xC00A0: 1
  flash [0] level 1: Flash sector already contains matching data: skipping write operation.
-----------------------------------------
(re)writing active CFG (unchanged) -- this should report that there's nothing to write as the CFG data has not changed -- at 0xC00A0: 1
  flash [0] level 1: Flash sector already contains matching data: skipping write operation.
writing an updated CFG at address 0xC00C0: 1
(b0:0,b1:42,i1:1,li2:1234567890123456,i3:-555,iter:6)
-----------------------------------------
(re)writing active CFG (unchanged) -- this should report that there's nothing to write as the CFG data has not changed -- at 0xC00C0: 1
  flash [0] level 1: Flash sector already contains matching data: skipping write operation.
-----------------------------------------
(re)writing active CFG (unchanged) -- this should report that there's nothing to write as the CFG data has not changed -- at 0xC00C0: 1
  flash [0] level 1: Flash sector already contains matching data: skipping write operation.
-----------------------------------------
(re)writing active CFG (unchanged) -- this should report that there's nothing to write as the CFG data has not changed -- at 0xC00C0: 1
  flash [0] level 1: Flash sector already contains matching data: skipping write operation.
writing an updated CFG at address 0xC00E0: 1
(b0:0,b1:42,i1:1,li2:1234567890123456,i3:-555,iter:7)
-----------------------------------------
(re)writing active CFG (unchanged) -- this should report that there's nothing to write as the CFG data has not changed -- at 0xC00E0: 1
  flash [0] level 1: Flash sector already contains matching data: skipping write operation.
-----------------------------------------
(re)writing active CFG (unchanged) -- this should report that there's nothing to write as the CFG data has not changed -- at 0xC00E0: 1
  flash [0] level 1: Flash sector already contains matching data: skipping write operation.
-----------------------------------------
(re)writing active CFG (unchanged) -- this should report that there's nothing to write as the CFG data has not changed -- at 0xC00E0: 1
  flash [0] level 1: Flash sector already contains matching data: skipping write operation.
writing an updated CFG at address 0xC0100: 1
(b0:0,b1:42,i1:1,li2:1234567890123456,i3:-555,iter:8)
-----------------------------------------
(re)writing active CFG (unchanged) -- this should report that there's nothing to write as the CFG data has not changed -- at 0xC0100: 1
  flash [0] level 1: Flash sector already contains matching data: skipping write operation.
-----------------------------------------
(re)writing active CFG (unchanged) -- this should report that there's nothing to write as the CFG data has not changed -- at 0xC0100: 1
  flash [0] level 1: Flash sector already contains matching data: skipping write operation.
-----------------------------------------
(re)writing active CFG (unchanged) -- this should report that there's nothing to write as the CFG data has not changed -- at 0xC0100: 1
  flash [0] level 1: Flash sector already contains matching data: skipping write operation.
writing an updated CFG at address 0xC0120: 1
(b0:0,b1:42,i1:1,li2:1234567890123456,i3:-555,iter:9)
-----------------------------------------
(re)writing active CFG (unchanged) -- this should report that there's nothing to write as the CFG data has not changed -- at 0xC0120: 1
  flash [0] level 1: Flash sector already contains matching data: skipping write operation.
-----------------------------------------
(re)writing active CFG (unchanged) -- this should report that there's nothing to write as the CFG data has not changed -- at 0xC0120: 1
  flash [0] level 1: Flash sector already contains matching data: skipping write operation.
-----------------------------------------
(re)writing active CFG (unchanged) -- this should report that there's nothing to write as the CFG data has not changed -- at 0xC0120: 1
  flash [0] level 1: Flash sector already contains matching data: skipping write operation.
writing an updated CFG at address 0xC0140: 1
(b0:0,b1:42,i1:1,li2:1234567890123456,i3:-555,iter:10)
-----------------------------------------
(re)writing active CFG (unchanged) -- this should report that there's nothing to write as the CFG data has not changed -- at 0xC0140: 1
  flash [0] level 1: Flash sector already contains matching data: skipping write operation.
-----------------------------------------
(re)writing active CFG (unchanged) -- this should report that there's nothing to write as the CFG data has not changed -- at 0xC0140: 1
  flash [0] level 1: Flash sector already contains matching data: skipping write operation.
-----------------------------------------
(re)writing active CFG (unchanged) -- this should report that there's nothing to write as the CFG data has not changed -- at 0xC0140: 1
  flash [0] level 1: Flash sector already contains matching data: skipping write operation.
writing an updated CFG at address 0xC0160: 1
(b0:0,b1:42,i1:1,li2:1234567890123456,i3:-555,iter:11)
-----------------------------------------
(re)writing active CFG (unchanged) -- this should report that there's nothing to write as the CFG data has not changed -- at 0xC0160: 1
  flash [0] level 1: Flash sector already contains matching data: skipping write operation.
-----------------------------------------
(re)writing active CFG (unchanged) -- this should report that there's nothing to write as the CFG data has not changed -- at 0xC0160: 1
  flash [0] level 1: Flash sector already contains matching data: skipping write operation.
-----------------------------------------
(re)writing active CFG (unchanged) -- this should report that there's nothing to write as the CFG data has not changed -- at 0xC0160: 1
  flash [0] level 1: Flash sector already contains matching data: skipping write operation.
writing an updated CFG at address 0xC0180: 1
(b0:0,b1:42,i1:1,li2:1234567890123456,i3:-555,iter:12)
-----------------------------------------
(re)writing active CFG (unchanged) -- this should report that there's nothing to write as the CFG data has not changed -- at 0xC0180: 1
  flash [0] level 1: Flash sector already contains matching data: skipping write operation.
-----------------------------------------
(re)writing active CFG (unchanged) -- this should report that there's nothing to write as the CFG data has not changed -- at 0xC0180: 1
  flash [0] level 1: Flash sector already contains matching data: skipping write operation.
-----------------------------------------
(re)writing active CFG (unchanged) -- this should report that there's nothing to write as the CFG data has not changed -- at 0xC0180: 1
  flash [0] level 1: Flash sector already contains matching data: skipping write operation.
writing an updated CFG at address 0xC01A0: 1
(b0:0,b1:42,i1:1,li2:1234567890123456,i3:-555,iter:13)
-----------------------------------------
(re)writing active CFG (unchanged) -- this should report that there's nothing to write as the CFG data has not changed -- at 0xC01A0: 1
  flash [0] level 1: Flash sector already contains matching data: skipping write operation.
-----------------------------------------
(re)writing active CFG (unchanged) -- this should report that there's nothing to write as the CFG data has not changed -- at 0xC01A0: 1
  flash [0] level 1: Flash sector already contains matching data: skipping write operation.
-----------------------------------------
(re)writing active CFG (unchanged) -- this should report that there's nothing to write as the CFG data has not changed -- at 0xC01A0: 1
  flash [0] level 1: Flash sector already contains matching data: skipping write operation.
writing an updated CFG at address 0xC01C0: 1
(b0:0,b1:42,i1:1,li2:1234567890123456,i3:-555,iter:14)
-----------------------------------------
(re)writing active CFG (unchanged) -- this should report that there's nothing to write as the CFG data has not changed -- at 0xC01C0: 1
  flash [0] level 1: Flash sector already contains matching data: skipping write operation.
-----------------------------------------
(re)writing active CFG (unchanged) -- this should report that there's nothing to write as the CFG data has not changed -- at 0xC01C0: 1
  flash [0] level 1: Flash sector already contains matching data: skipping write operation.
-----------------------------------------
(re)writing active CFG (unchanged) -- this should report that there's nothing to write as the CFG data has not changed -- at 0xC01C0: 1
  flash [0] level 1: Flash sector already contains matching data: skipping write operation.
writing an updated CFG at address 0xC01E0: 1
(b0:0,b1:42,i1:1,li2:1234567890123456,i3:-555,iter:15)
-----------------------------------------
(re)writing active CFG (unchanged) -- this should report that there's nothing to write as the CFG data has not changed -- at 0xC01E0: 1
  flash [0] level 1: Flash sector already contains matching data: skipping write operation.
-----------------------------------------
(re)writing active CFG (unchanged) -- this should report that there's nothing to write as the CFG data has not changed -- at 0xC01E0: 1
  flash [0] level 1: Flash sector already contains matching data: skipping write operation.
-----------------------------------------
(re)writing active CFG (unchanged) -- this should report that there's nothing to write as the CFG data has not changed -- at 0xC01E0: 1
  flash [0] level 1: Flash sector already contains matching data: skipping write operation.
writing an updated CFG at address 0xC0200: 1
(b0:0,b1:42,i1:1,li2:1234567890123456,i3:-555,iter:16)
-----------------------------------------
(re)writing active CFG (unchanged) -- this should report that there's nothing to write as the CFG data has not changed -- at 0xC0200: 1
  flash [0] level 1: Flash sector already contains matching data: skipping write operation.
-----------------------------------------
(re)writing active CFG (unchanged) -- this should report that there's nothing to write as the CFG data has not changed -- at 0xC0200: 1
  flash [0] level 1: Flash sector already contains matching data: skipping write operation.
-----------------------------------------
(re)writing active CFG (unchanged) -- this should report that there's nothing to write as the CFG data has not changed -- at 0xC0200: 1
  flash [0] level 1: Flash sector already contains matching data: skipping write operation.
writing an updated CFG at address 0xC0220: 1
(b0:0,b1:42,i1:1,li2:1234567890123456,i3:-555,iter:17)
-----------------------------------------
(re)writing active CFG (unchanged) -- this should report that there's nothing to write as the CFG data has not changed -- at 0xC0220: 1
  flash [0] level 1: Flash sector already contains matching data: skipping write operation.
-----------------------------------------
(re)writing active CFG (unchanged) -- this should report that there's nothing to write as the CFG data has not changed -- at 0xC0220: 1
  flash [0] level 1: Flash sector already contains matching data: skipping write operation.
-----------------------------------------
(re)writing active CFG (unchanged) -- this should report that there's nothing to write as the CFG data has not changed -- at 0xC0220: 1
  flash [0] level 1: Flash sector already contains matching data: skipping write operation.
writing an updated CFG at address 0xC0240: 1
(b0:0,b1:42,i1:1,li2:1234567890123456,i3:-555,iter:18)
-----------------------------------------
(re)writing active CFG (unchanged) -- this should report that there's nothing to write as the CFG data has not changed -- at 0xC0240: 1
  flash [0] level 1: Flash sector already contains matching data: skipping write operation.
-----------------------------------------
(re)writing active CFG (unchanged) -- this should report that there's nothing to write as the CFG data has not changed -- at 0xC0240: 1
  flash [0] level 1: Flash sector already contains matching data: skipping write operation.
-----------------------------------------
(re)writing active CFG (unchanged) -- this should report that there's nothing to write as the CFG data has not changed -- at 0xC0240: 1
  flash [0] level 1: Flash sector already contains matching data: skipping write operation.
writing an updated CFG at address 0xC0260: 1
(b0:0,b1:42,i1:1,li2:1234567890123456,i3:-555,iter:19)
-----------------------------------------
(re)writing active CFG (unchanged) -- this should report that there's nothing to write as the CFG data has not changed -- at 0xC0260: 1
  flash [0] level 1: Flash sector already contains matching data: skipping write operation.
-----------------------------------------
(re)writing active CFG (unchanged) -- this should report that there's nothing to write as the CFG data has not changed -- at 0xC0260: 1
  flash [0] level 1: Flash sector already contains matching data: skipping write operation.
-----------------------------------------
(re)writing active CFG (unchanged) -- this should report that there's nothing to write as the CFG data has not changed -- at 0xC0260: 1
  flash [0] level 1: Flash sector already contains matching data: skipping write operation.
writing an updated CFG at address 0xC0280: 1
(b0:0,b1:42,i1:1,li2:1234567890123456,i3:-555,iter:20)
-----------------------------------------
(re)writing active CFG (unchanged) -- this should report that there's nothing to write as the CFG data has not changed -- at 0xC0280: 1
  flash [0] level 1: Flash sector already contains matching data: skipping write operation.
-----------------------------------------
(re)writing active CFG (unchanged) -- this should report that there's nothing to write as the CFG data has not changed -- at 0xC0280: 1
  flash [0] level 1: Flash sector already contains matching data: skipping write operation.
-----------------------------------------
(re)writing active CFG (unchanged) -- this should report that there's nothing to write as the CFG data has not changed -- at 0xC0280: 1
  flash [0] level 1: Flash sector already contains matching data: skipping write operation.
writing an updated CFG at address 0xC02A0: 1
(b0:0,b1:42,i1:1,li2:1234567890123456,i3:-555,iter:21)
-----------------------------------------
(re)writing active CFG (unchanged) -- this should report that there's nothing to write as the CFG data has not changed -- at 0xC02A0: 1
  flash [0] level 1: Flash sector already contains matching data: skipping write operation.
-----------------------------------------
(re)writing active CFG (unchanged) -- this should report that there's nothing to write as the CFG data has not changed -- at 0xC02A0: 1
  flash [0] level 1: Flash sector already contains matching data: skipping write operation.
-----------------------------------------
(re)writing active CFG (unchanged) -- this should report that there's nothing to write as the CFG data has not changed -- at 0xC02A0: 1
  flash [0] level 1: Flash sector already contains matching data: skipping write operation.
writing an updated CFG at address 0xC02C0: 1
(b0:0,b1:42,i1:1,li2:1234567890123456,i3:-555,iter:22)
-----------------------------------------
(re)writing active CFG (unchanged) -- this should report that there's nothing to write as the CFG data has not changed -- at 0xC02C0: 1
  flash [0] level 1: Flash sector already contains matching data: skipping write operation.
-----------------------------------------
(re)writing active CFG (unchanged) -- this should report that there's nothing to write as the CFG data has not changed -- at 0xC02C0: 1
  flash [0] level 1: Flash sector already contains matching data: skipping write operation.
-----------------------------------------
(re)writing active CFG (unchanged) -- this should report that there's nothing to write as the CFG data has not changed -- at 0xC02C0: 1
  flash [0] level 1: Flash sector already contains matching data: skipping write operation.
writing an updated CFG at address 0xC02E0: 1
(b0:0,b1:42,i1:1,li2:1234567890123456,i3:-555,iter:23)
-----------------------------------------
(re)writing active CFG (unchanged) -- this should report that there's nothing to write as the CFG data has not changed -- at 0xC02E0: 1
  flash [0] level 1: Flash sector already contains matching data: skipping write operation.
-----------------------------------------
(re)writing active CFG (unchanged) -- this should report that there's nothing to write as the CFG data has not changed -- at 0xC02E0: 1
  flash [0] level 1: Flash sector already contains matching data: skipping write operation.
-----------------------------------------
(re)writing active CFG (unchanged) -- this should report that there's nothing to write as the CFG data has not changed -- at 0xC02E0: 1
  flash [0] level 1: Flash sector already contains matching data: skipping write operation.
writing an updated CFG at address 0xC0300: 1
(b0:0,b1:42,i1:1,li2:1234567890123456,i3:-555,iter:24)
-----------------------------------------
(re)writing active CFG (unchanged) -- this should report that there's nothing to write as the CFG data has not changed -- at 0xC0300: 1
  flash [0] level 1: Flash sector already contains matching data: skipping write operation.
-----------------------------------------
(re)writing active CFG (unchanged) -- this should report that there's nothing to write as the CFG data has not changed -- at 0xC0300: 1
  flash [0] level 1: Flash sector already contains matching data: skipping write operation.
-----------------------------------------
(re)writing active CFG (unchanged) -- this should report that there's nothing to write as the CFG data has not changed -- at 0xC0300: 1
  flash [0] level 1: Flash sector already contains matching data: skipping write operation.
writing an updated CFG at address 0xC0320: 1
(b0:0,b1:42,i1:1,li2:1234567890123456,i3:-555,iter:25)
-----------------------------------------
(re)writing active CFG (unchanged) -- this should report that there's nothing to write as the CFG data has not changed -- at 0xC0320: 1
  flash [0] level 1: Flash sector already contains matching data: skipping write operation.
-----------------------------------------
(re)writing active CFG (unchanged) -- this should report that there's nothing to write as the CFG data has not changed -- at 0xC0320: 1
  flash [0] level 1: Flash sector already contains matching data: skipping write operation.
-----------------------------------------
(re)writing active CFG (unchanged) -- this should report that there's nothing to write as the CFG data has not changed -- at 0xC0320: 1
  flash [0] level 1: Flash sector already contains matching data: skipping write operation.
writing an updated CFG at address 0xC0340: 1
(b0:0,b1:42,i1:1,li2:1234567890123456,i3:-555,iter:26)
-----------------------------------------
(re)writing active CFG (unchanged) -- this should report that there's nothing to write as the CFG data has not changed -- at 0xC0340: 1
  flash [0] level 1: Flash sector already contains matching data: skipping write operation.
-----------------------------------------
(re)writing active CFG (unchanged) -- this should report that there's nothing to write as the CFG data has not changed -- at 0xC0340: 1
  flash [0] level 1: Flash sector already contains matching data: skipping write operation.
-----------------------------------------
(re)writing active CFG (unchanged) -- this should report that there's nothing to write as the CFG data has not changed -- at 0xC0340: 1
  flash [0] level 1: Flash sector already contains matching data: skipping write operation.
writing an updated CFG at address 0xC0360: 1
(b0:0,b1:42,i1:1,li2:1234567890123456,i3:-555,iter:27)
-----------------------------------------
(re)writing active CFG (unchanged) -- this should report that there's nothing to write as the CFG data has not changed -- at 0xC0360: 1
  flash [0] level 1: Flash sector already contains matching data: skipping write operation.
-----------------------------------------
(re)writing active CFG (unchanged) -- this should report that there's nothing to write as the CFG data has not changed -- at 0xC0360: 1
  flash [0] level 1: Flash sector already contains matching data: skipping write operation.
-----------------------------------------
(re)writing active CFG (unchanged) -- this should report that there's nothing to write as the CFG data has not changed -- at 0xC0360: 1
  flash [0] level 1: Flash sector already contains matching data: skipping write operation.
writing an updated CFG at address 0xC0380: 1
(b0:0,b1:42,i1:1,li2:1234567890123456,i3:-555,iter:28)
-----------------------------------------
(re)writing active CFG (unchanged) -- this should report that there's nothing to write as the CFG data has not changed -- at 0xC0380: 1
  flash [0] level 1: Flash sector already contains matching data: skipping write operation.
-----------------------------------------
(re)writing active CFG (unchanged) -- this should report that there's nothing to write as the CFG data has not changed -- at 0xC0380: 1
  flash [0] level 1: Flash sector already contains matching data: skipping write operation.
-----------------------------------------
(re)writing active CFG (unchanged) -- this should report that there's nothing to write as the CFG data has not changed -- at 0xC0380: 1
  flash [0] level 1: Flash sector already contains matching data: skipping write operation.
writing an updated CFG at address 0xC03A0: 1
(b0:0,b1:42,i1:1,li2:1234567890123456,i3:-555,iter:29)
-----------------------------------------
(re)writing active CFG (unchanged) -- this should report that there's nothing to write as the CFG data has not changed -- at 0xC03A0: 1
  flash [0] level 1: Flash sector already contains matching data: skipping write operation.
-----------------------------------------
(re)writing active CFG (unchanged) -- this should report that there's nothing to write as the CFG data has not changed -- at 0xC03A0: 1
  flash [0] level 1: Flash sector already contains matching data: skipping write operation.
-----------------------------------------
(re)writing active CFG (unchanged) -- this should report that there's nothing to write as the CFG data has not changed -- at 0xC03A0: 1
  flash [0] level 1: Flash sector already contains matching data: skipping write operation.
writing an updated CFG at address 0xC03C0: 1
(b0:0,b1:42,i1:1,li2:1234567890123456,i3:-555,iter:30)
-----------------------------------------
(re)writing active CFG (unchanged) -- this should report that there's nothing to write as the CFG data has not changed -- at 0xC03C0: 1
  flash [0] level 1: Flash sector already contains matching data: skipping write operation.
-----------------------------------------
(re)writing active CFG (unchanged) -- this should report that there's nothing to write as the CFG data has not changed -- at 0xC03C0: 1
  flash [0] level 1: Flash sector already contains matching data: skipping write operation.
-----------------------------------------
(re)writing active CFG (unchanged) -- this should report that there's nothing to write as the CFG data has not changed -- at 0xC03C0: 1
  flash [0] level 1: Flash sector already contains matching data: skipping write operation.
writing an updated CFG at address 0xC03E0: 1
(b0:0,b1:42,i1:1,li2:1234567890123456,i3:-555,iter:31)
-----------------------------------------
(re)writing active CFG (unchanged) -- this should report that there's nothing to write as the CFG data has not changed -- at 0xC03E0: 1
  flash [0] level 1: Flash sector already contains matching data: skipping write operation.
-----------------------------------------
(re)writing active CFG (unchanged) -- this should report that there's nothing to write as the CFG data has not changed -- at 0xC03E0: 1
  flash [0] level 1: Flash sector already contains matching data: skipping write operation.
-----------------------------------------
(re)writing active CFG (unchanged) -- this should report that there's nothing to write as the CFG data has not changed -- at 0xC03E0: 1
  flash [0] level 1: Flash sector already contains matching data: skipping write operation.
writing an updated CFG at address 0xC0400: 1
(b0:0,b1:42,i1:1,li2:1234567890123456,i3:-555,iter:32)
-----------------------------------------
(re)writing active CFG (unchanged) -- this should report that there's nothing to write as the CFG data has not changed -- at 0xC0400: 1
  flash [0] level 1: Flash sector already contains matching data: skipping write operation.
-----------------------------------------
(re)writing active CFG (unchanged) -- this should report that there's nothing to write as the CFG data has not changed -- at 0xC0400: 1
  flash [0] level 1: Flash sector already contains matching data: skipping write operation.
-----------------------------------------
(re)writing active CFG (unchanged) -- this should report that there's nothing to write as the CFG data has not changed -- at 0xC0400: 1
  flash [0] level 1: Flash sector already contains matching data: skipping write operation.
writing an updated CFG at address 0xC0420: 1
(b0:0,b1:42,i1:1,li2:1234567890123456,i3:-555,iter:33)
-----------------------------------------
(re)writing active CFG (unchanged) -- this should report that there's nothing to write as the CFG data has not changed -- at 0xC0420: 1
  flash [0] level 1: Flash sector already contains matching data: skipping write operation.
-----------------------------------------
(re)writing active CFG (unchanged) -- this should report that there's nothing to write as the CFG data has not changed -- at 0xC0420: 1
  flash [0] level 1: Flash sector already contains matching data: skipping write operation.
-----------------------------------------
(re)writing active CFG (unchanged) -- this should report that there's nothing to write as the CFG data has not changed -- at 0xC0420: 1
  flash [0] level 1: Flash sector already contains matching data: skipping write operation.
writing an updated CFG at address 0xC0440: 1
(b0:0,b1:42,i1:1,li2:1234567890123456,i3:-555,iter:34)
-----------------------------------------
(re)writing active CFG (unchanged) -- this should report that there's nothing to write as the CFG data has not changed -- at 0xC0440: 1
  flash [0] level 1: Flash sector already contains matching data: skipping write operation.
-----------------------------------------
(re)writing active CFG (unchanged) -- this should report that there's nothing to write as the CFG data has not changed -- at 0xC0440: 1
  flash [0] level 1: Flash sector already contains matching data: skipping write operation.
-----------------------------------------
(re)writing active CFG (unchanged) -- this should report that there's nothing to write as the CFG data has not changed -- at 0xC0440: 1
  flash [0] level 1: Flash sector already contains matching data: skipping write operation.
writing an updated CFG at address 0xC0460: 1
(b0:0,b1:42,i1:1,li2:1234567890123456,i3:-555,iter:35)
-----------------------------------------
(re)writing active CFG (unchanged) -- this should report that there's nothing to write as the CFG data has not changed -- at 0xC0460: 1
  flash [0] level 1: Flash sector already contains matching data: skipping write operation.
-----------------------------------------
(re)writing active CFG (unchanged) -- this should report that there's nothing to write as the CFG data has not changed -- at 0xC0460: 1
  flash [0] level 1: Flash sector already contains matching data: skipping write operation.
-----------------------------------------
(re)writing active CFG (unchanged) -- this should report that there's nothing to write as the CFG data has not changed -- at 0xC0460: 1
  flash [0] level 1: Flash sector already contains matching data: skipping write operation.
writing an updated CFG at address 0xC0480: 1
(b0:0,b1:42,i1:1,li2:1234567890123456,i3:-555,iter:36)
-----------------------------------------
(re)writing active CFG (unchanged) -- this should report that there's nothing to write as the CFG data has not changed -- at 0xC0480: 1
  flash [0] level 1: Flash sector already contains matching data: skipping write operation.
-----------------------------------------
(re)writing active CFG (unchanged) -- this should report that there's nothing to write as the CFG data has not changed -- at 0xC0480: 1
  flash [0] level 1: Flash sector already contains matching data: skipping write operation.
-----------------------------------------
(re)writing active CFG (unchanged) -- this should report that there's nothing to write as the CFG data has not changed -- at 0xC0480: 1
  flash [0] level 1: Flash sector already contains matching data: skipping write operation.
writing an updated CFG at address 0xC04A0: 1
(b0:0,b1:42,i1:1,li2:1234567890123456,i3:-555,iter:37)
-----------------------------------------
(re)writing active CFG (unchanged) -- this should report that there's nothing to write as the CFG data has not changed -- at 0xC04A0: 1
  flash [0] level 1: Flash sector already contains matching data: skipping write operation.
-----------------------------------------
(re)writing active CFG (unchanged) -- this should report that there's nothing to write as the CFG data has not changed -- at 0xC04A0: 1
  flash [0] level 1: Flash sector already contains matching data: skipping write operation.
-----------------------------------------
(re)writing active CFG (unchanged) -- this should report that there's nothing to write as the CFG data has not changed -- at 0xC04A0: 1
  flash [0] level 1: Flash sector already contains matching data: skipping write operation.
writing an updated CFG at address 0xC04C0: 1
(b0:0,b1:42,i1:1,li2:1234567890123456,i3:-555,iter:38)
-----------------------------------------
(re)writing active CFG (unchanged) -- this should report that there's nothing to write as the CFG data has not changed -- at 0xC04C0: 1
  flash [0] level 1: Flash sector already contains matching data: skipping write operation.
-----------------------------------------
(re)writing active CFG (unchanged) -- this should report that there's nothing to write as the CFG data has not changed -- at 0xC04C0: 1
  flash [0] level 1: Flash sector already contains matching data: skipping write operation.
-----------------------------------------
(re)writing active CFG (unchanged) -- this should report that there's nothing to write as the CFG data has not changed -- at 0xC04C0: 1
  flash [0] level 1: Flash sector already contains matching data: skipping write operation.
writing an updated CFG at address 0xC04E0: 1
(b0:0,b1:42,i1:1,li2:1234567890123456,i3:-555,iter:39)
-----------------------------------------
(re)writing active CFG (unchanged) -- this should report that there's nothing to write as the CFG data has not changed -- at 0xC04E0: 1
  flash [0] level 1: Flash sector already contains matching data: skipping write operation.
-----------------------------------------
(re)writing active CFG (unchanged) -- this should report that there's nothing to write as the CFG data has not changed -- at 0xC04E0: 1
  flash [0] level 1: Flash sector already contains matching data: skipping write operation.
-----------------------------------------
(re)writing active CFG (unchanged) -- this should report that there's nothing to write as the CFG data has not changed -- at 0xC04E0: 1
  flash [0] level 1: Flash sector already contains matching data: skipping write operation.
writing an updated CFG at address 0xC0500: 1
(b0:0,b1:42,i1:1,li2:1234567890123456,i3:-555,iter:40)
-----------------------------------------
(re)writing active CFG (unchanged) -- this should report that there's nothing to write as the CFG data has not changed -- at 0xC0500: 1
  flash [0] level 1: Flash sector already contains matching data: skipping write operation.
-----------------------------------------
(re)writing active CFG (unchanged) -- this should report that there's nothing to write as the CFG data has not changed -- at 0xC0500: 1
  flash [0] level 1: Flash sector already contains matching data: skipping write operation.
-----------------------------------------
(re)writing active CFG (unchanged) -- this should report that there's nothing to write as the CFG data has not changed -- at 0xC0500: 1
  flash [0] level 1: Flash sector already contains matching data: skipping write operation.
writing an updated CFG at address 0xC0520: 1
(b0:0,b1:42,i1:1,li2:1234567890123456,i3:-555,iter:41)
-----------------------------------------
(re)writing active CFG (unchanged) -- this should report that there's nothing to write as the CFG data has not changed -- at 0xC0520: 1
  flash [0] level 1: Flash sector already contains matching data: skipping write operation.
-----------------------------------------
(re)writing active CFG (unchanged) -- this should report that there's nothing to write as the CFG data has not changed -- at 0xC0520: 1
  flash [0] level 1: Flash sector already contains matching data: skipping write operation.
-----------------------------------------
(re)writing active CFG (unchanged) -- this should report that there's nothing to write as the CFG data has not changed -- at 0xC0520: 1
  flash [0] level 1: Flash sector already contains matching data: skipping write operation.
writing an updated CFG at address 0xC0540: 1
(b0:0,b1:42,i1:1,li2:1234567890123456,i3:-555,iter:42)
-----------------------------------------
(re)writing active CFG (unchanged) -- this should report that there's nothing to write as the CFG data has not changed -- at 0xC0540: 1
  flash [0] level 1: Flash sector already contains matching data: skipping write operation.
-----------------------------------------
(re)writing active CFG (unchanged) -- this should report that there's nothing to write as the CFG data has not changed -- at 0xC0540: 1
  flash [0] level 1: Flash sector already contains matching data: skipping write operation.
-----------------------------------------
(re)writing active CFG (unchanged) -- this should report that there's nothing to write as the CFG data has not changed -- at 0xC0540: 1
  flash [0] level 1: Flash sector already contains matching data: skipping write operation.
writing an updated CFG at address 0xC0560: 1
(b0:0,b1:42,i1:1,li2:1234567890123456,i3:-555,iter:43)
-----------------------------------------
(re)writing active CFG (unchanged) -- this should report that there's nothing to write as the CFG data has not changed -- at 0xC0560: 1
  flash [0] level 1: Flash sector already contains matching data: skipping write operation.
-----------------------------------------
(re)writing active CFG (unchanged) -- this should report that there's nothing to write as the CFG data has not changed -- at 0xC0560: 1
  flash [0] level 1: Flash sector already contains matching data: skipping write operation.
-----------------------------------------
(re)writing active CFG (unchanged) -- this should report that there's nothing to write as the CFG data has not changed -- at 0xC0560: 1
  flash [0] level 1: Flash sector already contains matching data: skipping write operation.
writing an updated CFG at address 0xC0580: 1
(b0:0,b1:42,i1:1,li2:1234567890123456,i3:-555,iter:44)
-----------------------------------------
(re)writing active CFG (unchanged) -- this should report that there's nothing to write as the CFG data has not changed -- at 0xC0580: 1
  flash [0] level 1: Flash sector already contains matching data: skipping write operation.
-----------------------------------------
(re)writing active CFG (unchanged) -- this should report that there's nothing to write as the CFG data has not changed -- at 0xC0580: 1
  flash [0] level 1: Flash sector already contains matching data: skipping write operation.
-----------------------------------------
(re)writing active CFG (unchanged) -- this should report that there's nothing to write as the CFG data has not changed -- at 0xC0580: 1
  flash [0] level 1: Flash sector already contains matching data: skipping write operation.
writing an updated CFG at address 0xC05A0: 1
(b0:0,b1:42,i1:1,li2:1234567890123456,i3:-555,iter:45)
-----------------------------------------
(re)writing active CFG (unchanged) -- this should report that there's nothing to write as the CFG data has not changed -- at 0xC05A0: 1
  flash [0] level 1: Flash sector already contains matching data: skipping write operation.
-----------------------------------------
(re)writing active CFG (unchanged) -- this should report that there's nothing to write as the CFG data has not changed -- at 0xC05A0: 1
  flash [0] level 1: Flash sector already contains matching data: skipping write operation.
-----------------------------------------
(re)writing active CFG (unchanged) -- this should report that there's nothing to write as the CFG data has not changed -- at 0xC05A0: 1
  flash [0] level 1: Flash sector already contains matching data: skipping write operation.
writing an updated CFG at address 0xC05C0: 1
(b0:0,b1:42,i1:1,li2:1234567890123456,i3:-555,iter:46)
-----------------------------------------
(re)writing active CFG (unchanged) -- this should report that there's nothing to write as the CFG data has not changed -- at 0xC05C0: 1
  flash [0] level 1: Flash sector already contains matching data: skipping write operation.
-----------------------------------------
(re)writing active CFG (unchanged) -- this should report that there's nothing to write as the CFG data has not changed -- at 0xC05C0: 1
  flash [0] level 1: Flash sector already contains matching data: skipping write operation.
-----------------------------------------
(re)writing active CFG (unchanged) -- this should report that there's nothing to write as the CFG data has not changed -- at 0xC05C0: 1
  flash [0] level 1: Flash sector already contains matching data: skipping write operation.
writing an updated CFG at address 0xC05E0: 1
(b0:0,b1:42,i1:1,li2:1234567890123456,i3:-555,iter:47)
-----------------------------------------
(re)writing active CFG (unchanged) -- this should report that there's nothing to write as the CFG data has not changed -- at 0xC05E0: 1
  flash [0] level 1: Flash sector already contains matching data: skipping write operation.
-----------------------------------------
(re)writing active CFG (unchanged) -- this should report that there's nothing to write as the CFG data has not changed -- at 0xC05E0: 1
  flash [0] level 1: Flash sector already contains matching data: skipping write operation.
-----------------------------------------
(re)writing active CFG (unchanged) -- this should report that there's nothing to write as the CFG data has not changed -- at 0xC05E0: 1
  flash [0] level 1: Flash sector already contains matching data: skipping write operation.
writing an updated CFG at address 0xC0600: 1
(b0:0,b1:42,i1:1,li2:1234567890123456,i3:-555,iter:48)
-----------------------------------------
(re)writing active CFG (unchanged) -- this should report that there's nothing to write as the CFG data has not changed -- at 0xC0600: 1
  flash [0] level 1: Flash sector already contains matching data: skipping write operation.
-----------------------------------------
(re)writing active CFG (unchanged) -- this should report that there's nothing to write as the CFG data has not changed -- at 0xC0600: 1
  flash [0] level 1: Flash sector already contains matching data: skipping write operation.
-----------------------------------------
(re)writing active CFG (unchanged) -- this should report that there's nothing to write as the CFG data has not changed -- at 0xC0600: 1
  flash [0] level 1: Flash sector already contains matching data: skipping write operation.
writing an updated CFG at address 0xC0620: 1
(b0:0,b1:42,i1:1,li2:1234567890123456,i3:-555,iter:49)
-----------------------------------------
(re)writing active CFG (unchanged) -- this should report that there's nothing to write as the CFG data has not changed -- at 0xC0620: 1
  flash [0] level 1: Flash sector already contains matching data: skipping write operation.
-----------------------------------------
(re)writing active CFG (unchanged) -- this should report that there's nothing to write as the CFG data has not changed -- at 0xC0620: 1
  flash [0] level 1: Flash sector already contains matching data: skipping write operation.
-----------------------------------------
(re)writing active CFG (unchanged) -- this should report that there's nothing to write as the CFG data has not changed -- at 0xC0620: 1
  flash [0] level 1: Flash sector already contains matching data: skipping write operation.
writing an updated CFG at address 0xC0640: 1
(b0:0,b1:42,i1:1,li2:1234567890123456,i3:-555,iter:50)
-----------------------------------------
(re)writing active CFG (unchanged) -- this should report that there's nothing to write as the CFG data has not changed -- at 0xC0640: 1
  flash [0] level 1: Flash sector already contains matching data: skipping write operation.
-----------------------------------------
(re)writing active CFG (unchanged) -- this should report that there's nothing to write as the CFG data has not changed -- at 0xC0640: 1
  flash [0] level 1: Flash sector already contains matching data: skipping write operation.
-----------------------------------------
(re)writing active CFG (unchanged) -- this should report that there's nothing to write as the CFG data has not changed -- at 0xC0640: 1
  flash [0] level 1: Flash sector already contains matching data: skipping write operation.
writing an updated CFG at address 0xC0660: 1
(b0:0,b1:42,i1:1,li2:1234567890123456,i3:-555,iter:51)
-----------------------------------------
(re)writing active CFG (unchanged) -- this should report that there's nothing to write as the CFG data has not changed -- at 0xC0660: 1
  flash [0] level 1: Flash sector already contains matching data: skipping write operation.
-----------------------------------------
(re)writing active CFG (unchanged) -- this should report that there's nothing to write as the CFG data has not changed -- at 0xC0660: 1
  flash [0] level 1: Flash sector already contains matching data: skipping write operation.
-----------------------------------------
(re)writing active CFG (unchanged) -- this should report that there's nothing to write as the CFG data has not changed -- at 0xC0660: 1
  flash [0] level 1: Flash sector already contains matching data: skipping write operation.
writing an updated CFG at address 0xC0680: 1
(b0:0,b1:42,i1:1,li2:1234567890123456,i3:-555,iter:52)
-----------------------------------------
(re)writing active CFG (unchanged) -- this should report that there's nothing to write as the CFG data has not changed -- at 0xC0680: 1
  flash [0] level 1: Flash sector already contains matching data: skipping write operation.
-----------------------------------------
(re)writing active CFG (unchanged) -- this should report that there's nothing to write as the CFG data has not changed -- at 0xC0680: 1
  flash [0] level 1: Flash sector already contains matching data: skipping write operation.
-----------------------------------------
(re)writing active CFG (unchanged) -- this should report that there's nothing to write as the CFG data has not changed -- at 0xC0680: 1
  flash [0] level 1: Flash sector already contains matching data: skipping write operation.
writing an updated CFG at address 0xC06A0: 1
(b0:0,b1:42,i1:1,li2:1234567890123456,i3:-555,iter:53)
-----------------------------------------
(re)writing active CFG (unchanged) -- this should report that there's nothing to write as the CFG data has not changed -- at 0xC06A0: 1
  flash [0] level 1: Flash sector already contains matching data: skipping write operation.
-----------------------------------------
(re)writing active CFG (unchanged) -- this should report that there's nothing to write as the CFG data has not changed -- at 0xC06A0: 1
  flash [0] level 1: Flash sector already contains matching data: skipping write operation.
-----------------------------------------
(re)writing active CFG (unchanged) -- this should report that there's nothing to write as the CFG data has not changed -- at 0xC06A0: 1
  flash [0] level 1: Flash sector already contains matching data: skipping write operation.
writing an updated CFG at address 0xC06C0: 1
(b0:0,b1:42,i1:1,li2:1234567890123456,i3:-555,iter:54)
-----------------------------------------
(re)writing active CFG (unchanged) -- this should report that there's nothing to write as the CFG data has not changed -- at 0xC06C0: 1
  flash [0] level 1: Flash sector already contains matching data: skipping write operation.
-----------------------------------------
(re)writing active CFG (unchanged) -- this should report that there's nothing to write as the CFG data has not changed -- at 0xC06C0: 1
  flash [0] level 1: Flash sector already contains matching data: skipping write operation.
-----------------------------------------
(re)writing active CFG (unchanged) -- this should report that there's nothing to write as the CFG data has not changed -- at 0xC06C0: 1
  flash [0] level 1: Flash sector already contains matching data: skipping write operation.
writing an updated CFG at address 0xC06E0: 1
(b0:0,b1:42,i1:1,li2:1234567890123456,i3:-555,iter:55)
-----------------------------------------
(re)writing active CFG (unchanged) -- this should report that there's nothing to write as the CFG data has not changed -- at 0xC06E0: 1
  flash [0] level 1: Flash sector already contains matching data: skipping write operation.
-----------------------------------------
(re)writing active CFG (unchanged) -- this should report that there's nothing to write as the CFG data has not changed -- at 0xC06E0: 1
  flash [0] level 1: Flash sector already contains matching data: skipping write operation.
-----------------------------------------
(re)writing active CFG (unchanged) -- this should report that there's nothing to write as the CFG data has not changed -- at 0xC06E0: 1
  flash [0] level 1: Flash sector already contains matching data: skipping write operation.
writing an updated CFG at address 0xC0700: 1
(b0:0,b1:42,i1:1,li2:1234567890123456,i3:-555,iter:56)
-----------------------------------------
(re)writing active CFG (unchanged) -- this should report that there's nothing to write as the CFG data has not changed -- at 0xC0700: 1
  flash [0] level 1: Flash sector already contains matching data: skipping write operation.
-----------------------------------------
(re)writing active CFG (unchanged) -- this should report that there's nothing to write as the CFG data has not changed -- at 0xC0700: 1
  flash [0] level 1: Flash sector already contains matching data: skipping write operation.
-----------------------------------------
(re)writing active CFG (unchanged) -- this should report that there's nothing to write as the CFG data has not changed -- at 0xC0700: 1
  flash [0] level 1: Flash sector already contains matching data: skipping write operation.
writing an updated CFG at address 0xC0720: 1
(b0:0,b1:42,i1:1,li2:1234567890123456,i3:-555,iter:57)
-----------------------------------------
(re)writing active CFG (unchanged) -- this should report that there's nothing to write as the CFG data has not changed -- at 0xC0720: 1
  flash [0] level 1: Flash sector already contains matching data: skipping write operation.
-----------------------------------------
(re)writing active CFG (unchanged) -- this should report that there's nothing to write as the CFG data has not changed -- at 0xC0720: 1
  flash [0] level 1: Flash sector already contains matching data: skipping write operation.
-----------------------------------------
(re)writing active CFG (unchanged) -- this should report that there's nothing to write as the CFG data has not changed -- at 0xC0720: 1
  flash [0] level 1: Flash sector already contains matching data: skipping write operation.
writing an updated CFG at address 0xC0740: 1
(b0:0,b1:42,i1:1,li2:1234567890123456,i3:-555,iter:58)
-----------------------------------------
(re)writing active CFG (unchanged) -- this should report that there's nothing to write as the CFG data has not changed -- at 0xC0740: 1
  flash [0] level 1: Flash sector already contains matching data: skipping write operation.
-----------------------------------------
(re)writing active CFG (unchanged) -- this should report that there's nothing to write as the CFG data has not changed -- at 0xC0740: 1
  flash [0] level 1: Flash sector already contains matching data: skipping write operation.
-----------------------------------------
(re)writing active CFG (unchanged) -- this should report that there's nothing to write as the CFG data has not changed -- at 0xC0740: 1
  flash [0] level 1: Flash sector already contains matching data: skipping write operation.
writing an updated CFG at address 0xC0760: 1
(b0:0,b1:42,i1:1,li2:1234567890123456,i3:-555,iter:59)
-----------------------------------------
(re)writing active CFG (unchanged) -- this should report that there's nothing to write as the CFG data has not changed -- at 0xC0760: 1
  flash [0] level 1: Flash sector already contains matching data: skipping write operation.
-----------------------------------------
(re)writing active CFG (unchanged) -- this should report that there's nothing to write as the CFG data has not changed -- at 0xC0760: 1
  flash [0] level 1: Flash sector already contains matching data: skipping write operation.
-----------------------------------------
(re)writing active CFG (unchanged) -- this should report that there's nothing to write as the CFG data has not changed -- at 0xC0760: 1
  flash [0] level 1: Flash sector already contains matching data: skipping write operation.
writing an updated CFG at address 0xC0780: 1
(b0:0,b1:42,i1:1,li2:1234567890123456,i3:-555,iter:60)
-----------------------------------------
(re)writing active CFG (unchanged) -- this should report that there's nothing to write as the CFG data has not changed -- at 0xC0780: 1
  flash [0] level 1: Flash sector already contains matching data: skipping write operation.
-----------------------------------------
(re)writing active CFG (unchanged) -- this should report that there's nothing to write as the CFG data has not changed -- at 0xC0780: 1
  flash [0] level 1: Flash sector already contains matching data: skipping write operation.
-----------------------------------------
(re)writing active CFG (unchanged) -- this should report that there's nothing to write as the CFG data has not changed -- at 0xC0780: 1
  flash [0] level 1: Flash sector already contains matching data: skipping write operation.
writing an updated CFG at address 0xC07A0: 1
(b0:0,b1:42,i1:1,li2:1234567890123456,i3:-555,iter:61)
-----------------------------------------
(re)writing active CFG (unchanged) -- this should report that there's nothing to write as the CFG data has not changed -- at 0xC07A0: 1
  flash [0] level 1: Flash sector already contains matching data: skipping write operation.
-----------------------------------------
(re)writing active CFG (unchanged) -- this should report that there's nothing to write as the CFG data has not changed -- at 0xC07A0: 1
  flash [0] level 1: Flash sector already contains matching data: skipping write operation.
-----------------------------------------
(re)writing active CFG (unchanged) -- this should report that there's nothing to write as the CFG data has not changed -- at 0xC07A0: 1
  flash [0] level 1: Flash sector already contains matching data: skipping write operation.
writing an updated CFG at address 0xC07C0: 1
(b0:0,b1:42,i1:1,li2:1234567890123456,i3:-555,iter:62)
-----------------------------------------
(re)writing active CFG (unchanged) -- this should report that there's nothing to write as the CFG data has not changed -- at 0xC07C0: 1
  flash [0] level 1: Flash sector already contains matching data: skipping write operation.
-----------------------------------------
(re)writing active CFG (unchanged) -- this should report that there's nothing to write as the CFG data has not changed -- at 0xC07C0: 1
  flash [0] level 1: Flash sector already contains matching data: skipping write operation.
-----------------------------------------
(re)writing active CFG (unchanged) -- this should report that there's nothing to write as the CFG data has not changed -- at 0xC07C0: 1
  flash [0] level 1: Flash sector already contains matching data: skipping write operation.
writing an updated CFG at address 0xC07E0: 1
(b0:0,b1:42,i1:1,li2:1234567890123456,i3:-555,iter:63)
-----------------------------------------
(re)writing active CFG (unchanged) -- this should report that there's nothing to write as the CFG data has not changed -- at 0xC07E0: 1
  flash [0] level 1: Flash sector already contains matching data: skipping write operation.
-----------------------------------------
(re)writing active CFG (unchanged) -- this should report that there's nothing to write as the CFG data has not changed -- at 0xC07E0: 1
  flash [0] level 1: Flash sector already contains matching data: skipping write operation.
-----------------------------------------
(re)writing active CFG (unchanged) -- this should report that there's nothing to write as the CFG data has not changed -- at 0xC07E0: 1
  flash [0] level 1: Flash sector already contains matching data: skipping write operation.
writing an updated CFG at address 0xC0800: 1
(b0:0,b1:42,i1:1,li2:1234567890123456,i3:-555,iter:64)
-----------------------------------------
(re)writing active CFG (unchanged) -- this should report that there's nothing to write as the CFG data has not changed -- at 0xC0800: 1
  flash [0] level 1: Flash sector already contains matching data: skipping write operation.
-----------------------------------------
(re)writing active CFG (unchanged) -- this should report that there's nothing to write as the CFG data has not changed -- at 0xC0800: 1
  flash [0] level 1: Flash sector already contains matching data: skipping write operation.
-----------------------------------------
(re)writing active CFG (unchanged) -- this should report that there's nothing to write as the CFG data has not changed -- at 0xC0800: 1
  flash [0] level 1: Flash sector already contains matching data: skipping write operation.
writing an updated CFG at address 0xC0820: 1
(b0:0,b1:42,i1:1,li2:1234567890123456,i3:-555,iter:65)
-----------------------------------------
(re)writing active CFG (unchanged) -- this should report that there's nothing to write as the CFG data has not changed -- at 0xC0820: 1
  flash [0] level 1: Flash sector already contains matching data: skipping write operation.
-----------------------------------------
(re)writing active CFG (unchanged) -- this should report that there's nothing to write as the CFG data has not changed -- at 0xC0820: 1
  flash [0] level 1: Flash sector already contains matching data: skipping write operation.
-----------------------------------------
(re)writing active CFG (unchanged) -- this should report that there's nothing to write as the CFG data has not changed -- at 0xC0820: 1
  flash [0] level 1: Flash sector already contains matching data: skipping write operation.
writing an updated CFG at address 0xC0840: 1
(b0:0,b1:42,i1:1,li2:1234567890123456,i3:-555,iter:66)
-----------------------------------------
(re)writing active CFG (unchanged) -- this should report that there's nothing to write as the CFG data has not changed -- at 0xC0840: 1
  flash [0] level 1: Flash sector already contains matching data: skipping write operation.
-----------------------------------------
(re)writing active CFG (unchanged) -- this should report that there's nothing to write as the CFG data has not changed -- at 0xC0840: 1
  flash [0] level 1: Flash sector already contains matching data: skipping write operation.
-----------------------------------------
(re)writing active CFG (unchanged) -- this should report that there's nothing to write as the CFG data has not changed -- at 0xC0840: 1
  flash [0] level 1: Flash sector already contains matching data: skipping write operation.
writing an updated CFG at address 0xC0860: 1
(b0:0,b1:42,i1:1,li2:1234567890123456,i3:-555,iter:67)
-----------------------------------------
(re)writing active CFG (unchanged) -- this should report that there's nothing to write as the CFG data has not changed -- at 0xC0860: 1
  flash [0] level 1: Flash sector already contains matching data: skipping write operation.
-----------------------------------------
(re)writing active CFG (unchanged) -- this should report that there's nothing to write as the CFG data has not changed -- at 0xC0860: 1
  flash [0] level 1: Flash sector already contains matching data: skipping write operation.
-----------------------------------------
(re)writing active CFG (unchanged) -- this should report that there's nothing to write as the CFG data has not changed -- at 0xC0860: 1
  flash [0] level 1: Flash sector already contains matching data: skipping write operation.
writing an updated CFG at address 0xC0880: 1
(b0:0,b1:42,i1:1,li2:1234567890123456,i3:-555,iter:68)
-----------------------------------------
(re)writing active CFG (unchanged) -- this should report that there's nothing to write as the CFG data has not changed -- at 0xC0880: 1
  flash [0] level 1: Flash sector already contains matching data: skipping write operation.
-----------------------------------------
(re)writing active CFG (unchanged) -- this should report that there's nothing to write as the CFG data has not changed -- at 0xC0880: 1
  flash [0] level 1: Flash sector already contains matching data: skipping write operation.
-----------------------------------------
(re)writing active CFG (unchanged) -- this should report that there's nothing to write as the CFG data has not changed -- at 0xC0880: 1
  flash [0] level 1: Flash sector already contains matching data: skipping write operation.
writing an updated CFG at address 0xC08A0: 1
(b0:0,b1:42,i1:1,li2:1234567890123456,i3:-555,iter:69)
-----------------------------------------
(re)writing active CFG (unchanged) -- this should report that there's nothing to write as the CFG data has not changed -- at 0xC08A0: 1
  flash [0] level 1: Flash sector already contains matching data: skipping write operation.
-----------------------------------------
(re)writing active CFG (unchanged) -- this should report that there's nothing to write as the CFG data has not changed -- at 0xC08A0: 1
  flash [0] level 1: Flash sector already contains matching data: skipping write operation.
-----------------------------------------
(re)writing active CFG (unchanged) -- this should report that there's nothing to write as the CFG data has not changed -- at 0xC08A0: 1
  flash [0] level 1: Flash sector already contains matching data: skipping write operation.
writing an updated CFG at address 0xC08C0: 1
(b0:0,b1:42,i1:1,li2:1234567890123456,i3:-555,iter:70)
-----------------------------------------
(re)writing active CFG (unchanged) -- this should report that there's nothing to write as the CFG data has not changed -- at 0xC08C0: 1
  flash [0] level 1: Flash sector already contains matching data: skipping write operation.
-----------------------------------------
(re)writing active CFG (unchanged) -- this should report that there's nothing to write as the CFG data has not changed -- at 0xC08C0: 1
  flash [0] level 1: Flash sector already contains matching data: skipping write operation.
-----------------------------------------
(re)writing active CFG (unchanged) -- this should report that there's nothing to write as the CFG data has not changed -- at 0xC08C0: 1
  flash [0] level 1: Flash sector already contains matching data: skipping write operation.
writing an updated CFG at address 0xC08E0: 1
(b0:0,b1:42,i1:1,li2:1234567890123456,i3:-555,iter:71)
-----------------------------------------
(re)writing active CFG (unchanged) -- this should report that there's nothing to write as the CFG data has not changed -- at 0xC08E0: 1
  flash [0] level 1: Flash sector already contains matching data: skipping write operation.
-----------------------------------------
(re)writing active CFG (unchanged) -- this should report that there's nothing to write as the CFG data has not changed -- at 0xC08E0: 1
  flash [0] level 1: Flash sector already contains matching data: skipping write operation.
-----------------------------------------
(re)writing active CFG (unchanged) -- this should report that there's nothing to write as the CFG data has not changed -- at 0xC08E0: 1
  flash [0] level 1: Flash sector already contains matching data: skipping write operation.
writing an updated CFG at address 0xC0900: 1
(b0:0,b1:42,i1:1,li2:1234567890123456,i3:-555,iter:72)
-----------------------------------------
(re)writing active CFG (unchanged) -- this should report that there's nothing to write as the CFG data has not changed -- at 0xC0900: 1
  flash [0] level 1: Flash sector already contains matching data: skipping write operation.
-----------------------------------------
(re)writing active CFG (unchanged) -- this should report that there's nothing to write as the CFG data has not changed -- at 0xC0900: 1
  flash [0] level 1: Flash sector already contains matching data: skipping write operation.
-----------------------------------------
(re)writing active CFG (unchanged) -- this should report that there's nothing to write as the CFG data has not changed -- at 0xC0900: 1
  flash [0] level 1: Flash sector already contains matching data: skipping write operation.
writing an updated CFG at address 0xC0920: 1
(b0:0,b1:42,i1:1,li2:1234567890123456,i3:-555,iter:73)
-----------------------------------------
(re)writing active CFG (unchanged) -- this should report that there's nothing to write as the CFG data has not changed -- at 0xC0920: 1
  flash [0] level 1: Flash sector already contains matching data: skipping write operation.
-----------------------------------------
(re)writing active CFG (unchanged) -- this should report that there's nothing to write as the CFG data has not changed -- at 0xC0920: 1
  flash [0] level 1: Flash sector already contains matching data: skipping write operation.
-----------------------------------------
(re)writing active CFG (unchanged) -- this should report that there's nothing to write as the CFG data has not changed -- at 0xC0920: 1
  flash [0] level 1: Flash sector already contains matching data: skipping write operation.
writing an updated CFG at address 0xC0940: 1
(b0:0,b1:42,i1:1,li2:1234567890123456,i3:-555,iter:74)
-----------------------------------------
(re)writing active CFG (unchanged) -- this should report that there's nothing to write as the CFG data has not changed -- at 0xC0940: 1
  flash [0] level 1: Flash sector already contains matching data: skipping write operation.
-----------------------------------------
(re)writing active CFG (unchanged) -- this should report that there's nothing to write as the CFG data has not changed -- at 0xC0940: 1
  flash [0] level 1: Flash sector already contains matching data: skipping write operation.
-----------------------------------------
(re)writing active CFG (unchanged) -- this should report that there's nothing to write as the CFG data has not changed -- at 0xC0940: 1
  flash [0] level 1: Flash sector already contains matching data: skipping write operation.
writing an updated CFG at address 0xC0960: 1
(b0:0,b1:42,i1:1,li2:1234567890123456,i3:-555,iter:75)
-----------------------------------------
(re)writing active CFG (unchanged) -- this should report that there's nothing to write as the CFG data has not changed -- at 0xC0960: 1
  flash [0] level 1: Flash sector already contains matching data: skipping write operation.
-----------------------------------------
(re)writing active CFG (unchanged) -- this should report that there's nothing to write as the CFG data has not changed -- at 0xC0960: 1
  flash [0] level 1: Flash sector already contains matching data: skipping write operation.
-----------------------------------------
(re)writing active CFG (unchanged) -- this should report that there's nothing to write as the CFG data has not changed -- at 0xC0960: 1
  flash [0] level 1: Flash sector already contains matching data: skipping write operation.
writing an updated CFG at address 0xC0980: 1
(b0:0,b1:42,i1:1,li2:1234567890123456,i3:-555,iter:76)
-----------------------------------------
(re)writing active CFG (unchanged) -- this should report that there's nothing to write as the CFG data has not changed -- at 0xC0980: 1
  flash [0] level 1: Flash sector already contains matching data: skipping write operation.
-----------------------------------------
(re)writing active CFG (unchanged) -- this should report that there's nothing to write as the CFG data has not changed -- at 0xC0980: 1
  flash [0] level 1: Flash sector already contains matching data: skipping write operation.
-----------------------------------------
(re)writing active CFG (unchanged) -- this should report that there's nothing to write as the CFG data has not changed -- at 0xC0980: 1
  flash [0] level 1: Flash sector already contains matching data: skipping write operation.
writing an updated CFG at address 0xC09A0: 1
(b0:0,b1:42,i1:1,li2:1234567890123456,i3:-555,iter:77)
-----------------------------------------
(re)writing active CFG (unchanged) -- this should report that there's nothing to write as the CFG data has not changed -- at 0xC09A0: 1
  flash [0] level 1: Flash sector already contains matching data: skipping write operation.
-----------------------------------------
(re)writing active CFG (unchanged) -- this should report that there's nothing to write as the CFG data has not changed -- at 0xC09A0: 1
  flash [0] level 1: Flash sector already contains matching data: skipping write operation.
-----------------------------------------
(re)writing active CFG (unchanged) -- this should report that there's nothing to write as the CFG data has not changed -- at 0xC09A0: 1
  flash [0] level 1: Flash sector already contains matching data: skipping write operation.
writing an updated CFG at address 0xC09C0: 1
(b0:0,b1:42,i1:1,li2:1234567890123456,i3:-555,iter:78)
-----------------------------------------
(re)writing active CFG (unchanged) -- this should report that there's nothing to write as the CFG data has not changed -- at 0xC09C0: 1
  flash [0] level 1: Flash sector already contains matching data: skipping write operation.
-----------------------------------------
(re)writing active CFG (unchanged) -- this should report that there's nothing to write as the CFG data has not changed -- at 0xC09C0: 1
  flash [0] level 1: Flash sector already contains matching data: skipping write operation.
-----------------------------------------
(re)writing active CFG (unchanged) -- this should report that there's nothing to write as the CFG data has not changed -- at 0xC09C0: 1
  flash [0] level 1: Flash sector already contains matching data: skipping write operation.
writing an updated CFG at address 0xC09E0: 1
(b0:0,b1:42,i1:1,li2:1234567890123456,i3:-555,iter:79)
-----------------------------------------
(re)writing active CFG (unchanged) -- this should report that there's nothing to write as the CFG data has not changed -- at 0xC09E0: 1
  flash [0] level 1: Flash sector already contains matching data: skipping write operation.
-----------------------------------------
(re)writing active CFG (unchanged) -- this should report that there's nothing to write as the CFG data has not changed -- at 0xC09E0: 1
  flash [0] level 1: Flash sector already contains matching data: skipping write operation.
-----------------------------------------
(re)writing active CFG (unchanged) -- this should report that there's nothing to write as the CFG data has not changed -- at 0xC09E0: 1
  flash [0] level 1: Flash sector already contains matching data: skipping write operation.
writing an updated CFG at address 0xC0A00: 1
(b0:0,b1:42,i1:1,li2:1234567890123456,i3:-555,iter:80)
-----------------------------------------
(re)writing active CFG (unchanged) -- this should report that there's nothing to write as the CFG data has not changed -- at 0xC0A00: 1
  flash [0] level 1: Flash sector already contains matching data: skipping write operation.
-----------------------------------------
(re)writing active CFG (unchanged) -- this should report that there's nothing to write as the CFG data has not changed -- at 0xC0A00: 1
  flash [0] level 1: Flash sector already contains matching data: skipping write operation.
-----------------------------------------
(re)writing active CFG (unchanged) -- this should report that there's nothing to write as the CFG data has not changed -- at 0xC0A00: 1
  flash [0] level 1: Flash sector already contains matching data: skipping write operation.
writing an updated CFG at address 0xC0A20: 1
(b0:0,b1:42,i1:1,li2:1234567890123456,i3:-555,iter:81)
-----------------------------------------
(re)writing active CFG (unchanged) -- this should report that there's nothing to write as the CFG data has not changed -- at 0xC0A20: 1
  flash [0] level 1: Flash sector already contains matching data: skipping write operation.
-----------------------------------------
(re)writing active CFG (unchanged) -- this should report that there's nothing to write as the CFG data has not changed -- at 0xC0A20: 1
  flash [0] level 1: Flash sector already contains matching data: skipping write operation.
-----------------------------------------
(re)writing active CFG (unchanged) -- this should report that there's nothing to write as the CFG data has not changed -- at 0xC0A20: 1
  flash [0] level 1: Flash sector already contains matching data: skipping write operation.
writing an updated CFG at address 0xC0A40: 1
(b0:0,b1:42,i1:1,li2:1234567890123456,i3:-555,iter:82)
-----------------------------------------
(re)writing active CFG (unchanged) -- this should report that there's nothing to write as the CFG data has not changed -- at 0xC0A40: 1
  flash [0] level 1: Flash sector already contains matching data: skipping write operation.
-----------------------------------------
(re)writing active CFG (unchanged) -- this should report that there's nothing to write as the CFG data has not changed -- at 0xC0A40: 1
  flash [0] level 1: Flash sector already contains matching data: skipping write operation.
-----------------------------------------
(re)writing active CFG (unchanged) -- this should report that there's nothing to write as the CFG data has not changed -- at 0xC0A40: 1
  flash [0] level 1: Flash sector already contains matching data: skipping write operation.
writing an updated CFG at address 0xC0A60: 1
(b0:0,b1:42,i1:1,li2:1234567890123456,i3:-555,iter:83)
-----------------------------------------
(re)writing active CFG (unchanged) -- this should report that there's nothing to write as the CFG data has not changed -- at 0xC0A60: 1
  flash [0] level 1: Flash sector already contains matching data: skipping write operation.
-----------------------------------------
(re)writing active CFG (unchanged) -- this should report that there's nothing to write as the CFG data has not changed -- at 0xC0A60: 1
  flash [0] level 1: Flash sector already contains matching data: skipping write operation.
-----------------------------------------
(re)writing active CFG (unchanged) -- this should report that there's nothing to write as the CFG data has not changed -- at 0xC0A60: 1
  flash [0] level 1: Flash sector already contains matching data: skipping write operation.
writing an updated CFG at address 0xC0A80: 1
(b0:0,b1:42,i1:1,li2:1234567890123456,i3:-555,iter:84)
-----------------------------------------
(re)writing active CFG (unchanged) -- this should report that there's nothing to write as the CFG data has not changed -- at 0xC0A80: 1
  flash [0] level 1: Flash sector already contains matching data: skipping write operation.
-----------------------------------------
(re)writing active CFG (unchanged) -- this should report that there's nothing to write as the CFG data has not changed -- at 0xC0A80: 1
  flash [0] level 1: Flash sector already contains matching data: skipping write operation.
-----------------------------------------
(re)writing active CFG (unchanged) -- this should report that there's nothing to write as the CFG data has not changed -- at 0xC0A80: 1
  flash [0] level 1: Flash sector already contains matching data: skipping write operation.
writing an updated CFG at address 0xC0AA0: 1
(b0:0,b1:42,i1:1,li2:1234567890123456,i3:-555,iter:85)
-----------------------------------------
(re)writing active CFG (unchanged) -- this should report that there's nothing to write as the CFG data has not changed -- at 0xC0AA0: 1
  flash [0] level 1: Flash sector already contains matching data: skipping write operation.
-----------------------------------------
(re)writing active CFG (unchanged) -- this should report that there's nothing to write as the CFG data has not changed -- at 0xC0AA0: 1
  flash [0] level 1: Flash sector already contains matching data: skipping write operation.
-----------------------------------------
(re)writing active CFG (unchanged) -- this should report that there's nothing to write as the CFG data has not changed -- at 0xC0AA0: 1
  flash [0] level 1: Flash sector already contains matching data: skipping write operation.
writing an updated CFG at address 0xC0AC0: 1
(b0:0,b1:42,i1:1,li2:1234567890123456,i3:-555,iter:86)
-----------------------------------------
(re)writing active CFG (unchanged) -- this should report that there's nothing to write as the CFG data has not changed -- at 0xC0AC0: 1
  flash [0] level 1: Flash sector already contains matching data: skipping write operation.
-----------------------------------------
(re)writing active CFG (unchanged) -- this should report that there's nothing to write as the CFG data has not changed -- at 0xC0AC0: 1
  flash [0] level 1: Flash sector already contains matching data: skipping write operation.
-----------------------------------------
(re)writing active CFG (unchanged) -- this should report that there's nothing to write as the CFG data has not changed -- at 0xC0AC0: 1
  flash [0] level 1: Flash sector already contains matching data: skipping write operation.
writing an updated CFG at address 0xC0AE0: 1
(b0:0,b1:42,i1:1,li2:1234567890123456,i3:-555,iter:87)
-----------------------------------------
(re)writing active CFG (unchanged) -- this should report that there's nothing to write as the CFG data has not changed -- at 0xC0AE0: 1
  flash [0] level 1: Flash sector already contains matching data: skipping write operation.
-----------------------------------------
(re)writing active CFG (unchanged) -- this should report that there's nothing to write as the CFG data has not changed -- at 0xC0AE0: 1
  flash [0] level 1: Flash sector already contains matching data: skipping write operation.
-----------------------------------------
(re)writing active CFG (unchanged) -- this should report that there's nothing to write as the CFG data has not changed -- at 0xC0AE0: 1
  flash [0] level 1: Flash sector already contains matching data: skipping write operation.
writing an updated CFG at address 0xC0B00: 1
(b0:0,b1:42,i1:1,li2:1234567890123456,i3:-555,iter:88)
-----------------------------------------
(re)writing active CFG (unchanged) -- this should report that there's nothing to write as the CFG data has not changed -- at 0xC0B00: 1
  flash [0] level 1: Flash sector already contains matching data: skipping write operation.
-----------------------------------------
(re)writing active CFG (unchanged) -- this should report that there's nothing to write as the CFG data has not changed -- at 0xC0B00: 1
  flash [0] level 1: Flash sector already contains matching data: skipping write operation.
-----------------------------------------
(re)writing active CFG (unchanged) -- this should report that there's nothing to write as the CFG data has not changed -- at 0xC0B00: 1
  flash [0] level 1: Flash sector already contains matching data: skipping write operation.
writing an updated CFG at address 0xC0B20: 1
(b0:0,b1:42,i1:1,li2:1234567890123456,i3:-555,iter:89)
-----------------------------------------
(re)writing active CFG (unchanged) -- this should report that there's nothing to write as the CFG data has not changed -- at 0xC0B20: 1
  flash [0] level 1: Flash sector already contains matching data: skipping write operation.
-----------------------------------------
(re)writing active CFG (unchanged) -- this should report that there's nothing to write as the CFG data has not changed -- at 0xC0B20: 1
  flash [0] level 1: Flash sector already contains matching data: skipping write operation.
-----------------------------------------
(re)writing active CFG (unchanged) -- this should report that there's nothing to write as the CFG data has not changed -- at 0xC0B20: 1
  flash [0] level 1: Flash sector already contains matching data: skipping write operation.
writing an updated CFG at address 0xC0B40: 1
(b0:0,b1:42,i1:1,li2:1234567890123456,i3:-555,iter:90)
-----------------------------------------
(re)writing active CFG (unchanged) -- this should report that there's nothing to write as the CFG data has not changed -- at 0xC0B40: 1
  flash [0] level 1: Flash sector already contains matching data: skipping write operation.
-----------------------------------------
(re)writing active CFG (unchanged) -- this should report that there's nothing to write as the CFG data has not changed -- at 0xC0B40: 1
  flash [0] level 1: Flash sector already contains matching data: skipping write operation.
-----------------------------------------
(re)writing active CFG (unchanged) -- this should report that there's nothing to write as the CFG data has not changed -- at 0xC0B40: 1
  flash [0] level 1: Flash sector already contains matching data: skipping write operation.
writing an updated CFG at address 0xC0B60: 1
(b0:0,b1:42,i1:1,li2:1234567890123456,i3:-555,iter:91)
-----------------------------------------
(re)writing active CFG (unchanged) -- this should report that there's nothing to write as the CFG data has not changed -- at 0xC0B60: 1
  flash [0] level 1: Flash sector already contains matching data: skipping write operation.
-----------------------------------------
(re)writing active CFG (unchanged) -- this should report that there's nothing to write as the CFG data has not changed -- at 0xC0B60: 1
  flash [0] level 1: Flash sector already contains matching data: skipping write operation.
-----------------------------------------
(re)writing active CFG (unchanged) -- this should report that there's nothing to write as the CFG data has not changed -- at 0xC0B60: 1
  flash [0] level 1: Flash sector already contains matching data: skipping write operation.
writing an updated CFG at address 0xC0B80: 1
(b0:0,b1:42,i1:1,li2:1234567890123456,i3:-555,iter:92)
-----------------------------------------
(re)writing active CFG (unchanged) -- this should report that there's nothing to write as the CFG data has not changed -- at 0xC0B80: 1
  flash [0] level 1: Flash sector already contains matching data: skipping write operation.
-----------------------------------------
(re)writing active CFG (unchanged) -- this should report that there's nothing to write as the CFG data has not changed -- at 0xC0B80: 1
  flash [0] level 1: Flash sector already contains matching data: skipping write operation.
-----------------------------------------
(re)writing active CFG (unchanged) -- this should report that there's nothing to write as the CFG data has not changed -- at 0xC0B80: 1
  flash [0] level 1: Flash sector already contains matching data: skipping write operation.
writing an updated CFG at address 0xC0BA0: 1
(b0:0,b1:42,i1:1,li2:1234567890123456,i3:-555,iter:93)
-----------------------------------------
(re)writing active CFG (unchanged) -- this should report that there's nothing to write as the CFG data has not changed -- at 0xC0BA0: 1
  flash [0] level 1: Flash sector already contains matching data: skipping write operation.
-----------------------------------------
(re)writing active CFG (unchanged) -- this should report that there's nothing to write as the CFG data has not changed -- at 0xC0BA0: 1
  flash [0] level 1: Flash sector already contains matching data: skipping write operation.
-----------------------------------------
(re)writing active CFG (unchanged) -- this should report that there's nothing to write as the CFG data has not changed -- at 0xC0BA0: 1
  flash [0] level 1: Flash sector already contains matching data: skipping write operation.
writing an updated CFG at address 0xC0BC0: 1
(b0:0,b1:42,i1:1,li2:1234567890123456,i3:-555,iter:94)
-----------------------------------------
(re)writing active CFG (unchanged) -- this should report that there's nothing to write as the CFG data has not changed -- at 0xC0BC0: 1
  flash [0] level 1: Flash sector already contains matching data: skipping write operation.
-----------------------------------------
(re)writing active CFG (unchanged) -- this should report that there's nothing to write as the CFG data has not changed -- at 0xC0BC0: 1
  flash [0] level 1: Flash sector already contains matching data: skipping write operation.
-----------------------------------------
(re)writing active CFG (unchanged) -- this should report that there's nothing to write as the CFG data has not changed -- at 0xC0BC0: 1
  flash [0] level 1: Flash sector already contains matching data: skipping write operation.
writing an updated CFG at address 0xC0BE0: 1
(b0:0,b1:42,i1:1,li2:1234567890123456,i3:-555,iter:95)
-----------------------------------------
(re)writing active CFG (unchanged) -- this should report that there's nothing to write as the CFG data has not changed -- at 0xC0BE0: 1
  flash [0] level 1: Flash sector already contains matching data: skipping write operation.
-----------------------------------------
(re)writing active CFG (unchanged) -- this should report that there's nothing to write as the CFG data has not changed -- at 0xC0BE0: 1
  flash [0] level 1: Flash sector already contains matching data: skipping write operation.
-----------------------------------------
(re)writing active CFG (unchanged) -- this should report that there's nothing to write as the CFG data has not changed -- at 0xC0BE0: 1
  flash [0] level 1: Flash sector already contains matching data: skipping write operation.
writing an updated CFG at address 0xC0C00: 1
(b0:0,b1:42,i1:1,li2:1234567890123456,i3:-555,iter:96)
-----------------------------------------
(re)writing active CFG (unchanged) -- this should report that there's nothing to write as the CFG data has not changed -- at 0xC0C00: 1
  flash [0] level 1: Flash sector already contains matching data: skipping write operation.
-----------------------------------------
(re)writing active CFG (unchanged) -- this should report that there's nothing to write as the CFG data has not changed -- at 0xC0C00: 1
  flash [0] level 1: Flash sector already contains matching data: skipping write operation.
-----------------------------------------
(re)writing active CFG (unchanged) -- this should report that there's nothing to write as the CFG data has not changed -- at 0xC0C00: 1
  flash [0] level 1: Flash sector already contains matching data: skipping write operation.
writing an updated CFG at address 0xC0C20: 1
(b0:0,b1:42,i1:1,li2:1234567890123456,i3:-555,iter:97)
-----------------------------------------
(re)writing active CFG (unchanged) -- this should report that there's nothing to write as the CFG data has not changed -- at 0xC0C20: 1
  flash [0] level 1: Flash sector already contains matching data: skipping write operation.
-----------------------------------------
(re)writing active CFG (unchanged) -- this should report that there's nothing to write as the CFG data has not changed -- at 0xC0C20: 1
  flash [0] level 1: Flash sector already contains matching data: skipping write operation.
-----------------------------------------
(re)writing active CFG (unchanged) -- this should report that there's nothing to write as the CFG data has not changed -- at 0xC0C20: 1
  flash [0] level 1: Flash sector already contains matching data: skipping write operation.
writing an updated CFG at address 0xC0C40: 1
(b0:0,b1:42,i1:1,li2:1234567890123456,i3:-555,iter:98)
-----------------------------------------
(re)writing active CFG (unchanged) -- this should report that there's nothing to write as the CFG data has not changed -- at 0xC0C40: 1
  flash [0] level 1: Flash sector already contains matching data: skipping write operation.
-----------------------------------------
(re)writing active CFG (unchanged) -- this should report that there's nothing to write as the CFG data has not changed -- at 0xC0C40: 1
  flash [0] level 1: Flash sector already contains matching data: skipping write operation.
-----------------------------------------
(re)writing active CFG (unchanged) -- this should report that there's nothing to write as the CFG data has not changed -- at 0xC0C40: 1
  flash [0] level 1: Flash sector already contains matching data: skipping write operation.
writing an updated CFG at address 0xC0C60: 1
(b0:0,b1:42,i1:1,li2:1234567890123456,i3:-555,iter:99)
-----------------------------------------
(re)writing active CFG (unchanged) -- this should report that there's nothing to write as the CFG data has not changed -- at 0xC0C60: 1
  flash [0] level 1: Flash sector already contains matching data: skipping write operation.
-----------------------------------------
(re)writing active CFG (unchanged) -- this should report that there's nothing to write as the CFG data has not changed -- at 0xC0C60: 1
  flash [0] level 1: Flash sector already contains matching data: skipping write operation.
-----------------------------------------
(re)writing active CFG (unchanged) -- this should report that there's nothing to write as the CFG data has not changed -- at 0xC0C60: 1
  flash [0] level 1: Flash sector already contains matching data: skipping write operation.
writing an updated CFG at address 0xC0C80: 1
(b0:0,b1:42,i1:1,li2:1234567890123456,i3:-555,iter:100)
-----------------------------------------
(re)writing active CFG (unchanged) -- this should report that there's nothing to write as the CFG data has not changed -- at 0xC0C80: 1
  flash [0] level 1: Flash sector already contains matching data: skipping write operation.
-----------------------------------------
(re)writing active CFG (unchanged) -- this should report that there's nothing to write as the CFG data has not changed -- at 0xC0C80: 1
  flash [0] level 1: Flash sector already contains matching data: skipping write operation.
-----------------------------------------
(re)writing active CFG (unchanged) -- this should report that there's nothing to write as the CFG data has not changed -- at 0xC0C80: 1
  flash [0] level 1: Flash sector already contains matching data: skipping write operation.
writing an updated CFG at address 0xC0CA0: 1
(b0:0,b1:42,i1:1,li2:1234567890123456,i3:-555,iter:101)
-----------------------------------------
(re)writing active CFG (unchanged) -- this should report that there's nothing to write as the CFG data has not changed -- at 0xC0CA0: 1
  flash [0] level 1: Flash sector already contains matching data: skipping write operation.
-----------------------------------------
(re)writing active CFG (unchanged) -- this should report that there's nothing to write as the CFG data has not changed -- at 0xC0CA0: 1
  flash [0] level 1: Flash sector already contains matching data: skipping write operation.
-----------------------------------------
(re)writing active CFG (unchanged) -- this should report that there's nothing to write as the CFG data has not changed -- at 0xC0CA0: 1
  flash [0] level 1: Flash sector already contains matching data: skipping write operation.
writing an updated CFG at address 0xC0CC0: 1
(b0:0,b1:42,i1:1,li2:1234567890123456,i3:-555,iter:102)
-----------------------------------------
(re)writing active CFG (unchanged) -- this should report that there's nothing to write as the CFG data has not changed -- at 0xC0CC0: 1
  flash [0] level 1: Flash sector already contains matching data: skipping write operation.
-----------------------------------------
(re)writing active CFG (unchanged) -- this should report that there's nothing to write as the CFG data has not changed -- at 0xC0CC0: 1
  flash [0] level 1: Flash sector already contains matching data: skipping write operation.
-----------------------------------------
(re)writing active CFG (unchanged) -- this should report that there's nothing to write as the CFG data has not changed -- at 0xC0CC0: 1
  flash [0] level 1: Flash sector already contains matching data: skipping write operation.
writing an updated CFG at address 0xC0CE0: 1
(b0:0,b1:42,i1:1,li2:1234567890123456,i3:-555,iter:103)
-----------------------------------------
(re)writing active CFG (unchanged) -- this should report that there's nothing to write as the CFG data has not changed -- at 0xC0CE0: 1
  flash [0] level 1: Flash sector already contains matching data: skipping write operation.
-----------------------------------------
(re)writing active CFG (unchanged) -- this should report that there's nothing to write as the CFG data has not changed -- at 0xC0CE0: 1
  flash [0] level 1: Flash sector already contains matching data: skipping write operation.
-----------------------------------------
(re)writing active CFG (unchanged) -- this should report that there's nothing to write as the CFG data has not changed -- at 0xC0CE0: 1
  flash [0] level 1: Flash sector already contains matching data: skipping write operation.
writing an updated CFG at address 0xC0D00: 1
(b0:0,b1:42,i1:1,li2:1234567890123456,i3:-555,iter:104)
-----------------------------------------
(re)writing active CFG (unchanged) -- this should report that there's nothing to write as the CFG data has not changed -- at 0xC0D00: 1
  flash [0] level 1: Flash sector already contains matching data: skipping write operation.
-----------------------------------------
(re)writing active CFG (unchanged) -- this should report that there's nothing to write as the CFG data has not changed -- at 0xC0D00: 1
  flash [0] level 1: Flash sector already contains matching data: skipping write operation.
-----------------------------------------
(re)writing active CFG (unchanged) -- this should report that there's nothing to write as the CFG data has not changed -- at 0xC0D00: 1
  flash [0] level 1: Flash sector already contains matching data: skipping write operation.
writing an updated CFG at address 0xC0D20: 1
(b0:0,b1:42,i1:1,li2:1234567890123456,i3:-555,iter:105)
-----------------------------------------
(re)writing active CFG (unchanged) -- this should report that there's nothing to write as the CFG data has not changed -- at 0xC0D20: 1
  flash [0] level 1: Flash sector already contains matching data: skipping write operation.
-----------------------------------------
(re)writing active CFG (unchanged) -- this should report that there's nothing to write as the CFG data has not changed -- at 0xC0D20: 1
  flash [0] level 1: Flash sector already contains matching data: skipping write operation.
-----------------------------------------
(re)writing active CFG (unchanged) -- this should report that there's nothing to write as the CFG data has not changed -- at 0xC0D20: 1
  flash [0] level 1: Flash sector already contains matching data: skipping write operation.
writing an updated CFG at address 0xC0D40: 1
(b0:0,b1:42,i1:1,li2:1234567890123456,i3:-555,iter:106)
-----------------------------------------
(re)writing active CFG (unchanged) -- this should report that there's nothing to write as the CFG data has not changed -- at 0xC0D40: 1
  flash [0] level 1: Flash sector already contains matching data: skipping write operation.
-----------------------------------------
(re)writing active CFG (unchanged) -- this should report that there's nothing to write as the CFG data has not changed -- at 0xC0D40: 1
  flash [0] level 1: Flash sector already contains matching data: skipping write operation.
-----------------------------------------
(re)writing active CFG (unchanged) -- this should report that there's nothing to write as the CFG data has not changed -- at 0xC0D40: 1
  flash [0] level 1: Flash sector already contains matching data: skipping write operation.
writing an updated CFG at address 0xC0D60: 1
(b0:0,b1:42,i1:1,li2:1234567890123456,i3:-555,iter:107)
-----------------------------------------
(re)writing active CFG (unchanged) -- this should report that there's nothing to write as the CFG data has not changed -- at 0xC0D60: 1
  flash [0] level 1: Flash sector already contains matching data: skipping write operation.
-----------------------------------------
(re)writing active CFG (unchanged) -- this should report that there's nothing to write as the CFG data has not changed -- at 0xC0D60: 1
  flash [0] level 1: Flash sector already contains matching data: skipping write operation.
-----------------------------------------
(re)writing active CFG (unchanged) -- this should report that there's nothing to write as the CFG data has not changed -- at 0xC0D60: 1
  flash [0] level 1: Flash sector already contains matching data: skipping write operation.
writing an updated CFG at address 0xC0D80: 1
(b0:0,b1:42,i1:1,li2:1234567890123456,i3:-555,iter:108)
-----------------------------------------
(re)writing active CFG (unchanged) -- this should report that there's nothing to write as the CFG data has not changed -- at 0xC0D80: 1
  flash [0] level 1: Flash sector already contains matching data: skipping write operation.
-----------------------------------------
(re)writing active CFG (unchanged) -- this should report that there's nothing to write as the CFG data has not changed -- at 0xC0D80: 1
  flash [0] level 1: Flash sector already contains matching data: skipping write operation.
-----------------------------------------
(re)writing active CFG (unchanged) -- this should report that there's nothing to write as the CFG data has not changed -- at 0xC0D80: 1
  flash [0] level 1: Flash sector already contains matching data: skipping write operation.
writing an updated CFG at address 0xC0DA0: 1
(b0:0,b1:42,i1:1,li2:1234567890123456,i3:-555,iter:109)
-----------------------------------------
(re)writing active CFG (unchanged) -- this should report that there's nothing to write as the CFG data has not changed -- at 0xC0DA0: 1
  flash [0] level 1: Flash sector already contains matching data: skipping write operation.
-----------------------------------------
(re)writing active CFG (unchanged) -- this should report that there's nothing to write as the CFG data has not changed -- at 0xC0DA0: 1
  flash [0] level 1: Flash sector already contains matching data: skipping write operation.
-----------------------------------------
(re)writing active CFG (unchanged) -- this should report that there's nothing to write as the CFG data has not changed -- at 0xC0DA0: 1
  flash [0] level 1: Flash sector already contains matching data: skipping write operation.
writing an updated CFG at address 0xC0DC0: 1
(b0:0,b1:42,i1:1,li2:1234567890123456,i3:-555,iter:110)
-----------------------------------------
(re)writing active CFG (unchanged) -- this should report that there's nothing to write as the CFG data has not changed -- at 0xC0DC0: 1
  flash [0] level 1: Flash sector already contains matching data: skipping write operation.
-----------------------------------------
(re)writing active CFG (unchanged) -- this should report that there's nothing to write as the CFG data has not changed -- at 0xC0DC0: 1
  flash [0] level 1: Flash sector already contains matching data: skipping write operation.
-----------------------------------------
(re)writing active CFG (unchanged) -- this should report that there's nothing to write as the CFG data has not changed -- at 0xC0DC0: 1
  flash [0] level 1: Flash sector already contains matching data: skipping write operation.
writing an updated CFG at address 0xC0DE0: 1
(b0:0,b1:42,i1:1,li2:1234567890123456,i3:-555,iter:111)
-----------------------------------------
(re)writing active CFG (unchanged) -- this should report that there's nothing to write as the CFG data has not changed -- at 0xC0DE0: 1
  flash [0] level 1: Flash sector already contains matching data: skipping write operation.
-----------------------------------------
(re)writing active CFG (unchanged) -- this should report that there's nothing to write as the CFG data has not changed -- at 0xC0DE0: 1
  flash [0] level 1: Flash sector already contains matching data: skipping write operation.
-----------------------------------------
(re)writing active CFG (unchanged) -- this should report that there's nothing to write as the CFG data has not changed -- at 0xC0DE0: 1
  flash [0] level 1: Flash sector already contains matching data: skipping write operation.
writing an updated CFG at address 0xC0E00: 1
(b0:0,b1:42,i1:1,li2:1234567890123456,i3:-555,iter:112)
-----------------------------------------
(re)writing active CFG (unchanged) -- this should report that there's nothing to write as the CFG data has not changed -- at 0xC0E00: 1
  flash [0] level 1: Flash sector already contains matching data: skipping write operation.
-----------------------------------------
(re)writing active CFG (unchanged) -- this should report that there's nothing to write as the CFG data has not changed -- at 0xC0E00: 1
  flash [0] level 1: Flash sector already contains matching data: skipping write operation.
-----------------------------------------
(re)writing active CFG (unchanged) -- this should report that there's nothing to write as the CFG data has not changed -- at 0xC0E00: 1
  flash [0] level 1: Flash sector already contains matching data: skipping write operation.
writing an updated CFG at address 0xC0E20: 1
(b0:0,b1:42,i1:1,li2:1234567890123456,i3:-555,iter:113)
-----------------------------------------
(re)writing active CFG (unchanged) -- this should report that there's nothing to write as the CFG data has not changed -- at 0xC0E20: 1
  flash [0] level 1: Flash sector already contains matching data: skipping write operation.
-----------------------------------------
(re)writing active CFG (unchanged) -- this should report that there's nothing to write as the CFG data has not changed -- at 0xC0E20: 1
  flash [0] level 1: Flash sector already contains matching data: skipping write operation.
-----------------------------------------
(re)writing active CFG (unchanged) -- this should report that there's nothing to write as the CFG data has not changed -- at 0xC0E20: 1
  flash [0] level 1: Flash sector already contains matching data: skipping write operation.
writing an updated CFG at address 0xC0E40: 1
(b0:0,b1:42,i1:1,li2:1234567890123456,i3:-555,iter:114)
-----------------------------------------
(re)writing active CFG (unchanged) -- this should report that there's nothing to write as the CFG data has not changed -- at 0xC0E40: 1
  flash [0] level 1: Flash sector already contains matching data: skipping write operation.
-----------------------------------------
(re)writing active CFG (unchanged) -- this should report that there's nothing to write as the CFG data has not changed -- at 0xC0E40: 1
  flash [0] level 1: Flash sector already contains matching data: skipping write operation.
-----------------------------------------
(re)writing active CFG (unchanged) -- this should report that there's nothing to write as the CFG data has not changed -- at 0xC0E40: 1
  flash [0] level 1: Flash sector already contains matching data: skipping write operation.
writing an updated CFG at address 0xC0E60: 1
(b0:0,b1:42,i1:1,li2:1234567890123456,i3:-555,iter:115)
-----------------------------------------
(re)writing active CFG (unchanged) -- this should report that there's nothing to write as the CFG data has not changed -- at 0xC0E60: 1
  flash [0] level 1: Flash sector already contains matching data: skipping write operation.
-----------------------------------------
(re)writing active CFG (unchanged) -- this should report that there's nothing to write as the CFG data has not changed -- at 0xC0E60: 1
  flash [0] level 1: Flash sector already contains matching data: skipping write operation.
-----------------------------------------
(re)writing active CFG (unchanged) -- this should report that there's nothing to write as the CFG data has not changed -- at 0xC0E60: 1
  flash [0] level 1: Flash sector already contains matching data: skipping write operation.
writing an updated CFG at address 0xC0E80: 1
(b0:0,b1:42,i1:1,li2:1234567890123456,i3:-555,iter:116)
-----------------------------------------
(re)writing active CFG (unchanged) -- this should report that there's nothing to write as the CFG data has not changed -- at 0xC0E80: 1
  flash [0] level 1: Flash sector already contains matching data: skipping write operation.
-----------------------------------------
(re)writing active CFG (unchanged) -- this should report that there's nothing to write as the CFG data has not changed -- at 0xC0E80: 1
  flash [0] level 1: Flash sector already contains matching data: skipping write operation.
-----------------------------------------
(re)writing active CFG (unchanged) -- this should report that there's nothing to write as the CFG data has not changed -- at 0xC0E80: 1
  flash [0] level 1: Flash sector already contains matching data: skipping write operation.
writing an updated CFG at address 0xC0EA0: 1
(b0:0,b1:42,i1:1,li2:1234567890123456,i3:-555,iter:117)
-----------------------------------------
(re)writing active CFG (unchanged) -- this should report that there's nothing to write as the CFG data has not changed -- at 0xC0EA0: 1
  flash [0] level 1: Flash sector already contains matching data: skipping write operation.
-----------------------------------------
(re)writing active CFG (unchanged) -- this should report that there's nothing to write as the CFG data has not changed -- at 0xC0EA0: 1
  flash [0] level 1: Flash sector already contains matching data: skipping write operation.
-----------------------------------------
(re)writing active CFG (unchanged) -- this should report that there's nothing to write as the CFG data has not changed -- at 0xC0EA0: 1
  flash [0] level 1: Flash sector already contains matching data: skipping write operation.
writing an updated CFG at address 0xC0EC0: 1
(b0:0,b1:42,i1:1,li2:1234567890123456,i3:-555,iter:118)
-----------------------------------------
(re)writing active CFG (unchanged) -- this should report that there's nothing to write as the CFG data has not changed -- at 0xC0EC0: 1
  flash [0] level 1: Flash sector already contains matching data: skipping write operation.
-----------------------------------------
(re)writing active CFG (unchanged) -- this should report that there's nothing to write as the CFG data has not changed -- at 0xC0EC0: 1
  flash [0] level 1: Flash sector already contains matching data: skipping write operation.
-----------------------------------------
(re)writing active CFG (unchanged) -- this should report that there's nothing to write as the CFG data has not changed -- at 0xC0EC0: 1
  flash [0] level 1: Flash sector already contains matching data: skipping write operation.
writing an updated CFG at address 0xC0EE0: 1
(b0:0,b1:42,i1:1,li2:1234567890123456,i3:-555,iter:119)
-----------------------------------------
(re)writing active CFG (unchanged) -- this should report that there's nothing to write as the CFG data has not changed -- at 0xC0EE0: 1
  flash [0] level 1: Flash sector already contains matching data: skipping write operation.
-----------------------------------------
(re)writing active CFG (unchanged) -- this should report that there's nothing to write as the CFG data has not changed -- at 0xC0EE0: 1
  flash [0] level 1: Flash sector already contains matching data: skipping write operation.
-----------------------------------------
(re)writing active CFG (unchanged) -- this should report that there's nothing to write as the CFG data has not changed -- at 0xC0EE0: 1
  flash [0] level 1: Flash sector already contains matching data: skipping write operation.
writing an updated CFG at address 0xC0F00: 1
(b0:0,b1:42,i1:1,li2:1234567890123456,i3:-555,iter:120)
-----------------------------------------
(re)writing active CFG (unchanged) -- this should report that there's nothing to write as the CFG data has not changed -- at 0xC0F00: 1
  flash [0] level 1: Flash sector already contains matching data: skipping write operation.
-----------------------------------------
(re)writing active CFG (unchanged) -- this should report that there's nothing to write as the CFG data has not changed -- at 0xC0F00: 1
  flash [0] level 1: Flash sector already contains matching data: skipping write operation.
-----------------------------------------
(re)writing active CFG (unchanged) -- this should report that there's nothing to write as the CFG data has not changed -- at 0xC0F00: 1
  flash [0] level 1: Flash sector already contains matching data: skipping write operation.
writing an updated CFG at address 0xC0F20: 1
(b0:0,b1:42,i1:1,li2:1234567890123456,i3:-555,iter:121)
-----------------------------------------
(re)writing active CFG (unchanged) -- this should report that there's nothing to write as the CFG data has not changed -- at 0xC0F20: 1
  flash [0] level 1: Flash sector already contains matching data: skipping write operation.
-----------------------------------------
(re)writing active CFG (unchanged) -- this should report that there's nothing to write as the CFG data has not changed -- at 0xC0F20: 1
  flash [0] level 1: Flash sector already contains matching data: skipping write operation.
-----------------------------------------
(re)writing active CFG (unchanged) -- this should report that there's nothing to write as the CFG data has not changed -- at 0xC0F20: 1
  flash [0] level 1: Flash sector already contains matching data: skipping write operation.
writing an updated CFG at address 0xC0F40: 1
(b0:0,b1:42,i1:1,li2:1234567890123456,i3:-555,iter:122)
-----------------------------------------
(re)writing active CFG (unchanged) -- this should report that there's nothing to write as the CFG data has not changed -- at 0xC0F40: 1
  flash [0] level 1: Flash sector already contains matching data: skipping write operation.
-----------------------------------------
(re)writing active CFG (unchanged) -- this should report that there's nothing to write as the CFG data has not changed -- at 0xC0F40: 1
  flash [0] level 1: Flash sector already contains matching data: skipping write operation.
-----------------------------------------
(re)writing active CFG (unchanged) -- this should report that there's nothing to write as the CFG data has not changed -- at 0xC0F40: 1
  flash [0] level 1: Flash sector already contains matching data: skipping write operation.
writing an updated CFG at address 0xC0F60: 1
(b0:0,b1:42,i1:1,li2:1234567890123456,i3:-555,iter:123)
-----------------------------------------
(re)writing active CFG (unchanged) -- this should report that there's nothing to write as the CFG data has not changed -- at 0xC0F60: 1
  flash [0] level 1: Flash sector already contains matching data: skipping write operation.
-----------------------------------------
(re)writing active CFG (unchanged) -- this should report that there's nothing to write as the CFG data has not changed -- at 0xC0F60: 1
  flash [0] level 1: Flash sector already contains matching data: skipping write operation.
-----------------------------------------
(re)writing active CFG (unchanged) -- this should report that there's nothing to write as the CFG data has not changed -- at 0xC0F60: 1
  flash [0] level 1: Flash sector already contains matching data: skipping write operation.
writing an updated CFG at address 0xC0F80: 1
(b0:0,b1:42,i1:1,li2:1234567890123456,i3:-555,iter:124)
-----------------------------------------
(re)writing active CFG (unchanged) -- this should report that there's nothing to write as the CFG data has not changed -- at 0xC0F80: 1
  flash [0] level 1: Flash sector already contains matching data: skipping write operation.
-----------------------------------------
(re)writing active CFG (unchanged) -- this should report that there's nothing to write as the CFG data has not changed -- at 0xC0F80: 1
  flash [0] level 1: Flash sector already contains matching data: skipping write operation.
-----------------------------------------
(re)writing active CFG (unchanged) -- this should report that there's nothing to write as the CFG data has not changed -- at 0xC0F80: 1
  flash [0] level 1: Flash sector already contains matching data: skipping write operation.
writing an updated CFG at address 0xC0FA0: 1
(b0:0,b1:42,i1:1,li2:1234567890123456,i3:-555,iter:125)
-----------------------------------------
(re)writing active CFG (unchanged) -- this should report that there's nothing to write as the CFG data has not changed -- at 0xC0FA0: 1
  flash [0] level 1: Flash sector already contains matching data: skipping write operation.
-----------------------------------------
(re)writing active CFG (unchanged) -- this should report that there's nothing to write as the CFG data has not changed -- at 0xC0FA0: 1
  flash [0] level 1: Flash sector already contains matching data: skipping write operation.
-----------------------------------------
(re)writing active CFG (unchanged) -- this should report that there's nothing to write as the CFG data has not changed -- at 0xC0FA0: 1
  flash [0] level 1: Flash sector already contains matching data: skipping write operation.
writing an updated CFG at address 0xC0FC0: 1
(b0:0,b1:42,i1:1,li2:1234567890123456,i3:-555,iter:126)
-----------------------------------------
(re)writing active CFG (unchanged) -- this should report that there's nothing to write as the CFG data has not changed -- at 0xC0FC0: 1
  flash [0] level 1: Flash sector already contains matching data: skipping write operation.
-----------------------------------------
(re)writing active CFG (unchanged) -- this should report that there's nothing to write as the CFG data has not changed -- at 0xC0FC0: 1
  flash [0] level 1: Flash sector already contains matching data: skipping write operation.
-----------------------------------------
(re)writing active CFG (unchanged) -- this should report that there's nothing to write as the CFG data has not changed -- at 0xC0FC0: 1
  flash [0] level 1: Flash sector already contains matching data: skipping write operation.
writing an updated CFG at address 0xC0FE0: 1
(b0:0,b1:42,i1:1,li2:1234567890123456,i3:-555,iter:127)
-----------------------------------------
(re)writing active CFG (unchanged) -- this should report that there's nothing to write as the CFG data has not changed -- at 0xC0FE0: 1
  flash [0] level 1: Flash sector already contains matching data: skipping write operation.
-----------------------------------------
(re)writing active CFG (unchanged) -- this should report that there's nothing to write as the CFG data has not changed -- at 0xC0FE0: 1
  flash [0] level 1: Flash sector already contains matching data: skipping write operation.
-----------------------------------------
(re)writing active CFG (unchanged) -- this should report that there's nothing to write as the CFG data has not changed -- at 0xC0FE0: 1
  flash [0] level 1: Flash sector already contains matching data: skipping write operation.
writing an updated CFG at address 0xC1000: 1
(b0:0,b1:42,i1:1,li2:1234567890123456,i3:-555,iter:128)
-----------------------------------------
(re)writing active CFG (unchanged) -- this should report that there's nothing to write as the CFG data has not changed -- at 0xC1000: 1
  flash [0] level 1: Flash sector already contains matching data: skipping write operation.
-----------------------------------------
(re)writing active CFG (unchanged) -- this should report that there's nothing to write as the CFG data has not changed -- at 0xC1000: 1
  flash [0] level 1: Flash sector already contains matching data: skipping write operation.
-----------------------------------------
(re)writing active CFG (unchanged) -- this should report that there's nothing to write as the CFG data has not changed -- at 0xC1000: 1
  flash [0] level 1: Flash sector already contains matching data: skipping write operation.
writing an updated CFG at address 0xC1020: 1
(b0:0,b1:42,i1:1,li2:1234567890123456,i3:-555,iter:129)
-----------------------------------------
(re)writing active CFG (unchanged) -- this should report that there's nothing to write as the CFG data has not changed -- at 0xC1020: 1
  flash [0] level 1: Flash sector already contains matching data: skipping write operation.
-----------------------------------------
(re)writing active CFG (unchanged) -- this should report that there's nothing to write as the CFG data has not changed -- at 0xC1020: 1
  flash [0] level 1: Flash sector already contains matching data: skipping write operation.
-----------------------------------------
(re)writing active CFG (unchanged) -- this should report that there's nothing to write as the CFG data has not changed -- at 0xC1020: 1
  flash [0] level 1: Flash sector already contains matching data: skipping write operation.
writing an updated CFG at address 0xC1040: 1
(b0:0,b1:42,i1:1,li2:1234567890123456,i3:-555,iter:130)
-----------------------------------------
(re)writing active CFG (unchanged) -- this should report that there's nothing to write as the CFG data has not changed -- at 0xC1040: 1
  flash [0] level 1: Flash sector already contains matching data: skipping write operation.
-----------------------------------------
(re)writing active CFG (unchanged) -- this should report that there's nothing to write as the CFG data has not changed -- at 0xC1040: 1
  flash [0] level 1: Flash sector already contains matching data: skipping write operation.
-----------------------------------------
(re)writing active CFG (unchanged) -- this should report that there's nothing to write as the CFG data has not changed -- at 0xC1040: 1
  flash [0] level 1: Flash sector already contains matching data: skipping write operation.
writing an updated CFG at address 0xC1060: 1
(b0:0,b1:42,i1:1,li2:1234567890123456,i3:-555,iter:131)
-----------------------------------------
(re)writing active CFG (unchanged) -- this should report that there's nothing to write as the CFG data has not changed -- at 0xC1060: 1
  flash [0] level 1: Flash sector already contains matching data: skipping write operation.
-----------------------------------------
(re)writing active CFG (unchanged) -- this should report that there's nothing to write as the CFG data has not changed -- at 0xC1060: 1
  flash [0] level 1: Flash sector already contains matching data: skipping write operation.
-----------------------------------------
(re)writing active CFG (unchanged) -- this should report that there's nothing to write as the CFG data has not changed -- at 0xC1060: 1
  flash [0] level 1: Flash sector already contains matching data: skipping write operation.
writing an updated CFG at address 0xC1080: 1
(b0:0,b1:42,i1:1,li2:1234567890123456,i3:-555,iter:132)
-----------------------------------------
(re)writing active CFG (unchanged) -- this should report that there's nothing to write as the CFG data has not changed -- at 0xC1080: 1
  flash [0] level 1: Flash sector already contains matching data: skipping write operation.
-----------------------------------------
(re)writing active CFG (unchanged) -- this should report that there's nothing to write as the CFG data has not changed -- at 0xC1080: 1
  flash [0] level 1: Flash sector already contains matching data: skipping write operation.
-----------------------------------------
(re)writing active CFG (unchanged) -- this should report that there's nothing to write as the CFG data has not changed -- at 0xC1080: 1
  flash [0] level 1: Flash sector already contains matching data: skipping write operation.
writing an updated CFG at address 0xC10A0: 1
(b0:0,b1:42,i1:1,li2:1234567890123456,i3:-555,iter:133)
-----------------------------------------
(re)writing active CFG (unchanged) -- this should report that there's nothing to write as the CFG data has not changed -- at 0xC10A0: 1
  flash [0] level 1: Flash sector already contains matching data: skipping write operation.
-----------------------------------------
(re)writing active CFG (unchanged) -- this should report that there's nothing to write as the CFG data has not changed -- at 0xC10A0: 1
  flash [0] level 1: Flash sector already contains matching data: skipping write operation.
-----------------------------------------
(re)writing active CFG (unchanged) -- this should report that there's nothing to write as the CFG data has not changed -- at 0xC10A0: 1
  flash [0] level 1: Flash sector already contains matching data: skipping write operation.
writing an updated CFG at address 0xC10C0: 1
(b0:0,b1:42,i1:1,li2:1234567890123456,i3:-555,iter:134)
-----------------------------------------
(re)writing active CFG (unchanged) -- this should report that there's nothing to write as the CFG data has not changed -- at 0xC10C0: 1
  flash [0] level 1: Flash sector already contains matching data: skipping write operation.
-----------------------------------------
(re)writing active CFG (unchanged) -- this should report that there's nothing to write as the CFG data has not changed -- at 0xC10C0: 1
  flash [0] level 1: Flash sector already contains matching data: skipping write operation.
-----------------------------------------
(re)writing active CFG (unchanged) -- this should report that there's nothing to write as the CFG data has not changed -- at 0xC10C0: 1
  flash [0] level 1: Flash sector already contains matching data: skipping write operation.
writing an updated CFG at address 0xC10E0: 1
(b0:0,b1:42,i1:1,li2:1234567890123456,i3:-555,iter:135)
-----------------------------------------
(re)writing active CFG (unchanged) -- this should report that there's nothing to write as the CFG data has not changed -- at 0xC10E0: 1
  flash [0] level 1: Flash sector already contains matching data: skipping write operation.
-----------------------------------------
(re)writing active CFG (unchanged) -- this should report that there's nothing to write as the CFG data has not changed -- at 0xC10E0: 1
  flash [0] level 1: Flash sector already contains matching data: skipping write operation.
-----------------------------------------
(re)writing active CFG (unchanged) -- this should report that there's nothing to write as the CFG data has not changed -- at 0xC10E0: 1
  flash [0] level 1: Flash sector already contains matching data: skipping write operation.
writing an updated CFG at address 0xC1100: 1
(b0:0,b1:42,i1:1,li2:1234567890123456,i3:-555,iter:136)
-----------------------------------------
(re)writing active CFG (unchanged) -- this should report that there's nothing to write as the CFG data has not changed -- at 0xC1100: 1
  flash [0] level 1: Flash sector already contains matching data: skipping write operation.
-----------------------------------------
(re)writing active CFG (unchanged) -- this should report that there's nothing to write as the CFG data has not changed -- at 0xC1100: 1
  flash [0] level 1: Flash sector already contains matching data: skipping write operation.
-----------------------------------------
(re)writing active CFG (unchanged) -- this should report that there's nothing to write as the CFG data has not changed -- at 0xC1100: 1
  flash [0] level 1: Flash sector already contains matching data: skipping write operation.
writing an updated CFG at address 0xC1120: 1
(b0:0,b1:42,i1:1,li2:1234567890123456,i3:-555,iter:137)
-----------------------------------------
(re)writing active CFG (unchanged) -- this should report that there's nothing to write as the CFG data has not changed -- at 0xC1120: 1
  flash [0] level 1: Flash sector already contains matching data: skipping write operation.
-----------------------------------------
(re)writing active CFG (unchanged) -- this should report that there's nothing to write as the CFG data has not changed -- at 0xC1120: 1
  flash [0] level 1: Flash sector already contains matching data: skipping write operation.
-----------------------------------------
(re)writing active CFG (unchanged) -- this should report that there's nothing to write as the CFG data has not changed -- at 0xC1120: 1
  flash [0] level 1: Flash sector already contains matching data: skipping write operation.
writing an updated CFG at address 0xC1140: 1
(b0:0,b1:42,i1:1,li2:1234567890123456,i3:-555,iter:138)
-----------------------------------------
(re)writing active CFG (unchanged) -- this should report that there's nothing to write as the CFG data has not changed -- at 0xC1140: 1
  flash [0] level 1: Flash sector already contains matching data: skipping write operation.
-----------------------------------------
(re)writing active CFG (unchanged) -- this should report that there's nothing to write as the CFG data has not changed -- at 0xC1140: 1
  flash [0] level 1: Flash sector already contains matching data: skipping write operation.
-----------------------------------------
(re)writing active CFG (unchanged) -- this should report that there's nothing to write as the CFG data has not changed -- at 0xC1140: 1
  flash [0] level 1: Flash sector already contains matching data: skipping write operation.
writing an updated CFG at address 0xC1160: 1
(b0:0,b1:42,i1:1,li2:1234567890123456,i3:-555,iter:139)
-----------------------------------------
(re)writing active CFG (unchanged) -- this should report that there's nothing to write as the CFG data has not changed -- at 0xC1160: 1
  flash [0] level 1: Flash sector already contains matching data: skipping write operation.
-----------------------------------------
(re)writing active CFG (unchanged) -- this should report that there's nothing to write as the CFG data has not changed -- at 0xC1160: 1
  flash [0] level 1: Flash sector already contains matching data: skipping write operation.
-----------------------------------------
(re)writing active CFG (unchanged) -- this should report that there's nothing to write as the CFG data has not changed -- at 0xC1160: 1
  flash [0] level 1: Flash sector already contains matching data: skipping write operation.
writing an updated CFG at address 0xC1180: 1
(b0:0,b1:42,i1:1,li2:1234567890123456,i3:-555,iter:140)
-----------------------------------------
(re)writing active CFG (unchanged) -- this should report that there's nothing to write as the CFG data has not changed -- at 0xC1180: 1
  flash [0] level 1: Flash sector already contains matching data: skipping write operation.
-----------------------------------------
(re)writing active CFG (unchanged) -- this should report that there's nothing to write as the CFG data has not changed -- at 0xC1180: 1
  flash [0] level 1: Flash sector already contains matching data: skipping write operation.
-----------------------------------------
(re)writing active CFG (unchanged) -- this should report that there's nothing to write as the CFG data has not changed -- at 0xC1180: 1
  flash [0] level 1: Flash sector already contains matching data: skipping write operation.
writing an updated CFG at address 0xC11A0: 1
(b0:0,b1:42,i1:1,li2:1234567890123456,i3:-555,iter:141)
-----------------------------------------
(re)writing active CFG (unchanged) -- this should report that there's nothing to write as the CFG data has not changed -- at 0xC11A0: 1
  flash [0] level 1: Flash sector already contains matching data: skipping write operation.
-----------------------------------------
(re)writing active CFG (unchanged) -- this should report that there's nothing to write as the CFG data has not changed -- at 0xC11A0: 1
  flash [0] level 1: Flash sector already contains matching data: skipping write operation.
-----------------------------------------
(re)writing active CFG (unchanged) -- this should report that there's nothing to write as the CFG data has not changed -- at 0xC11A0: 1
  flash [0] level 1: Flash sector already contains matching data: skipping write operation.
writing an updated CFG at address 0xC11C0: 1
(b0:0,b1:42,i1:1,li2:1234567890123456,i3:-555,iter:142)
-----------------------------------------
(re)writing active CFG (unchanged) -- this should report that there's nothing to write as the CFG data has not changed -- at 0xC11C0: 1
  flash [0] level 1: Flash sector already contains matching data: skipping write operation.
-----------------------------------------
(re)writing active CFG (unchanged) -- this should report that there's nothing to write as the CFG data has not changed -- at 0xC11C0: 1
  flash [0] level 1: Flash sector already contains matching data: skipping write operation.
-----------------------------------------
(re)writing active CFG (unchanged) -- this should report that there's nothing to write as the CFG data has not changed -- at 0xC11C0: 1
  flash [0] level 1: Flash sector already contains matching data: skipping write operation.
writing an updated CFG at address 0xC11E0: 1
(b0:0,b1:42,i1:1,li2:1234567890123456,i3:-555,iter:143)
-----------------------------------------
(re)writing active CFG (unchanged) -- this should report that there's nothing to write as the CFG data has not changed -- at 0xC11E0: 1
  flash [0] level 1: Flash sector already contains matching data: skipping write operation.
-----------------------------------------
(re)writing active CFG (unchanged) -- this should report that there's nothing to write as the CFG data has not changed -- at 0xC11E0: 1
  flash [0] level 1: Flash sector already contains matching data: skipping write operation.
-----------------------------------------
(re)writing active CFG (unchanged) -- this should report that there's nothing to write as the CFG data has not changed -- at 0xC11E0: 1
  flash [0] level 1: Flash sector already contains matching data: skipping write operation.
writing an updated CFG at address 0xC1200: 1
(b0:0,b1:42,i1:1,li2:1234567890123456,i3:-555,iter:144)
-----------------------------------------
(re)writing active CFG (unchanged) -- this should report that there's nothing to write as the CFG data has not changed -- at 0xC1200: 1
  flash [0] level 1: Flash sector already contains matching data: skipping write operation.
-----------------------------------------
(re)writing active CFG (unchanged) -- this should report that there's nothing to write as the CFG data has not changed -- at 0xC1200: 1
  flash [0] level 1: Flash sector already contains matching data: skipping write operation.
-----------------------------------------
(re)writing active CFG (unchanged) -- this should report that there's nothing to write as the CFG data has not changed -- at 0xC1200: 1
  flash [0] level 1: Flash sector already contains matching data: skipping write operation.
writing an updated CFG at address 0xC1220: 1
(b0:0,b1:42,i1:1,li2:1234567890123456,i3:-555,iter:145)
-----------------------------------------
(re)writing active CFG (unchanged) -- this should report that there's nothing to write as the CFG data has not changed -- at 0xC1220: 1
  flash [0] level 1: Flash sector already contains matching data: skipping write operation.
-----------------------------------------
(re)writing active CFG (unchanged) -- this should report that there's nothing to write as the CFG data has not changed -- at 0xC1220: 1
  flash [0] level 1: Flash sector already contains matching data: skipping write operation.
-----------------------------------------
(re)writing active CFG (unchanged) -- this should report that there's nothing to write as the CFG data has not changed -- at 0xC1220: 1
  flash [0] level 1: Flash sector already contains matching data: skipping write operation.
writing an updated CFG at address 0xC1240: 1
(b0:0,b1:42,i1:1,li2:1234567890123456,i3:-555,iter:146)
-----------------------------------------
(re)writing active CFG (unchanged) -- this should report that there's nothing to write as the CFG data has not changed -- at 0xC1240: 1
  flash [0] level 1: Flash sector already contains matching data: skipping write operation.
-----------------------------------------
(re)writing active CFG (unchanged) -- this should report that there's nothing to write as the CFG data has not changed -- at 0xC1240: 1
  flash [0] level 1: Flash sector already contains matching data: skipping write operation.
-----------------------------------------
(re)writing active CFG (unchanged) -- this should report that there's nothing to write as the CFG data has not changed -- at 0xC1240: 1
  flash [0] level 1: Flash sector already contains matching data: skipping write operation.
writing an updated CFG at address 0xC1260: 1
(b0:0,b1:42,i1:1,li2:1234567890123456,i3:-555,iter:147)
-----------------------------------------
(re)writing active CFG (unchanged) -- this should report that there's nothing to write as the CFG data has not changed -- at 0xC1260: 1
  flash [0] level 1: Flash sector already contains matching data: skipping write operation.
-----------------------------------------
(re)writing active CFG (unchanged) -- this should report that there's nothing to write as the CFG data has not changed -- at 0xC1260: 1
  flash [0] level 1: Flash sector already contains matching data: skipping write operation.
-----------------------------------------
(re)writing active CFG (unchanged) -- this should report that there's nothing to write as the CFG data has not changed -- at 0xC1260: 1
  flash [0] level 1: Flash sector already contains matching data: skipping write operation.
writing an updated CFG at address 0xC1280: 1
(b0:0,b1:42,i1:1,li2:1234567890123456,i3:-555,iter:148)
-----------------------------------------
(re)writing active CFG (unchanged) -- this should report that there's nothing to write as the CFG data has not changed -- at 0xC1280: 1
  flash [0] level 1: Flash sector already contains matching data: skipping write operation.
-----------------------------------------
(re)writing active CFG (unchanged) -- this should report that there's nothing to write as the CFG data has not changed -- at 0xC1280: 1
  flash [0] level 1: Flash sector already contains matching data: skipping write operation.
-----------------------------------------
(re)writing active CFG (unchanged) -- this should report that there's nothing to write as the CFG data has not changed -- at 0xC1280: 1
  flash [0] level 1: Flash sector already contains matching data: skipping write operation.
writing an updated CFG at address 0xC12A0: 1
(b0:0,b1:42,i1:1,li2:1234567890123456,i3:-555,iter:149)
-----------------------------------------
(re)writing active CFG (unchanged) -- this should report that there's nothing to write as the CFG data has not changed -- at 0xC12A0: 1
  flash [0] level 1: Flash sector already contains matching data: skipping write operation.
-----------------------------------------
(re)writing active CFG (unchanged) -- this should report that there's nothing to write as the CFG data has not changed -- at 0xC12A0: 1
  flash [0] level 1: Flash sector already contains matching data: skipping write operation.
-----------------------------------------
(re)writing active CFG (unchanged) -- this should report that there's nothing to write as the CFG data has not changed -- at 0xC12A0: 1
  flash [0] level 1: Flash sector already contains matching data: skipping write operation.
writing an updated CFG at address 0xC12C0: 1
(b0:0,b1:42,i1:1,li2:1234567890123456,i3:-555,iter:150)
-----------------------------------------
(re)writing active CFG (unchanged) -- this should report that there's nothing to write as the CFG data has not changed -- at 0xC12C0: 1
  flash [0] level 1: Flash sector already contains matching data: skipping write operation.
-----------------------------------------
(re)writing active CFG (unchanged) -- this should report that there's nothing to write as the CFG data has not changed -- at 0xC12C0: 1
  flash [0] level 1: Flash sector already contains matching data: skipping write operation.
-----------------------------------------
(re)writing active CFG (unchanged) -- this should report that there's nothing to write as the CFG data has not changed -- at 0xC12C0: 1
  flash [0] level 1: Flash sector already contains matching data: skipping write operation.
writing an updated CFG at address 0xC12E0: 1
(b0:0,b1:42,i1:1,li2:1234567890123456,i3:-555,iter:151)
-----------------------------------------
(re)writing active CFG (unchanged) -- this should report that there's nothing to write as the CFG data has not changed -- at 0xC12E0: 1
  flash [0] level 1: Flash sector already contains matching data: skipping write operation.
-----------------------------------------
(re)writing active CFG (unchanged) -- this should report that there's nothing to write as the CFG data has not changed -- at 0xC12E0: 1
  flash [0] level 1: Flash sector already contains matching data: skipping write operation.
-----------------------------------------
(re)writing active CFG (unchanged) -- this should report that there's nothing to write as the CFG data has not changed -- at 0xC12E0: 1
  flash [0] level 1: Flash sector already contains matching data: skipping write operation.
writing an updated CFG at address 0xC1300: 1
(b0:0,b1:42,i1:1,li2:1234567890123456,i3:-555,iter:152)
-----------------------------------------
(re)writing active CFG (unchanged) -- this should report that there's nothing to write as the CFG data has not changed -- at 0xC1300: 1
  flash [0] level 1: Flash sector already contains matching data: skipping write operation.
-----------------------------------------
(re)writing active CFG (unchanged) -- this should report that there's nothing to write as the CFG data has not changed -- at 0xC1300: 1
  flash [0] level 1: Flash sector already contains matching data: skipping write operation.
-----------------------------------------
(re)writing active CFG (unchanged) -- this should report that there's nothing to write as the CFG data has not changed -- at 0xC1300: 1
  flash [0] level 1: Flash sector already contains matching data: skipping write operation.
writing an updated CFG at address 0xC1320: 1
(b0:0,b1:42,i1:1,li2:1234567890123456,i3:-555,iter:153)
-----------------------------------------
(re)writing active CFG (unchanged) -- this should report that there's nothing to write as the CFG data has not changed -- at 0xC1320: 1
  flash [0] level 1: Flash sector already contains matching data: skipping write operation.
-----------------------------------------
(re)writing active CFG (unchanged) -- this should report that there's nothing to write as the CFG data has not changed -- at 0xC1320: 1
  flash [0] level 1: Flash sector already contains matching data: skipping write operation.
-----------------------------------------
(re)writing active CFG (unchanged) -- this should report that there's nothing to write as the CFG data has not changed -- at 0xC1320: 1
  flash [0] level 1: Flash sector already contains matching data: skipping write operation.
writing an updated CFG at address 0xC1340: 1
(b0:0,b1:42,i1:1,li2:1234567890123456,i3:-555,iter:154)
-----------------------------------------
(re)writing active CFG (unchanged) -- this should report that there's nothing to write as the CFG data has not changed -- at 0xC1340: 1
  flash [0] level 1: Flash sector already contains matching data: skipping write operation.
-----------------------------------------
(re)writing active CFG (unchanged) -- this should report that there's nothing to write as the CFG data has not changed -- at 0xC1340: 1
  flash [0] level 1: Flash sector already contains matching data: skipping write operation.
-----------------------------------------
(re)writing active CFG (unchanged) -- this should report that there's nothing to write as the CFG data has not changed -- at 0xC1340: 1
  flash [0] level 1: Flash sector already contains matching data: skipping write operation.
writing an updated CFG at address 0xC1360: 1
(b0:0,b1:42,i1:1,li2:1234567890123456,i3:-555,iter:155)
-----------------------------------------
(re)writing active CFG (unchanged) -- this should report that there's nothing to write as the CFG data has not changed -- at 0xC1360: 1
  flash [0] level 1: Flash sector already contains matching data: skipping write operation.
-----------------------------------------
(re)writing active CFG (unchanged) -- this should report that there's nothing to write as the CFG data has not changed -- at 0xC1360: 1
  flash [0] level 1: Flash sector already contains matching data: skipping write operation.
-----------------------------------------
(re)writing active CFG (unchanged) -- this should report that there's nothing to write as the CFG data has not changed -- at 0xC1360: 1
  flash [0] level 1: Flash sector already contains matching data: skipping write operation.
writing an updated CFG at address 0xC1380: 1
(b0:0,b1:42,i1:1,li2:1234567890123456,i3:-555,iter:156)
-----------------------------------------
(re)writing active CFG (unchanged) -- this should report that there's nothing to write as the CFG data has not changed -- at 0xC1380: 1
  flash [0] level 1: Flash sector already contains matching data: skipping write operation.
-----------------------------------------
(re)writing active CFG (unchanged) -- this should report that there's nothing to write as the CFG data has not changed -- at 0xC1380: 1
  flash [0] level 1: Flash sector already contains matching data: skipping write operation.
-----------------------------------------
(re)writing active CFG (unchanged) -- this should report that there's nothing to write as the CFG data has not changed -- at 0xC1380: 1
  flash [0] level 1: Flash sector already contains matching data: skipping write operation.
writing an updated CFG at address 0xC13A0: 1
(b0:0,b1:42,i1:1,li2:1234567890123456,i3:-555,iter:157)
-----------------------------------------
(re)writing active CFG (unchanged) -- this should report that there's nothing to write as the CFG data has not changed -- at 0xC13A0: 1
  flash [0] level 1: Flash sector already contains matching data: skipping write operation.
-----------------------------------------
(re)writing active CFG (unchanged) -- this should report that there's nothing to write as the CFG data has not changed -- at 0xC13A0: 1
  flash [0] level 1: Flash sector already contains matching data: skipping write operation.
-----------------------------------------
(re)writing active CFG (unchanged) -- this should report that there's nothing to write as the CFG data has not changed -- at 0xC13A0: 1
  flash [0] level 1: Flash sector already contains matching data: skipping write operation.
writing an updated CFG at address 0xC13C0: 1
(b0:0,b1:42,i1:1,li2:1234567890123456,i3:-555,iter:158)
-----------------------------------------
(re)writing active CFG (unchanged) -- this should report that there's nothing to write as the CFG data has not changed -- at 0xC13C0: 1
  flash [0] level 1: Flash sector already contains matching data: skipping write operation.
-----------------------------------------
(re)writing active CFG (unchanged) -- this should report that there's nothing to write as the CFG data has not changed -- at 0xC13C0: 1
  flash [0] level 1: Flash sector already contains matching data: skipping write operation.
-----------------------------------------
(re)writing active CFG (unchanged) -- this should report that there's nothing to write as the CFG data has not changed -- at 0xC13C0: 1
  flash [0] level 1: Flash sector already contains matching data: skipping write operation.
writing an updated CFG at address 0xC13E0: 1
(b0:0,b1:42,i1:1,li2:1234567890123456,i3:-555,iter:159)
-----------------------------------------
(re)writing active CFG (unchanged) -- this should report that there's nothing to write as the CFG data has not changed -- at 0xC13E0: 1
  flash [0] level 1: Flash sector already contains matching data: skipping write operation.
-----------------------------------------
(re)writing active CFG (unchanged) -- this should report that there's nothing to write as the CFG data has not changed -- at 0xC13E0: 1
  flash [0] level 1: Flash sector already contains matching data: skipping write operation.
-----------------------------------------
(re)writing active CFG (unchanged) -- this should report that there's nothing to write as the CFG data has not changed -- at 0xC13E0: 1
  flash [0] level 1: Flash sector already contains matching data: skipping write operation.
writing an updated CFG at address 0xC1400: 1
(b0:0,b1:42,i1:1,li2:1234567890123456,i3:-555,iter:160)
-----------------------------------------
(re)writing active CFG (unchanged) -- this should report that there's nothing to write as the CFG data has not changed -- at 0xC1400: 1
  flash [0] level 1: Flash sector already contains matching data: skipping write operation.
-----------------------------------------
(re)writing active CFG (unchanged) -- this should report that there's nothing to write as the CFG data has not changed -- at 0xC1400: 1
  flash [0] level 1: Flash sector already contains matching data: skipping write operation.
-----------------------------------------
(re)writing active CFG (unchanged) -- this should report that there's nothing to write as the CFG data has not changed -- at 0xC1400: 1
  flash [0] level 1: Flash sector already contains matching data: skipping write operation.
writing an updated CFG at address 0xC1420: 1
(b0:0,b1:42,i1:1,li2:1234567890123456,i3:-555,iter:161)
-----------------------------------------
(re)writing active CFG (unchanged) -- this should report that there's nothing to write as the CFG data has not changed -- at 0xC1420: 1
  flash [0] level 1: Flash sector already contains matching data: skipping write operation.
-----------------------------------------
(re)writing active CFG (unchanged) -- this should report that there's nothing to write as the CFG data has not changed -- at 0xC1420: 1
  flash [0] level 1: Flash sector already contains matching data: skipping write operation.
-----------------------------------------
(re)writing active CFG (unchanged) -- this should report that there's nothing to write as the CFG data has not changed -- at 0xC1420: 1
  flash [0] level 1: Flash sector already contains matching data: skipping write operation.
writing an updated CFG at address 0xC1440: 1
(b0:0,b1:42,i1:1,li2:1234567890123456,i3:-555,iter:162)
-----------------------------------------
(re)writing active CFG (unchanged) -- this should report that there's nothing to write as the CFG data has not changed -- at 0xC1440: 1
  flash [0] level 1: Flash sector already contains matching data: skipping write operation.
-----------------------------------------
(re)writing active CFG (unchanged) -- this should report that there's nothing to write as the CFG data has not changed -- at 0xC1440: 1
  flash [0] level 1: Flash sector already contains matching data: skipping write operation.
-----------------------------------------
(re)writing active CFG (unchanged) -- this should report that there's nothing to write as the CFG data has not changed -- at 0xC1440: 1
  flash [0] level 1: Flash sector already contains matching data: skipping write operation.
writing an updated CFG at address 0xC1460: 1
(b0:0,b1:42,i1:1,li2:1234567890123456,i3:-555,iter:163)
-----------------------------------------
(re)writing active CFG (unchanged) -- this should report that there's nothing to write as the CFG data has not changed -- at 0xC1460: 1
  flash [0] level 1: Flash sector already contains matching data: skipping write operation.
-----------------------------------------
(re)writing active CFG (unchanged) -- this should report that there's nothing to write as the CFG data has not changed -- at 0xC1460: 1
  flash [0] level 1: Flash sector already contains matching data: skipping write operation.
-----------------------------------------
(re)writing active CFG (unchanged) -- this should report that there's nothing to write as the CFG data has not changed -- at 0xC1460: 1
  flash [0] level 1: Flash sector already contains matching data: skipping write operation.
writing an updated CFG at address 0xC1480: 1
(b0:0,b1:42,i1:1,li2:1234567890123456,i3:-555,iter:164)
-----------------------------------------
(re)writing active CFG (unchanged) -- this should report that there's nothing to write as the CFG data has not changed -- at 0xC1480: 1
  flash [0] level 1: Flash sector already contains matching data: skipping write operation.
-----------------------------------------
(re)writing active CFG (unchanged) -- this should report that there's nothing to write as the CFG data has not changed -- at 0xC1480: 1
  flash [0] level 1: Flash sector already contains matching data: skipping write operation.
-----------------------------------------
(re)writing active CFG (unchanged) -- this should report that there's nothing to write as the CFG data has not changed -- at 0xC1480: 1
  flash [0] level 1: Flash sector already contains matching data: skipping write operation.
writing an updated CFG at address 0xC14A0: 1
(b0:0,b1:42,i1:1,li2:1234567890123456,i3:-555,iter:165)
-----------------------------------------
(re)writing active CFG (unchanged) -- this should report that there's nothing to write as the CFG data has not changed -- at 0xC14A0: 1
  flash [0] level 1: Flash sector already contains matching data: skipping write operation.
-----------------------------------------
(re)writing active CFG (unchanged) -- this should report that there's nothing to write as the CFG data has not changed -- at 0xC14A0: 1
  flash [0] level 1: Flash sector already contains matching data: skipping write operation.
-----------------------------------------
(re)writing active CFG (unchanged) -- this should report that there's nothing to write as the CFG data has not changed -- at 0xC14A0: 1
  flash [0] level 1: Flash sector already contains matching data: skipping write operation.
writing an updated CFG at address 0xC14C0: 1
(b0:0,b1:42,i1:1,li2:1234567890123456,i3:-555,iter:166)
-----------------------------------------
(re)writing active CFG (unchanged) -- this should report that there's nothing to write as the CFG data has not changed -- at 0xC14C0: 1
  flash [0] level 1: Flash sector already contains matching data: skipping write operation.
-----------------------------------------
(re)writing active CFG (unchanged) -- this should report that there's nothing to write as the CFG data has not changed -- at 0xC14C0: 1
  flash [0] level 1: Flash sector already contains matching data: skipping write operation.
-----------------------------------------
(re)writing active CFG (unchanged) -- this should report that there's nothing to write as the CFG data has not changed -- at 0xC14C0: 1
  flash [0] level 1: Flash sector already contains matching data: skipping write operation.
writing an updated CFG at address 0xC14E0: 1
(b0:0,b1:42,i1:1,li2:1234567890123456,i3:-555,iter:167)
Halting... (press RESET button to observe the last written CFG being kept intact in flash storage)






DueFlashStorage: reading/writing a struct from/to flash example (with optimized write: only when change has happened)
Z:\lib\tooling\qiqqa\MuPDF\thirdparty\owemdjee\DueFlashStorage\examples\DueFlashStorageOnlyUsing2ndFlashAreaExample\DueFlashStorageExample.ino


scanning the flash data zone...
Scan results:
last used @ 0xC14E0: (b0:0,b1:42,i1:1,li2:1234567890123456,i3:-555,iter:167)
oldest used @ 0xC0000: (b0:0,b1:42,i1:1,li2:1234567890123456,i3:-555,iter:0)
Inspected 168 slots, out of a total of 8192 potential slots.
writing an updated CFG at address 0xC1500: 1
(b0:0,b1:42,i1:1,li2:1234567890123456,i3:-555,iter:168)
========================================================
(re)writing active CFG (unchanged) -- this should report that there's nothing to write as the CFG data has not changed -- at 0xC1500: 1
  flash [0] level 1: Flash sector already contains matching data: skipping write operation.
-----------------------------------------
(re)writing active CFG (unchanged) -- this should report that there's nothing to write as the CFG data has not changed -- at 0xC1500: 1
  flash [0] level 1: Flash sector already contains matching data: skipping write operation.
writing an updated CFG at address 0xC1520: 1
(b0:0,b1:42,i1:1,li2:1234567890123456,i3:-555,iter:169)
-----------------------------------------
(re)writing active CFG (unchanged) -- this should report that there's nothing to write as the CFG data has not changed -- at 0xC1520: 1
  flash [0] level 1: Flash sector already contains matching data: skipping write operation.
-----------------------------------------
(re)writing active CFG (unchanged) -- this should report that there's nothing to write as the CFG data has not changed -- at 0xC1520: 1
  flash [0] level 1: Flash sector already contains matching data: skipping write operation.
-----------------------------------------
(re)writing active CFG (unchanged) -- this should report that there's nothing to write as the CFG data has not changed -- at 0xC1520: 1
  flash [0] level 1: Flash sector already contains matching data: skipping write operation.
writing an updated CFG at address 0xC1540: 1
(b0:0,b1:42,i1:1,li2:1234567890123456,i3:-555,iter:170)
-----------------------------------------
(re)writing active CFG (unchanged) -- this should report that there's nothing to write as the CFG data has not changed -- at 0xC1540: 1
  flash [0] level 1: Flash sector already contains matching data: skipping write operation.
-----------------------------------------
(re)writing active CFG (unchanged) -- this should report that there's nothing to write as the CFG data has not changed -- at 0xC1540: 1
  flash [0] level 1: Flash sector already contains matching data: skipping write operation.
-----------------------------------------
(re)writing active CFG (unchanged) -- this should report that there's nothing to write as the CFG data has not changed -- at 0xC1540: 1
  flash [0] level 1: Flash sector already contains matching data: skipping write operation.
writing an updated CFG at address 0xC1560: 1
(b0:0,b1:42,i1:1,li2:1234567890123456,i3:-555,iter:171)
-----------------------------------------
(re)writing active CFG (unchanged) -- this should report that there's nothing to write as the CFG data has not changed -- at 0xC1560: 1
  flash [0] level 1: Flash sector already contains matching data: skipping write operation.
-----------------------------------------
(re)writing active CFG (unchanged) -- this should report that there's nothing to write as the CFG data has not changed -- at 0xC1560: 1
  flash [0] level 1: Flash sector already contains matching data: skipping write operation.
-----------------------------------------
(re)writing active CFG (unchanged) -- this should report that there's nothing to write as the CFG data has not changed -- at 0xC1560: 1
  flash [0] level 1: Flash sector already contains matching data: skipping write operation.
writing an updated CFG at address 0xC1580: 1
(b0:0,b1:42,i1:1,li2:1234567890123456,i3:-555,iter:172)
-----------------------------------------
(re)writing active CFG (unchanged) -- this should report that there's nothing to write as the CFG data has not changed -- at 0xC1580: 1
  flash [0] level 1: Flash sector already contains matching data: skipping write operation.
-----------------------------------------
(re)writing active CFG (unchanged) -- this should report that there's nothing to write as the CFG data has not changed -- at 0xC1580: 1
  flash [0] level 1: Flash sector already contains matching data: skipping write operation.
-----------------------------------------
(re)writing active CFG (unchanged) -- this should report that there's nothing to write as the CFG data has not changed -- at 0xC1580: 1
  flash [0] level 1: Flash sector already contains matching data: skipping write operation.
writing an updated CFG at address 0xC15A0: 1
(b0:0,b1:42,i1:1,li2:1234567890123456,i3:-555,iter:173)
-----------------------------------------
(re)writing active CFG (unchanged) -- this should report that there's nothing to write as the CFG data has not changed -- at 0xC15A0: 1
  flash [0] level 1: Flash sector already contains matching data: skipping write operation.
-----------------------------------------
(re)writing active CFG (unchanged) -- this should report that there's nothing to write as the CFG data has not changed -- at 0xC15A0: 1
  flash [0] level 1: Flash sector already contains matching data: skipping write operation.
-----------------------------------------
(re)writing active CFG (unchanged) -- this should report that there's nothing to write as the CFG data has not changed -- at 0xC15A0: 1
  flash [0] level 1: Flash sector already contains matching data: skipping write operation.
writing an updated CFG at address 0xC15C0: 1
(b0:0,b1:42,i1:1,li2:1234567890123456,i3:-555,iter:174)
-----------------------------------------
(re)writing active CFG (unchanged) -- this should report that there's nothing to write as the CFG data has not changed -- at 0xC15C0: 1
  flash [0] level 1: Flash sector already contains matching data: skipping write operation.
-----------------------------------------
(re)writing active CFG (unchanged) -- this should report that there's nothing to write as the CFG data has not changed -- at 0xC15C0: 1
  flash [0] level 1: Flash sector already contains matching data: skipping write operation.
-----------------------------------------
(re)writing active CFG (unchanged) -- this should report that there's nothing to write as the CFG data has not changed -- at 0xC15C0: 1
  flash [0] level 1: Flash sector already contains matching data: skipping write operation.
writing an updated CFG at address 0xC15E0: 1
(b0:0,b1:42,i1:1,li2:1234567890123456,i3:-555,iter:175)
-----------------------------------------
(re)writing active CFG (unchanged) -- this should report that there's nothing to write as the CFG data has not changed -- at 0xC15E0: 1
  flash [0] level 1: Flash sector already contains matching data: skipping write operation.
-----------------------------------------
(re)writing active CFG (unchanged) -- this should report that there's nothing to write as the CFG data has not changed -- at 0xC15E0: 1
  flash [0] level 1: Flash sector already contains matching data: skipping write operation.
-----------------------------------------
(re)writing active CFG (unchanged) -- this should report that there's nothing to write as the CFG data has not changed -- at 0xC15E0: 1
  flash [0] level 1: Flash sector already contains matching data: skipping write operation.
writing an updated CFG at address 0xC1600: 1
(b0:0,b1:42,i1:1,li2:1234567890123456,i3:-555,iter:176)
-----------------------------------------
(re)writing active CFG (unchanged) -- this should report that there's nothing to write as the CFG data has not changed -- at 0xC1600: 1
  flash [0] level 1: Flash sector already contains matching data: skipping write operation.
-----------------------------------------
(re)writing active CFG (unchanged) -- this should report that there's nothing to write as the CFG data has not changed -- at 0xC1600: 1
  flash [0] level 1: Flash sector already contains matching data: skipping write operation.
-----------------------------------------
(re)writing active CFG (unchanged) -- this should report that there's nothing to write as the CFG data has not changed -- at 0xC1600: 1
  flash [0] level 1: Flash sector already contains matching data: skipping write operation.
writing an updated CFG at address 0xC1620: 1
(b0:0,b1:42,i1:1,li2:1234567890123456,i3:-555,iter:177)
-----------------------------------------
(re)writing active CFG (unchanged) -- this should report that there's nothing to write as the CFG data has not changed -- at 0xC1620: 1
  flash [0] level 1: Flash sector already contains matching data: skipping write operation.
-----------------------------------------
(re)writing active CFG (unchanged) -- this should report that there's nothing to write as the CFG data has not changed -- at 0xC1620: 1
  flash [0] level 1: Flash sector already contains matching data: skipping write operation.
-----------------------------------------
(re)writing active CFG (unchanged) -- this should report that there's nothing to write as the CFG data has not changed -- at 0xC1620: 1
  flash [0] level 1: Flash sector already contains matching data: skipping write operation.
writing an updated CFG at address 0xC1640: 1
(b0:0,b1:42,i1:1,li2:1234567890123456,i3:-555,iter:178)
-----------------------------------------
(re)writing active CFG (unchanged) -- this should report that there's nothing to write as the CFG data has not changed -- at 0xC1640: 1
  flash [0] level 1: Flash sector already contains matching data: skipping write operation.
-----------------------------------------
(re)writing active CFG (unchanged) -- this should report that there's nothing to write as the CFG data has not changed -- at 0xC1640: 1
  flash [0] level 1: Flash sector already contains matching data: skipping write operation.
-----------------------------------------
(re)writing active CFG (unchanged) -- this should report that there's nothing to write as the CFG data has not changed -- at 0xC1640: 1
  flash [0] level 1: Flash sector already contains matching data: skipping write operation.
writing an updated CFG at address 0xC1660: 1
(b0:0,b1:42,i1:1,li2:1234567890123456,i3:-555,iter:179)
-----------------------------------------
(re)writing active CFG (unchanged) -- this should report that there's nothing to write as the CFG data has not changed -- at 0xC1660: 1
  flash [0] level 1: Flash sector already contains matching data: skipping write operation.
-----------------------------------------
(re)writing active CFG (unchanged) -- this should report that there's nothing to write as the CFG data has not changed -- at 0xC1660: 1
  flash [0] level 1: Flash sector already contains matching data: skipping write operation.
-----------------------------------------
(re)writing active CFG (unchanged) -- this should report that there's nothing to write as the CFG data has not changed -- at 0xC1660: 1
  flash [0] level 1: Flash sector already contains matching data: skipping write operation.
writing an updated CFG at address 0xC1680: 1
(b0:0,b1:42,i1:1,li2:1234567890123456,i3:-555,iter:180)
-----------------------------------------
(re)writing active CFG (unchanged) -- this should report that there's nothing to write as the CFG data has not changed -- at 0xC1680: 1
  flash [0] level 1: Flash sector already contains matching data: skipping write operation.
-----------------------------------------
(re)writing active CFG (unchanged) -- this should report that there's nothing to write as the CFG data has not changed -- at 0xC1680: 1
  flash [0] level 1: Flash sector already contains matching data: skipping write operation.
-----------------------------------------
(re)writing active CFG (unchanged) -- this should report that there's nothing to write as the CFG data has not changed -- at 0xC1680: 1
  flash [0] level 1: Flash sector already contains matching data: skipping write operation.
writing an updated CFG at address 0xC16A0: 1
(b0:0,b1:42,i1:1,li2:1234567890123456,i3:-555,iter:181)
-----------------------------------------
(re)writing active CFG (unchanged) -- this should report that there's nothing to write as the CFG data has not changed -- at 0xC16A0: 1
  flash [0] level 1: Flash sector already contains matching data: skipping write operation.
-----------------------------------------
(re)writing active CFG (unchanged) -- this should report that there's nothing to write as the CFG data has not changed -- at 0xC16A0: 1
  flash [0] level 1: Flash sector already contains matching data: skipping write operation.
-----------------------------------------
(re)writing active CFG (unchanged) -- this should report that there's nothing to write as the CFG data has not changed -- at 0xC16A0: 1
  flash [0] level 1: Flash sector already contains matching data: skipping write operation.
writing an updated CFG at address 0xC16C0: 1
(b0:0,b1:42,i1:1,li2:1234567890123456,i3:-555,iter:182)
-----------------------------------------
(re)writing active CFG (unchanged) -- this should report that there's nothing to write as the CFG data has not changed -- at 0xC16C0: 1
  flash [0] level 1: Flash sector already contains matching data: skipping write operation.
-----------------------------------------
(re)writing active CFG (unchanged) -- this should report that there's nothing to write as the CFG data has not changed -- at 0xC16C0: 1
  flash [0] level 1: Flash sector already contains matching data: skipping write operation.
-----------------------------------------
(re)writing active CFG (unchanged) -- this should report that there's nothing to write as the CFG data has not changed -- at 0xC16C0: 1
  flash [0] level 1: Flash sector already contains matching data: skipping write operation.
writing an updated CFG at address 0xC16E0: 1
(b0:0,b1:42,i1:1,li2:1234567890123456,i3:-555,iter:183)
-----------------------------------------
(re)writing active CFG (unchanged) -- this should report that there's nothing to write as the CFG data has not changed -- at 0xC16E0: 1
  flash [0] level 1: Flash sector already contains matching data: skipping write operation.
-----------------------------------------
(re)writing active CFG (unchanged) -- this should report that there's nothing to write as the CFG data has not changed -- at 0xC16E0: 1
  flash [0] level 1: Flash sector already contains matching data: skipping write operation.
-----------------------------------------
(re)writing active CFG (unchanged) -- this should report that there's nothing to write as the CFG data has not changed -- at 0xC16E0: 1
  flash [0] level 1: Flash sector already contains matching data: skipping write operation.
writing an updated CFG at address 0xC1700: 1
(b0:0,b1:42,i1:1,li2:1234567890123456,i3:-555,iter:184)
-----------------------------------------
(re)writing active CFG (unchanged) -- this should report that there's nothing to write as the CFG data has not changed -- at 0xC1700: 1
  flash [0] level 1: Flash sector already contains matching data: skipping write operation.
-----------------------------------------
(re)writing active CFG (unchanged) -- this should report that there's nothing to write as the CFG data has not changed -- at 0xC1700: 1
  flash [0] level 1: Flash sector already contains matching data: skipping write operation.
-----------------------------------------
(re)writing active CFG (unchanged) -- this should report that there's nothing to write as the CFG data has not changed -- at 0xC1700: 1
  flash [0] level 1: Flash sector already contains matching data: skipping write operation.
writing an updated CFG at address 0xC1720: 1
(b0:0,b1:42,i1:1,li2:1234567890123456,i3:-555,iter:185)
-----------------------------------------
(re)writing active CFG (unchanged) -- this should report that there's nothing to write as the CFG data has not changed -- at 0xC1720: 1
  flash [0] level 1: Flash sector already contains matching data: skipping write operation.
-----------------------------------------
(re)writing active CFG (unchanged) -- this should report that there's nothing to write as the CFG data has not changed -- at 0xC1720: 1
  flash [0] level 1: Flash sector already contains matching data: skipping write operation.
-----------------------------------------
(re)writing active CFG (unchanged) -- this should report that there's nothing to write as the CFG data has not changed -- at 0xC1720: 1
  flash [0] level 1: Flash sector already contains matching data: skipping write operation.
writing an updated CFG at address 0xC1740: 1
(b0:0,b1:42,i1:1,li2:1234567890123456,i3:-555,iter:186)
-----------------------------------------
(re)writing active CFG (unchanged) -- this should report that there's nothing to write as the CFG data has not changed -- at 0xC1740: 1
  flash [0] level 1: Flash sector already contains matching data: skipping write operation.
-----------------------------------------
(re)writing active CFG (unchanged) -- this should report that there's nothing to write as the CFG data has not changed -- at 0xC1740: 1
  flash [0] level 1: Flash sector already contains matching data: skipping write operation.
-----------------------------------------
(re)writing active CFG (unchanged) -- this should report that there's nothing to write as the CFG data has not changed -- at 0xC1740: 1
  flash [0] level 1: Flash sector already contains matching data: skipping write operation.
writing an updated CFG at address 0xC1760: 1
(b0:0,b1:42,i1:1,li2:1234567890123456,i3:-555,iter:187)
-----------------------------------------
(re)writing active CFG (unchanged) -- this should report that there's nothing to write as the CFG data has not changed -- at 0xC1760: 1
  flash [0] level 1: Flash sector already contains matching data: skipping write operation.
-----------------------------------------
(re)writing active CFG (unchanged) -- this should report that there's nothing to write as the CFG data has not changed -- at 0xC1760: 1
  flash [0] level 1: Flash sector already contains matching data: skipping write operation.
-----------------------------------------
(re)writing active CFG (unchanged) -- this should report that there's nothing to write as the CFG data has not changed -- at 0xC1760: 1
  flash [0] level 1: Flash sector already contains matching data: skipping write operation.
writing an updated CFG at address 0xC1780: 1
(b0:0,b1:42,i1:1,li2:1234567890123456,i3:-555,iter:188)
-----------------------------------------
(re)writing active CFG (unchanged) -- this should report that there's nothing to write as the CFG data has not changed -- at 0xC1780: 1
  flash [0] level 1: Flash sector already contains matching data: skipping write operation.
-----------------------------------------
(re)writing active CFG (unchanged) -- this should report that there's nothing to write as the CFG data has not changed -- at 0xC1780: 1
  flash [0] level 1: Flash sector already contains matching data: skipping write operation.
-----------------------------------------
(re)writing active CFG (unchanged) -- this should report that there's nothing to write as the CFG data has not changed -- at 0xC1780: 1
  flash [0] level 1: Flash sector already contains matching data: skipping write operation.
writing an updated CFG at address 0xC17A0: 1
(b0:0,b1:42,i1:1,li2:1234567890123456,i3:-555,iter:189)
-----------------------------------------
(re)writing active CFG (unchanged) -- this should report that there's nothing to write as the CFG data has not changed -- at 0xC17A0: 1
  flash [0] level 1: Flash sector already contains matching data: skipping write operation.
-----------------------------------------
(re)writing active CFG (unchanged) -- this should report that there's nothing to write as the CFG data has not changed -- at 0xC17A0: 1
  flash [0] level 1: Flash sector already contains matching data: skipping write operation.
-----------------------------------------
(re)writing active CFG (unchanged) -- this should report that there's nothing to write as the CFG data has not changed -- at 0xC17A0: 1
  flash [0] level 1: Flash sector already contains matching data: skipping write operation.
writing an updated CFG at address 0xC17C0: 1
(b0:0,b1:42,i1:1,li2:1234567890123456,i3:-555,iter:190)
-----------------------------------------
(re)writing active CFG (unchanged) -- this should report that there's nothing to write as the CFG data has not changed -- at 0xC17C0: 1
  flash [0] level 1: Flash sector already contains matching data: skipping write operation.
-----------------------------------------
(re)writing active CFG (unchanged) -- this should report that there's nothing to write as the CFG data has not changed -- at 0xC17C0: 1
  flash [0] level 1: Flash sector already contains matching data: skipping write operation.
-----------------------------------------
(re)writing active CFG (unchanged) -- this should report that there's nothing to write as the CFG data has not changed -- at 0xC17C0: 1
  flash [0] level 1: Flash sector already contains matching data: skipping write operation.
writing an updated CFG at address 0xC17E0: 1
(b0:0,b1:42,i1:1,li2:1234567890123456,i3:-555,iter:191)
-----------------------------------------
(re)writing active CFG (unchanged) -- this should report that there's nothing to write as the CFG data has not changed -- at 0xC17E0: 1
  flash [0] level 1: Flash sector already contains matching data: skipping write operation.
-----------------------------------------
(re)writing active CFG (unchanged) -- this should report that there's nothing to write as the CFG data has not changed -- at 0xC17E0: 1
  flash [0] level 1: Flash sector already contains matching data: skipping write operation.
-----------------------------------------
(re)writing active CFG (unchanged) -- this should report that there's nothing to write as the CFG data has not changed -- at 0xC17E0: 1
  flash [0] level 1: Flash sector already contains matching data: skipping write operation.
writing an updated CFG at address 0xC1800: 1
(b0:0,b1:42,i1:1,li2:1234567890123456,i3:-555,iter:192)
-----------------------------------------
(re)writing active CFG (unchanged) -- this should report that there's nothing to write as the CFG data has not changed -- at 0xC1800: 1
  flash [0] level 1: Flash sector already contains matching data: skipping write operation.
-----------------------------------------
(re)writing active CFG (unchanged) -- this should report that there's nothing to write as the CFG data has not changed -- at 0xC1800: 1
  flash [0] level 1: Flash sector already contains matching data: skipping write operation.
-----------------------------------------
(re)writing active CFG (unchanged) -- this should report that there's nothing to write as the CFG data has not changed -- at 0xC1800: 1
  flash [0] level 1: Flash sector already contains matching data: skipping write operation.
writing an updated CFG at address 0xC1820: 1
(b0:0,b1:42,i1:1,li2:1234567890123456,i3:-555,iter:193)
-----------------------------------------
(re)writing active CFG (unchanged) -- this should report that there's nothing to write as the CFG data has not changed -- at 0xC1820: 1
  flash [0] level 1: Flash sector already contains matching data: skipping write operation.
-----------------------------------------
(re)writing active CFG (unchanged) -- this should report that there's nothing to write as the CFG data has not changed -- at 0xC1820: 1
  flash [0] level 1: Flash sector already contains matching data: skipping write operation.
-----------------------------------------
(re)writing active CFG (unchanged) -- this should report that there's nothing to write as the CFG data has not changed -- at 0xC1820: 1
  flash [0] level 1: Flash sector already contains matching data: skipping write operation.
writing an updated CFG at address 0xC1840: 1
(b0:0,b1:42,i1:1,li2:1234567890123456,i3:-555,iter:194)
-----------------------------------------
(re)writing active CFG (unchanged) -- this should report that there's nothing to write as the CFG data has not changed -- at 0xC1840: 1
  flash [0] level 1: Flash sector already contains matching data: skipping write operation.
-----------------------------------------
(re)writing active CFG (unchanged) -- this should report that there's nothing to write as the CFG data has not changed -- at 0xC1840: 1
  flash [0] level 1: Flash sector already contains matching data: skipping write operation.
-----------------------------------------
(re)writing active CFG (unchanged) -- this should report that there's nothing to write as the CFG data has not changed -- at 0xC1840: 1
  flash [0] level 1: Flash sector already contains matching data: skipping write operation.
writing an updated CFG at address 0xC1860: 1
(b0:0,b1:42,i1:1,li2:1234567890123456,i3:-555,iter:195)
-----------------------------------------
(re)writing active CFG (unchanged) -- this should report that there's nothing to write as the CFG data has not changed -- at 0xC1860: 1
  flash [0] level 1: Flash sector already contains matching data: skipping write operation.
-----------------------------------------
(re)writing active CFG (unchanged) -- this should report that there's nothing to write as the CFG data has not changed -- at 0xC1860: 1
  flash [0] level 1: Flash sector already contains matching data: skipping write operation.
-----------------------------------------
(re)writing active CFG (unchanged) -- this should report that there's nothing to write as the CFG data has not changed -- at 0xC1860: 1
  flash [0] level 1: Flash sector already contains matching data: skipping write operation.
writing an updated CFG at address 0xC1880: 1
(b0:0,b1:42,i1:1,li2:1234567890123456,i3:-555,iter:196)
-----------------------------------------
(re)writing active CFG (unchanged) -- this should report that there's nothing to write as the CFG data has not changed -- at 0xC1880: 1
  flash [0] level 1: Flash sector already contains matching data: skipping write operation.
-----------------------------------------
(re)writing active CFG (unchanged) -- this should report that there's nothing to write as the CFG data has not changed -- at 0xC1880: 1
  flash [0] level 1: Flash sector already contains matching data: skipping write operation.
-----------------------------------------
(re)writing active CFG (unchanged) -- this should report that there's nothing to write as the CFG data has not changed -- at 0xC1880: 1
  flash [0] level 1: Flash sector already contains matching data: skipping write operation.
writing an updated CFG at address 0xC18A0: 1
(b0:0,b1:42,i1:1,li2:1234567890123456,i3:-555,iter:197)
-----------------------------------------
(re)writing active CFG (unchanged) -- this should report that there's nothing to write as the CFG data has not changed -- at 0xC18A0: 1
  flash [0] level 1: Flash sector already contains matching data: skipping write operation.
-----------------------------------------
(re)writing active CFG (unchanged) -- this should report that there's nothing to write as the CFG data has not changed -- at 0xC18A0: 1
  flash [0] level 1: Flash sector already contains matching data: skipping write operation.
-----------------------------------------
(re)writing active CFG (unchanged) -- this should report that there's nothing to write as the CFG data has not changed -- at 0xC18A0: 1
  flash [0] level 1: Flash sector already contains matching data: skipping write operation.
writing an updated CFG at address 0xC18C0: 1
(b0:0,b1:42,i1:1,li2:1234567890123456,i3:-555,iter:198)
-----------------------------------------
(re)writing active CFG (unchanged) -- this should report that there's nothing to write as the CFG data has not changed -- at 0xC18C0: 1
  flash [0] level 1: Flash sector already contains matching data: skipping write operation.
-----------------------------------------
(re)writing active CFG (unchanged) -- this should report that there's nothing to write as the CFG data has not changed -- at 0xC18C0: 1
  flash [0] level 1: Flash sector already contains matching data: skipping write operation.
-----------------------------------------
(re)writing active CFG (unchanged) -- this should report that there's nothing to write as the CFG data has not changed -- at 0xC18C0: 1
  flash [0] level 1: Flash sector already contains matching data: skipping write operation.
writing an updated CFG at address 0xC18E0: 1
(b0:0,b1:42,i1:1,li2:1234567890123456,i3:-555,iter:199)
-----------------------------------------
(re)writing active CFG (unchanged) -- this should report that there's nothing to write as the CFG data has not changed -- at 0xC18E0: 1
  flash [0] level 1: Flash sector already contains matching data: skipping write operation.
-----------------------------------------
(re)writing active CFG (unchanged) -- this should report that there's nothing to write as the CFG data has not changed -- at 0xC18E0: 1
  flash [0] level 1: Flash sector already contains matching data: skipping write operation.
-----------------------------------------
(re)writing active CFG (unchanged) -- this should report that there's nothing to write as the CFG data has not changed -- at 0xC18E0: 1
  flash [0] level 1: Flash sector already contains matching data: skipping write operation.
writing an updated CFG at address 0xC1900: 1
(b0:0,b1:42,i1:1,li2:1234567890123456,i3:-555,iter:200)
-----------------------------------------
(re)writing active CFG (unchanged) -- this should report that there's nothing to write as the CFG data has not changed -- at 0xC1900: 1
  flash [0] level 1: Flash sector already contains matching data: skipping write operation.
-----------------------------------------
(re)writing active CFG (unchanged) -- this should report that there's nothing to write as the CFG data has not changed -- at 0xC1900: 1
  flash [0] level 1: Flash sector already contains matching data: skipping write operation.
-----------------------------------------
(re)writing active CFG (unchanged) -- this should report that there's nothing to write as the CFG data has not changed -- at 0xC1900: 1
  flash [0] level 1: Flash sector already contains matching data: skipping write operation.
writing an updated CFG at address 0xC1920: 1
(b0:0,b1:42,i1:1,li2:1234567890123456,i3:-555,iter:201)
-----------------------------------------
(re)writing active CFG (unchanged) -- this should report that there's nothing to write as the CFG data has not changed -- at 0xC1920: 1
  flash [0] level 1: Flash sector already contains matching data: skipping write operation.
-----------------------------------------
(re)writing active CFG (unchanged) -- this should report that there's nothing to write as the CFG data has not changed -- at 0xC1920: 1
  flash [0] level 1: Flash sector already contains matching data: skipping write operation.
-----------------------------------------
(re)writing active CFG (unchanged) -- this should report that there's nothing to write as the CFG data has not changed -- at 0xC1920: 1
  flash [0] level 1: Flash sector already contains matching data: skipping write operation.
writing an updated CFG at address 0xC1940: 1
(b0:0,b1:42,i1:1,li2:1234567890123456,i3:-555,iter:202)
-----------------------------------------
(re)writing active CFG (unchanged) -- this should report that there's nothing to write as the CFG data has not changed -- at 0xC1940: 1
  flash [0] level 1: Flash sector already contains matching data: skipping write operation.
-----------------------------------------
(re)writing active CFG (unchanged) -- this should report that there's nothing to write as the CFG data has not changed -- at 0xC1940: 1
  flash [0] level 1: Flash sector already contains matching data: skipping write operation.
-----------------------------------------
(re)writing active CFG (unchanged) -- this should report that there's nothing to write as the CFG data has not changed -- at 0xC1940: 1
  flash [0] level 1: Flash sector already contains matching data: skipping write operation.
writing an updated CFG at address 0xC1960: 1
(b0:0,b1:42,i1:1,li2:1234567890123456,i3:-555,iter:203)
-----------------------------------------
(re)writing active CFG (unchanged) -- this should report that there's nothing to write as the CFG data has not changed -- at 0xC1960: 1
  flash [0] level 1: Flash sector already contains matching data: skipping write operation.
-----------------------------------------
(re)writing active CFG (unchanged) -- this should report that there's nothing to write as the CFG data has not changed -- at 0xC1960: 1
  flash [0] level 1: Flash sector already contains matching data: skipping write operation.
-----------------------------------------
(re)writing active CFG (unchanged) -- this should report that there's nothing to write as the CFG data has not changed -- at 0xC1960: 1
  flash [0] level 1: Flash sector already contains matching data: skipping write operation.
writing an updated CFG at address 0xC1980: 1
(b0:0,b1:42,i1:1,li2:1234567890123456,i3:-555,iter:204)
-----------------------------------------
(re)writing active CFG (unchanged) -- this should report that there's nothing to write as the CFG data has not changed -- at 0xC1980: 1
  flash [0] level 1: Flash sector already contains matching data: skipping write operation.
-----------------------------------------
(re)writing active CFG (unchanged) -- this should report that there's nothing to write as the CFG data has not changed -- at 0xC1980: 1
  flash [0] level 1: Flash sector already contains matching data: skipping write operation.
-----------------------------------------
(re)writing active CFG (unchanged) -- this should report that there's nothing to write as the CFG data has not changed -- at 0xC1980: 1
  flash [0] level 1: Flash sector already contains matching data: skipping write operation.
writing an updated CFG at address 0xC19A0: 1
(b0:0,b1:42,i1:1,li2:1234567890123456,i3:-555,iter:205)
-----------------------------------------
(re)writing active CFG (unchanged) -- this should report that there's nothing to write as the CFG data has not changed -- at 0xC19A0: 1
  flash [0] level 1: Flash sector already contains matching data: skipping write operation.
-----------------------------------------
(re)writing active CFG (unchanged) -- this should report that there's nothing to write as the CFG data has not changed -- at 0xC19A0: 1
  flash [0] level 1: Flash sector already contains matching data: skipping write operation.
-----------------------------------------
(re)writing active CFG (unchanged) -- this should report that there's nothing to write as the CFG data has not changed -- at 0xC19A0: 1
  flash [0] level 1: Flash sector already contains matching data: skipping write operation.
writing an updated CFG at address 0xC19C0: 1
(b0:0,b1:42,i1:1,li2:1234567890123456,i3:-555,iter:206)
-----------------------------------------
(re)writing active CFG (unchanged) -- this should report that there's nothing to write as the CFG data has not changed -- at 0xC19C0: 1
  flash [0] level 1: Flash sector already contains matching data: skipping write operation.
-----------------------------------------
(re)writing active CFG (unchanged) -- this should report that there's nothing to write as the CFG data has not changed -- at 0xC19C0: 1
  flash [0] level 1: Flash sector already contains matching data: skipping write operation.
-----------------------------------------
(re)writing active CFG (unchanged) -- this should report that there's nothing to write as the CFG data has not changed -- at 0xC19C0: 1
  flash [0] level 1: Flash sector already contains matching data: skipping write operation.
writing an updated CFG at address 0xC19E0: 1
(b0:0,b1:42,i1:1,li2:1234567890123456,i3:-555,iter:207)
-----------------------------------------
(re)writing active CFG (unchanged) -- this should report that there's nothing to write as the CFG data has not changed -- at 0xC19E0: 1
  flash [0] level 1: Flash sector already contains matching data: skipping write operation.
-----------------------------------------
(re)writing active CFG (unchanged) -- this should report that there's nothing to write as the CFG data has not changed -- at 0xC19E0: 1
  flash [0] level 1: Flash sector already contains matching data: skipping write operation.
-----------------------------------------
(re)writing active CFG (unchanged) -- this should report that there's nothing to write as the CFG data has not changed -- at 0xC19E0: 1
  flash [0] level 1: Flash sector already contains matching data: skipping write operation.
writing an updated CFG at address 0xC1A00: 1
(b0:0,b1:42,i1:1,li2:1234567890123456,i3:-555,iter:208)
-----------------------------------------
(re)writing active CFG (unchanged) -- this should report that there's nothing to write as the CFG data has not changed -- at 0xC1A00: 1
  flash [0] level 1: Flash sector already contains matching data: skipping write operation.
-----------------------------------------
(re)writing active CFG (unchanged) -- this should report that there's nothing to write as the CFG data has not changed -- at 0xC1A00: 1
  flash [0] level 1: Flash sector already contains matching data: skipping write operation.
-----------------------------------------
(re)writing active CFG (unchanged) -- this should report that there's nothing to write as the CFG data has not changed -- at 0xC1A00: 1
  flash [0] level 1: Flash sector already contains matching data: skipping write operation.
writing an updated CFG at address 0xC1A20: 1
(b0:0,b1:42,i1:1,li2:1234567890123456,i3:-555,iter:209)
-----------------------------------------
(re)writing active CFG (unchanged) -- this should report that there's nothing to write as the CFG data has not changed -- at 0xC1A20: 1
  flash [0] level 1: Flash sector already contains matching data: skipping write operation.
-----------------------------------------
(re)writing active CFG (unchanged) -- this should report that there's nothing to write as the CFG data has not changed -- at 0xC1A20: 1
  flash [0] level 1: Flash sector already contains matching data: skipping write operation.
-----------------------------------------
(re)writing active CFG (unchanged) -- this should report that there's nothing to write as the CFG data has not changed -- at 0xC1A20: 1
  flash [0] level 1: Flash sector already contains matching data: skipping write operation.
writing an updated CFG at address 0xC1A40: 1
(b0:0,b1:42,i1:1,li2:1234567890123456,i3:-555,iter:210)
-----------------------------------------
(re)writing active CFG (unchanged) -- this should report that there's nothing to write as the CFG data has not changed -- at 0xC1A40: 1
  flash [0] level 1: Flash sector already contains matching data: skipping write operation.
-----------------------------------------
(re)writing active CFG (unchanged) -- this should report that there's nothing to write as the CFG data has not changed -- at 0xC1A40: 1
  flash [0] level 1: Flash sector already contains matching data: skipping write operation.
-----------------------------------------
(re)writing active CFG (unchanged) -- this should report that there's nothing to write as the CFG data has not changed -- at 0xC1A40: 1
  flash [0] level 1: Flash sector already contains matching data: skipping write operation.
writing an updated CFG at address 0xC1A60: 1
(b0:0,b1:42,i1:1,li2:1234567890123456,i3:-555,iter:211)
-----------------------------------------
(re)writing active CFG (unchanged) -- this should report that there's nothing to write as the CFG data has not changed -- at 0xC1A60: 1
  flash [0] level 1: Flash sector already contains matching data: skipping write operation.
-----------------------------------------
(re)writing active CFG (unchanged) -- this should report that there's nothing to write as the CFG data has not changed -- at 0xC1A60: 1
  flash [0] level 1: Flash sector already contains matching data: skipping write operation.
-----------------------------------------
(re)writing active CFG (unchanged) -- this should report that there's nothing to write as the CFG data has not changed -- at 0xC1A60: 1
  flash [0] level 1: Flash sector already contains matching data: skipping write operation.
writing an updated CFG at address 0xC1A80: 1
(b0:0,b1:42,i1:1,li2:1234567890123456,i3:-555,iter:212)
-----------------------------------------
(re)writing active CFG (unchanged) -- this should report that there's nothing to write as the CFG data has not changed -- at 0xC1A80: 1
  flash [0] level 1: Flash sector already contains matching data: skipping write operation.
-----------------------------------------
(re)writing active CFG (unchanged) -- this should report that there's nothing to write as the CFG data has not changed -- at 0xC1A80: 1
  flash [0] level 1: Flash sector already contains matching data: skipping write operation.
-----------------------------------------
(re)writing active CFG (unchanged) -- this should report that there's nothing to write as the CFG data has not changed -- at 0xC1A80: 1
  flash [0] level 1: Flash sector already contains matching data: skipping write operation.
writing an updated CFG at address 0xC1AA0: 1
(b0:0,b1:42,i1:1,li2:1234567890123456,i3:-555,iter:213)
-----------------------------------------
(re)writing active CFG (unchanged) -- this should report that there's nothing to write as the CFG data has not changed -- at 0xC1AA0: 1
  flash [0] level 1: Flash sector already contains matching data: skipping write operation.
-----------------------------------------
(re)writing active CFG (unchanged) -- this should report that there's nothing to write as the CFG data has not changed -- at 0xC1AA0: 1
  flash [0] level 1: Flash sector already contains matching data: skipping write operation.
-----------------------------------------
(re)writing active CFG (unchanged) -- this should report that there's nothing to write as the CFG data has not changed -- at 0xC1AA0: 1
  flash [0] level 1: Flash sector already contains matching data: skipping write operation.
writing an updated CFG at address 0xC1AC0: 1
(b0:0,b1:42,i1:1,li2:1234567890123456,i3:-555,iter:214)
-----------------------------------------
(re)writing active CFG (unchanged) -- this should report that there's nothing to write as the CFG data has not changed -- at 0xC1AC0: 1
  flash [0] level 1: Flash sector already contains matching data: skipping write operation.
-----------------------------------------
(re)writing active CFG (unchanged) -- this should report that there's nothing to write as the CFG data has not changed -- at 0xC1AC0: 1
  flash [0] level 1: Flash sector already contains matching data: skipping write operation.
-----------------------------------------
(re)writing active CFG (unchanged) -- this should report that there's nothing to write as the CFG data has not changed -- at 0xC1AC0: 1
  flash [0] level 1: Flash sector already contains matching data: skipping write operation.
writing an updated CFG at address 0xC1AE0: 1
(b0:0,b1:42,i1:1,li2:1234567890123456,i3:-555,iter:215)
-----------------------------------------
(re)writing active CFG (unchanged) -- this should report that there's nothing to write as the CFG data has not changed -- at 0xC1AE0: 1
  flash [0] level 1: Flash sector already contains matching data: skipping write operation.
-----------------------------------------
(re)writing active CFG (unchanged) -- this should report that there's nothing to write as the CFG data has not changed -- at 0xC1AE0: 1
  flash [0] level 1: Flash sector already contains matching data: skipping write operation.
-----------------------------------------
(re)writing active CFG (unchanged) -- this should report that there's nothing to write as the CFG data has not changed -- at 0xC1AE0: 1
  flash [0] level 1: Flash sector already contains matching data: skipping write operation.
writing an updated CFG at address 0xC1B00: 1
(b0:0,b1:42,i1:1,li2:1234567890123456,i3:-555,iter:216)
-----------------------------------------
(re)writing active CFG (unchanged) -- this should report that there's nothing to write as the CFG data has not changed -- at 0xC1B00: 1
  flash [0] level 1: Flash sector already contains matching data: skipping write operation.
-----------------------------------------
(re)writing active CFG (unchanged) -- this should report that there's nothing to write as the CFG data has not changed -- at 0xC1B00: 1
  flash [0] level 1: Flash sector already contains matching data: skipping write operation.
-----------------------------------------
(re)writing active CFG (unchanged) -- this should report that there's nothing to write as the CFG data has not changed -- at 0xC1B00: 1
  flash [0] level 1: Flash sector already contains matching data: skipping write operation.
writing an updated CFG at address 0xC1B20: 1
(b0:0,b1:42,i1:1,li2:1234567890123456,i3:-555,iter:217)
-----------------------------------------
(re)writing active CFG (unchanged) -- this should report that there's nothing to write as the CFG data has not changed -- at 0xC1B20: 1
  flash [0] level 1: Flash sector already contains matching data: skipping write operation.
-----------------------------------------
(re)writing active CFG (unchanged) -- this should report that there's nothing to write as the CFG data has not changed -- at 0xC1B20: 1
  flash [0] level 1: Flash sector already contains matching data: skipping write operation.
-----------------------------------------
(re)writing active CFG (unchanged) -- this should report that there's nothing to write as the CFG data has not changed -- at 0xC1B20: 1
  flash [0] level 1: Flash sector already contains matching data: skipping write operation.
writing an updated CFG at address 0xC1B40: 1
(b0:0,b1:42,i1:1,li2:1234567890123456,i3:-555,iter:218)
-----------------------------------------
(re)writing active CFG (unchanged) -- this should report that there's nothing to write as the CFG data has not changed -- at 0xC1B40: 1
  flash [0] level 1: Flash sector already contains matching data: skipping write operation.
-----------------------------------------
(re)writing active CFG (unchanged) -- this should report that there's nothing to write as the CFG data has not changed -- at 0xC1B40: 1
  flash [0] level 1: Flash sector already contains matching data: skipping write operation.
-----------------------------------------
(re)writing active CFG (unchanged) -- this should report that there's nothing to write as the CFG data has not changed -- at 0xC1B40: 1
  flash [0] level 1: Flash sector already contains matching data: skipping write operation.
writing an updated CFG at address 0xC1B60: 1
(b0:0,b1:42,i1:1,li2:1234567890123456,i3:-555,iter:219)
-----------------------------------------
(re)writing active CFG (unchanged) -- this should report that there's nothing to write as the CFG data has not changed -- at 0xC1B60: 1
  flash [0] level 1: Flash sector already contains matching data: skipping write operation.
-----------------------------------------
(re)writing active CFG (unchanged) -- this should report that there's nothing to write as the CFG data has not changed -- at 0xC1B60: 1
  flash [0] level 1: Flash sector already contains matching data: skipping write operation.
-----------------------------------------
(re)writing active CFG (unchanged) -- this should report that there's nothing to write as the CFG data has not changed -- at 0xC1B60: 1
  flash [0] level 1: Flash sector already contains matching data: skipping write operation.
writing an updated CFG at address 0xC1B80: 1
(b0:0,b1:42,i1:1,li2:1234567890123456,i3:-555,iter:220)
-----------------------------------------
(re)writing active CFG (unchanged) -- this should report that there's nothing to write as the CFG data has not changed -- at 0xC1B80: 1
  flash [0] level 1: Flash sector already contains matching data: skipping write operation.
-----------------------------------------
(re)writing active CFG (unchanged) -- this should report that there's nothing to write as the CFG data has not changed -- at 0xC1B80: 1
  flash [0] level 1: Flash sector already contains matching data: skipping write operation.
-----------------------------------------
(re)writing active CFG (unchanged) -- this should report that there's nothing to write as the CFG data has not changed -- at 0xC1B80: 1
  flash [0] level 1: Flash sector already contains matching data: skipping write operation.
writing an updated CFG at address 0xC1BA0: 1
(b0:0,b1:42,i1:1,li2:1234567890123456,i3:-555,iter:221)
-----------------------------------------
(re)writing active CFG (unchanged) -- this should report that there's nothing to write as the CFG data has not changed -- at 0xC1BA0: 1
  flash [0] level 1: Flash sector already contains matching data: skipping write operation.
-----------------------------------------
(re)writing active CFG (unchanged) -- this should report that there's nothing to write as the CFG data has not changed -- at 0xC1BA0: 1
  flash [0] level 1: Flash sector already contains matching data: skipping write operation.
-----------------------------------------
(re)writing active CFG (unchanged) -- this should report that there's nothing to write as the CFG data has not changed -- at 0xC1BA0: 1
  flash [0] level 1: Flash sector already contains matching data: skipping write operation.
writing an updated CFG at address 0xC1BC0: 1
(b0:0,b1:42,i1:1,li2:1234567890123456,i3:-555,iter:222)
-----------------------------------------
(re)writing active CFG (unchanged) -- this should report that there's nothing to write as the CFG data has not changed -- at 0xC1BC0: 1
  flash [0] level 1: Flash sector already contains matching data: skipping write operation.
-----------------------------------------
(re)writing active CFG (unchanged) -- this should report that there's nothing to write as the CFG data has not changed -- at 0xC1BC0: 1
  flash [0] level 1: Flash sector already contains matching data: skipping write operation.
-----------------------------------------
(re)writing active CFG (unchanged) -- this should report that there's nothing to write as the CFG data has not changed -- at 0xC1BC0: 1
  flash [0] level 1: Flash sector already contains matching data: skipping write operation.
writing an updated CFG at address 0xC1BE0: 1
(b0:0,b1:42,i1:1,li2:1234567890123456,i3:-555,iter:223)
-----------------------------------------
(re)writing active CFG (unchanged) -- this should report that there's nothing to write as the CFG data has not changed -- at 0xC1BE0: 1
  flash [0] level 1: Flash sector already contains matching data: skipping write operation.
-----------------------------------------
(re)writing active CFG (unchanged) -- this should report that there's nothing to write as the CFG data has not changed -- at 0xC1BE0: 1
  flash [0] level 1: Flash sector already contains matching data: skipping write operation.
-----------------------------------------
(re)writing active CFG (unchanged) -- this should report that there's nothing to write as the CFG data has not changed -- at 0xC1BE0: 1
  flash [0] level 1: Flash sector already contains matching data: skipping write operation.
writing an updated CFG at address 0xC1C00: 1
(b0:0,b1:42,i1:1,li2:1234567890123456,i3:-555,iter:224)
-----------------------------------------
(re)writing active CFG (unchanged) -- this should report that there's nothing to write as the CFG data has not changed -- at 0xC1C00: 1
  flash [0] level 1: Flash sector already contains matching data: skipping write operation.
-----------------------------------------
(re)writing active CFG (unchanged) -- this should report that there's nothing to write as the CFG data has not changed -- at 0xC1C00: 1
  flash [0] level 1: Flash sector already contains matching data: skipping write operation.
-----------------------------------------
(re)writing active CFG (unchanged) -- this should report that there's nothing to write as the CFG data has not changed -- at 0xC1C00: 1
  flash [0] level 1: Flash sector already contains matching data: skipping write operation.
writing an updated CFG at address 0xC1C20: 1
(b0:0,b1:42,i1:1,li2:1234567890123456,i3:-555,iter:225)
-----------------------------------------
(re)writing active CFG (unchanged) -- this should report that there's nothing to write as the CFG data has not changed -- at 0xC1C20: 1
  flash [0] level 1: Flash sector already contains matching data: skipping write operation.
-----------------------------------------
(re)writing active CFG (unchanged) -- this should report that there's nothing to write as the CFG data has not changed -- at 0xC1C20: 1
  flash [0] level 1: Flash sector already contains matching data: skipping write operation.
-----------------------------------------
(re)writing active CFG (unchanged) -- this should report that there's nothing to write as the CFG data has not changed -- at 0xC1C20: 1
  flash [0] level 1: Flash sector already contains matching data: skipping write operation.
writing an updated CFG at address 0xC1C40: 1
(b0:0,b1:42,i1:1,li2:1234567890123456,i3:-555,iter:226)
-----------------------------------------
(re)writing active CFG (unchanged) -- this should report that there's nothing to write as the CFG data has not changed -- at 0xC1C40: 1
  flash [0] level 1: Flash sector already contains matching data: skipping write operation.
-----------------------------------------
(re)writing active CFG (unchanged) -- this should report that there's nothing to write as the CFG data has not changed -- at 0xC1C40: 1
  flash [0] level 1: Flash sector already contains matching data: skipping write operation.
-----------------------------------------
(re)writing active CFG (unchanged) -- this should report that there's nothing to write as the CFG data has not changed -- at 0xC1C40: 1
  flash [0] level 1: Flash sector already contains matching data: skipping write operation.
writing an updated CFG at address 0xC1C60: 1
(b0:0,b1:42,i1:1,li2:1234567890123456,i3:-555,iter:227)
-----------------------------------------
(re)writing active CFG (unchanged) -- this should report that there's nothing to write as the CFG data has not changed -- at 0xC1C60: 1
  flash [0] level 1: Flash sector already contains matching data: skipping write operation.
-----------------------------------------
(re)writing active CFG (unchanged) -- this should report that there's nothing to write as the CFG data has not changed -- at 0xC1C60: 1
  flash [0] level 1: Flash sector already contains matching data: skipping write operation.
-----------------------------------------
(re)writing active CFG (unchanged) -- this should report that there's nothing to write as the CFG data has not changed -- at 0xC1C60: 1
  flash [0] level 1: Flash sector already contains matching data: skipping write operation.
writing an updated CFG at address 0xC1C80: 1
(b0:0,b1:42,i1:1,li2:1234567890123456,i3:-555,iter:228)
-----------------------------------------
(re)writing active CFG (unchanged) -- this should report that there's nothing to write as the CFG data has not changed -- at 0xC1C80: 1
  flash [0] level 1: Flash sector already contains matching data: skipping write operation.
-----------------------------------------
(re)writing active CFG (unchanged) -- this should report that there's nothing to write as the CFG data has not changed -- at 0xC1C80: 1
  flash [0] level 1: Flash sector already contains matching data: skipping write operation.
-----------------------------------------
(re)writing active CFG (unchanged) -- this should report that there's nothing to write as the CFG data has not changed -- at 0xC1C80: 1
  flash [0] level 1: Flash sector already contains matching data: skipping write operation.
writing an updated CFG at address 0xC1CA0: 1
(b0:0,b1:42,i1:1,li2:1234567890123456,i3:-555,iter:229)
-----------------------------------------
(re)writing active CFG (unchanged) -- this should report that there's nothing to write as the CFG data has not changed -- at 0xC1CA0: 1
  flash [0] level 1: Flash sector already contains matching data: skipping write operation.
-----------------------------------------
(re)writing active CFG (unchanged) -- this should report that there's nothing to write as the CFG data has not changed -- at 0xC1CA0: 1
  flash [0] level 1: Flash sector already contains matching data: skipping write operation.
-----------------------------------------
(re)writing active CFG (unchanged) -- this should report that there's nothing to write as the CFG data has not changed -- at 0xC1CA0: 1
  flash [0] level 1: Flash sector already contains matching data: skipping write operation.
writing an updated CFG at address 0xC1CC0: 1
(b0:0,b1:42,i1:1,li2:1234567890123456,i3:-555,iter:230)
-----------------------------------------
(re)writing active CFG (unchanged) -- this should report that there's nothing to write as the CFG data has not changed -- at 0xC1CC0: 1
  flash [0] level 1: Flash sector already contains matching data: skipping write operation.
-----------------------------------------
(re)writing active CFG (unchanged) -- this should report that there's nothing to write as the CFG data has not changed -- at 0xC1CC0: 1
  flash [0] level 1: Flash sector already contains matching data: skipping write operation.
-----------------------------------------
(re)writing active CFG (unchanged) -- this should report that there's nothing to write as the CFG data has not changed -- at 0xC1CC0: 1
  flash [0] level 1: Flash sector already contains matching data: skipping write operation.
writing an updated CFG at address 0xC1CE0: 1
(b0:0,b1:42,i1:1,li2:1234567890123456,i3:-555,iter:231)
-----------------------------------------
(re)writing active CFG (unchanged) -- this should report that there's nothing to write as the CFG data has not changed -- at 0xC1CE0: 1
  flash [0] level 1: Flash sector already contains matching data: skipping write operation.
-----------------------------------------
(re)writing active CFG (unchanged) -- this should report that there's nothing to write as the CFG data has not changed -- at 0xC1CE0: 1
  flash [0] level 1: Flash sector already contains matching data: skipping write operation.
-----------------------------------------
(re)writing active CFG (unchanged) -- this should report that there's nothing to write as the CFG data has not changed -- at 0xC1CE0: 1
  flash [0] level 1: Flash sector already contains matching data: skipping write operation.
writing an updated CFG at address 0xC1D00: 1
(b0:0,b1:42,i1:1,li2:1234567890123456,i3:-555,iter:232)
-----------------------------------------
(re)writing active CFG (unchanged) -- this should report that there's nothing to write as the CFG data has not changed -- at 0xC1D00: 1
  flash [0] level 1: Flash sector already contains matching data: skipping write operation.
-----------------------------------------
(re)writing active CFG (unchanged) -- this should report that there's nothing to write as the CFG data has not changed -- at 0xC1D00: 1
  flash [0] level 1: Flash sector already contains matching data: skipping write operation.
-----------------------------------------
(re)writing active CFG (unchanged) -- this should report that there's nothing to write as the CFG data has not changed -- at 0xC1D00: 1
  flash [0] level 1: Flash sector already contains matching data: skipping write operation.
writing an updated CFG at address 0xC1D20: 1
(b0:0,b1:42,i1:1,li2:1234567890123456,i3:-555,iter:233)
-----------------------------------------
(re)writing active CFG (unchanged) -- this should report that there's nothing to write as the CFG data has not changed -- at 0xC1D20: 1
  flash [0] level 1: Flash sector already contains matching data: skipping write operation.
-----------------------------------------
(re)writing active CFG (unchanged) -- this should report that there's nothing to write as the CFG data has not changed -- at 0xC1D20: 1
  flash [0] level 1: Flash sector already contains matching data: skipping write operation.
-----------------------------------------
(re)writing active CFG (unchanged) -- this should report that there's nothing to write as the CFG data has not changed -- at 0xC1D20: 1
  flash [0] level 1: Flash sector already contains matching data: skipping write operation.
writing an updated CFG at address 0xC1D40: 1
(b0:0,b1:42,i1:1,li2:1234567890123456,i3:-555,iter:234)
-----------------------------------------
(re)writing active CFG (unchanged) -- this should report that there's nothing to write as the CFG data has not changed -- at 0xC1D40: 1
  flash [0] level 1: Flash sector already contains matching data: skipping write operation.
-----------------------------------------
(re)writing active CFG (unchanged) -- this should report that there's nothing to write as the CFG data has not changed -- at 0xC1D40: 1
  flash [0] level 1: Flash sector already contains matching data: skipping write operation.
-----------------------------------------
(re)writing active CFG (unchanged) -- this should report that there's nothing to write as the CFG data has not changed -- at 0xC1D40: 1
  flash [0] level 1: Flash sector already contains matching data: skipping write operation.
writing an updated CFG at address 0xC1D60: 1
(b0:0,b1:42,i1:1,li2:1234567890123456,i3:-555,iter:235)
-----------------------------------------
(re)writing active CFG (unchanged) -- this should report that there's nothing to write as the CFG data has not changed -- at 0xC1D60: 1
  flash [0] level 1: Flash sector already contains matching data: skipping write operation.
-----------------------------------------
(re)writing active CFG (unchanged) -- this should report that there's nothing to write as the CFG data has not changed -- at 0xC1D60: 1
  flash [0] level 1: Flash sector already contains matching data: skipping write operation.
-----------------------------------------
(re)writing active CFG (unchanged) -- this should report that there's nothing to write as the CFG data has not changed -- at 0xC1D60: 1
  flash [0] level 1: Flash sector already contains matching data: skipping write operation.
writing an updated CFG at address 0xC1D80: 1
(b0:0,b1:42,i1:1,li2:1234567890123456,i3:-555,iter:236)
-----------------------------------------
(re)writing active CFG (unchanged) -- this should report that there's nothing to write as the CFG data has not changed -- at 0xC1D80: 1
  flash [0] level 1: Flash sector already contains matching data: skipping write operation.
-----------------------------------------
(re)writing active CFG (unchanged) -- this should report that there's nothing to write as the CFG data has not changed -- at 0xC1D80: 1
  flash [0] level 1: Flash sector already contains matching data: skipping write operation.
-----------------------------------------
(re)writing active CFG (unchanged) -- this should report that there's nothing to write as the CFG data has not changed -- at 0xC1D80: 1
  flash [0] level 1: Flash sector already contains matching data: skipping write operation.
writing an updated CFG at address 0xC1DA0: 1
(b0:0,b1:42,i1:1,li2:1234567890123456,i3:-555,iter:237)
-----------------------------------------
(re)writing active CFG (unchanged) -- this should report that there's nothing to write as the CFG data has not changed -- at 0xC1DA0: 1
  flash [0] level 1: Flash sector already contains matching data: skipping write operation.
-----------------------------------------
(re)writing active CFG (unchanged) -- this should report that there's nothing to write as the CFG data has not changed -- at 0xC1DA0: 1
  flash [0] level 1: Flash sector already contains matching data: skipping write operation.
-----------------------------------------
(re)writing active CFG (unchanged) -- this should report that there's nothing to write as the CFG data has not changed -- at 0xC1DA0: 1
  flash [0] level 1: Flash sector already contains matching data: skipping write operation.
writing an updated CFG at address 0xC1DC0: 1
(b0:0,b1:42,i1:1,li2:1234567890123456,i3:-555,iter:238)
-----------------------------------------
(re)writing active CFG (unchanged) -- this should report that there's nothing to write as the CFG data has not changed -- at 0xC1DC0: 1
  flash [0] level 1: Flash sector already contains matching data: skipping write operation.
-----------------------------------------
(re)writing active CFG (unchanged) -- this should report that there's nothing to write as the CFG data has not changed -- at 0xC1DC0: 1
  flash [0] level 1: Flash sector already contains matching data: skipping write operation.
-----------------------------------------
(re)writing active CFG (unchanged) -- this should report that there's nothing to write as the CFG data has not changed -- at 0xC1DC0: 1
  flash [0] level 1: Flash sector already contains matching data: skipping write operation.
writing an updated CFG at address 0xC1DE0: 1
(b0:0,b1:42,i1:1,li2:1234567890123456,i3:-555,iter:239)
-----------------------------------------
(re)writing active CFG (unchanged) -- this should report that there's nothing to write as the CFG data has not changed -- at 0xC1DE0: 1
  flash [0] level 1: Flash sector already contains matching data: skipping write operation.
-----------------------------------------
(re)writing active CFG (unchanged) -- this should report that there's nothing to write as the CFG data has not changed -- at 0xC1DE0: 1
  flash [0] level 1: Flash sector already contains matching data: skipping write operation.
-----------------------------------------
(re)writing active CFG (unchanged) -- this should report that there's nothing to write as the CFG data has not changed -- at 0xC1DE0: 1
  flash [0] level 1: Flash sector already contains matching data: skipping write operation.
writing an updated CFG at address 0xC1E00: 1
(b0:0,b1:42,i1:1,li2:1234567890123456,i3:-555,iter:240)
-----------------------------------------
(re)writing active CFG (unchanged) -- this should report that there's nothing to write as the CFG data has not changed -- at 0xC1E00: 1
  flash [0] level 1: Flash sector already contains matching data: skipping write operation.
-----------------------------------------
(re)writing active CFG (unchanged) -- this should report that there's nothing to write as the CFG data has not changed -- at 0xC1E00: 1
  flash [0] level 1: Flash sector already contains matching data: skipping write operation.
-----------------------------------------
(re)writing active CFG (unchanged) -- this should report that there's nothing to write as the CFG data has not changed -- at 0xC1E00: 1
  flash [0] level 1: Flash sector already contains matching data: skipping write operation.
writing an updated CFG at address 0xC1E20: 1
(b0:0,b1:42,i1:1,li2:1234567890123456,i3:-555,iter:241)
-----------------------------------------
(re)writing active CFG (unchanged) -- this should report that there's nothing to write as the CFG data has not changed -- at 0xC1E20: 1
  flash [0] level 1: Flash sector already contains matching data: skipping write operation.
-----------------------------------------
(re)writing active CFG (unchanged) -- this should report that there's nothing to write as the CFG data has not changed -- at 0xC1E20: 1
  flash [0] level 1: Flash sector already contains matching data: skipping write operation.
-----------------------------------------
(re)writing active CFG (unchanged) -- this should report that there's nothing to write as the CFG data has not changed -- at 0xC1E20: 1
  flash [0] level 1: Flash sector already contains matching data: skipping write operation.
writing an updated CFG at address 0xC1E40: 1
(b0:0,b1:42,i1:1,li2:1234567890123456,i3:-555,iter:242)
-----------------------------------------
(re)writing active CFG (unchanged) -- this should report that there's nothing to write as the CFG data has not changed -- at 0xC1E40: 1
  flash [0] level 1: Flash sector already contains matching data: skipping write operation.
-----------------------------------------
(re)writing active CFG (unchanged) -- this should report that there's nothing to write as the CFG data has not changed -- at 0xC1E40: 1
  flash [0] level 1: Flash sector already contains matching data: skipping write operation.
-----------------------------------------
(re)writing active CFG (unchanged) -- this should report that there's nothing to write as the CFG data has not changed -- at 0xC1E40: 1
  flash [0] level 1: Flash sector already contains matching data: skipping write operation.
writing an updated CFG at address 0xC1E60: 1
(b0:0,b1:42,i1:1,li2:1234567890123456,i3:-555,iter:243)
-----------------------------------------
(re)writing active CFG (unchanged) -- this should report that there's nothing to write as the CFG data has not changed -- at 0xC1E60: 1
  flash [0] level 1: Flash sector already contains matching data: skipping write operation.
-----------------------------------------
(re)writing active CFG (unchanged) -- this should report that there's nothing to write as the CFG data has not changed -- at 0xC1E60: 1
  flash [0] level 1: Flash sector already contains matching data: skipping write operation.
-----------------------------------------
(re)writing active CFG (unchanged) -- this should report that there's nothing to write as the CFG data has not changed -- at 0xC1E60: 1
  flash [0] level 1: Flash sector already contains matching data: skipping write operation.
writing an updated CFG at address 0xC1E80: 1
(b0:0,b1:42,i1:1,li2:1234567890123456,i3:-555,iter:244)
-----------------------------------------
(re)writing active CFG (unchanged) -- this should report that there's nothing to write as the CFG data has not changed -- at 0xC1E80: 1
  flash [0] level 1: Flash sector already contains matching data: skipping write operation.
-----------------------------------------
(re)writing active CFG (unchanged) -- this should report that there's nothing to write as the CFG data has not changed -- at 0xC1E80: 1
  flash [0] level 1: Flash sector already contains matching data: skipping write operation.
-----------------------------------------
(re)writing active CFG (unchanged) -- this should report that there's nothing to write as the CFG data has not changed -- at 0xC1E80: 1
  flash [0] level 1: Flash sector already contains matching data: skipping write operation.
writing an updated CFG at address 0xC1EA0: 1
(b0:0,b1:42,i1:1,li2:1234567890123456,i3:-555,iter:245)
-----------------------------------------
(re)writing active CFG (unchanged) -- this should report that there's nothing to write as the CFG data has not changed -- at 0xC1EA0: 1
  flash [0] level 1: Flash sector already contains matching data: skipping write operation.
-----------------------------------------
(re)writing active CFG (unchanged) -- this should report that there's nothing to write as the CFG data has not changed -- at 0xC1EA0: 1
  flash [0] level 1: Flash sector already contains matching data: skipping write operation.
-----------------------------------------
(re)writing active CFG (unchanged) -- this should report that there's nothing to write as the CFG data has not changed -- at 0xC1EA0: 1
  flash [0] level 1: Flash sector already contains matching data: skipping write operation.
writing an updated CFG at address 0xC1EC0: 1
(b0:0,b1:42,i1:1,li2:1234567890123456,i3:-555,iter:246)
-----------------------------------------
(re)writing active CFG (unchanged) -- this should report that there's nothing to write as the CFG data has not changed -- at 0xC1EC0: 1
  flash [0] level 1: Flash sector already contains matching data: skipping write operation.
-----------------------------------------
(re)writing active CFG (unchanged) -- this should report that there's nothing to write as the CFG data has not changed -- at 0xC1EC0: 1
  flash [0] level 1: Flash sector already contains matching data: skipping write operation.
-----------------------------------------
(re)writing active CFG (unchanged) -- this should report that there's nothing to write as the CFG data has not changed -- at 0xC1EC0: 1
  flash [0] level 1: Flash sector already contains matching data: skipping write operation.
writing an updated CFG at address 0xC1EE0: 1
(b0:0,b1:42,i1:1,li2:1234567890123456,i3:-555,iter:247)
-----------------------------------------
(re)writing active CFG (unchanged) -- this should report that there's nothing to write as the CFG data has not changed -- at 0xC1EE0: 1
  flash [0] level 1: Flash sector already contains matching data: skipping write operation.
-----------------------------------------
(re)writing active CFG (unchanged) -- this should report that there's nothing to write as the CFG data has not changed -- at 0xC1EE0: 1
  flash [0] level 1: Flash sector already contains matching data: skipping write operation.
-----------------------------------------
(re)writing active CFG (unchanged) -- this should report that there's nothing to write as the CFG data has not changed -- at 0xC1EE0: 1
  flash [0] level 1: Flash sector already contains matching data: skipping write operation.
writing an updated CFG at address 0xC1F00: 1
(b0:0,b1:42,i1:1,li2:1234567890123456,i3:-555,iter:248)
-----------------------------------------
(re)writing active CFG (unchanged) -- this should report that there's nothing to write as the CFG data has not changed -- at 0xC1F00: 1
  flash [0] level 1: Flash sector already contains matching data: skipping write operation.
-----------------------------------------
(re)writing active CFG (unchanged) -- this should report that there's nothing to write as the CFG data has not changed -- at 0xC1F00: 1
  flash [0] level 1: Flash sector already contains matching data: skipping write operation.
-----------------------------------------
(re)writing active CFG (unchanged) -- this should report that there's nothing to write as the CFG data has not changed -- at 0xC1F00: 1
  flash [0] level 1: Flash sector already contains matching data: skipping write operation.
writing an updated CFG at address 0xC1F20: 1
(b0:0,b1:42,i1:1,li2:1234567890123456,i3:-555,iter:249)
-----------------------------------------
(re)writing active CFG (unchanged) -- this should report that there's nothing to write as the CFG data has not changed -- at 0xC1F20: 1
  flash [0] level 1: Flash sector already contains matching data: skipping write operation.
-----------------------------------------
(re)writing active CFG (unchanged) -- this should report that there's nothing to write as the CFG data has not changed -- at 0xC1F20: 1
  flash [0] level 1: Flash sector already contains matching data: skipping write operation.
-----------------------------------------
(re)writing active CFG (unchanged) -- this should report that there's nothing to write as the CFG data has not changed -- at 0xC1F20: 1
  flash [0] level 1: Flash sector already contains matching data: skipping write operation.
writing an updated CFG at address 0xC1F40: 1
(b0:0,b1:42,i1:1,li2:1234567890123456,i3:-555,iter:250)
-----------------------------------------
(re)writing active CFG (unchanged) -- this should report that there's nothing to write as the CFG data has not changed -- at 0xC1F40: 1
  flash [0] level 1: Flash sector already contains matching data: skipping write operation.
-----------------------------------------
(re)writing active CFG (unchanged) -- this should report that there's nothing to write as the CFG data has not changed -- at 0xC1F40: 1
  flash [0] level 1: Flash sector already contains matching data: skipping write operation.
-----------------------------------------
(re)writing active CFG (unchanged) -- this should report that there's nothing to write as the CFG data has not changed -- at 0xC1F40: 1
  flash [0] level 1: Flash sector already contains matching data: skipping write operation.
writing an updated CFG at address 0xC1F60: 1
(b0:0,b1:42,i1:1,li2:1234567890123456,i3:-555,iter:251)
-----------------------------------------
(re)writing active CFG (unchanged) -- this should report that there's nothing to write as the CFG data has not changed -- at 0xC1F60: 1
  flash [0] level 1: Flash sector already contains matching data: skipping write operation.
-----------------------------------------
(re)writing active CFG (unchanged) -- this should report that there's nothing to write as the CFG data has not changed -- at 0xC1F60: 1
  flash [0] level 1: Flash sector already contains matching data: skipping write operation.
-----------------------------------------
(re)writing active CFG (unchanged) -- this should report that there's nothing to write as the CFG data has not changed -- at 0xC1F60: 1
  flash [0] level 1: Flash sector already contains matching data: skipping write operation.
writing an updated CFG at address 0xC1F80: 1
(b0:0,b1:42,i1:1,li2:1234567890123456,i3:-555,iter:252)
-----------------------------------------
(re)writing active CFG (unchanged) -- this should report that there's nothing to write as the CFG data has not changed -- at 0xC1F80: 1
  flash [0] level 1: Flash sector already contains matching data: skipping write operation.
-----------------------------------------
(re)writing active CFG (unchanged) -- this should report that there's nothing to write as the CFG data has not changed -- at 0xC1F80: 1
  flash [0] level 1: Flash sector already contains matching data: skipping write operation.
-----------------------------------------
(re)writing active CFG (unchanged) -- this should report that there's nothing to write as the CFG data has not changed -- at 0xC1F80: 1
  flash [0] level 1: Flash sector already contains matching data: skipping write operation.
writing an updated CFG at address 0xC1FA0: 1
(b0:0,b1:42,i1:1,li2:1234567890123456,i3:-555,iter:253)
-----------------------------------------
(re)writing active CFG (unchanged) -- this should report that there's nothing to write as the CFG data has not changed -- at 0xC1FA0: 1
  flash [0] level 1: Flash sector already contains matching data: skipping write operation.
-----------------------------------------
(re)writing active CFG (unchanged) -- this should report that there's nothing to write as the CFG data has not changed -- at 0xC1FA0: 1
  flash [0] level 1: Flash sector already contains matching data: skipping write operation.
-----------------------------------------
(re)writing active CFG (unchanged) -- this should report that there's nothing to write as the CFG data has not changed -- at 0xC1FA0: 1
  flash [0] level 1: Flash sector already contains matching data: skipping write operation.
writing an updated CFG at address 0xC1FC0: 1
(b0:0,b1:42,i1:1,li2:1234567890123456,i3:-555,iter:254)
-----------------------------------------
(re)writing active CFG (unchanged) -- this should report that there's nothing to write as the CFG data has not changed -- at 0xC1FC0: 1
  flash [0] level 1: Flash sector already contains matching data: skipping write operation.
-----------------------------------------
(re)writing active CFG (unchanged) -- this should report that there's nothing to write as the CFG data has not changed -- at 0xC1FC0: 1
  flash [0] level 1: Flash sector already contains matching data: skipping write operation.
-----------------------------------------
(re)writing active CFG (unchanged) -- this should report that there's nothing to write as the CFG data has not changed -- at 0xC1FC0: 1
  flash [0] level 1: Flash sector already contains matching data: skipping write operation.
writing an updated CFG at address 0xC1FE0: 1
(b0:0,b1:42,i1:1,li2:1234567890123456,i3:-555,iter:255)
-----------------------------------------
(re)writing active CFG (unchanged) -- this should report that there's nothing to write as the CFG data has not changed -- at 0xC1FE0: 1
  flash [0] level 1: Flash sector already contains matching data: skipping write operation.
-----------------------------------------
(re)writing active CFG (unchanged) -- this should report that there's nothing to write as the CFG data has not changed -- at 0xC1FE0: 1
  flash [0] level 1: Flash sector already contains matching data: skipping write operation.
-----------------------------------------
(re)writing active CFG (unchanged) -- this should report that there's nothing to write as the CFG data has not changed -- at 0xC1FE0: 1
  flash [0] level 1: Flash sector already contains matching data: skipping write operation.
writing an updated CFG at address 0xC2000: 1
(b0:0,b1:42,i1:1,li2:1234567890123456,i3:-555,iter:256)
-----------------------------------------
(re)writing active CFG (unchanged) -- this should report that there's nothing to write as the CFG data has not changed -- at 0xC2000: 1
  flash [0] level 1: Flash sector already contains matching data: skipping write operation.
-----------------------------------------
(re)writing active CFG (unchanged) -- this should report that there's nothing to write as the CFG data has not changed -- at 0xC2000: 1
  flash [0] level 1: Flash sector already contains matching data: skipping write operation.
-----------------------------------------
(re)writing active CFG (unchanged) -- this should report that there's nothing to write as the CFG data has not changed -- at 0xC2000: 1
  flash [0] level 1: Flash sector already contains matching data: skipping write operation.
writing an updated CFG at address 0xC2020: 1
(b0:0,b1:42,i1:1,li2:1234567890123456,i3:-555,iter:257)
-----------------------------------------
(re)writing active CFG (unchanged) -- this should report that there's nothing to write as the CFG data has not changed -- at 0xC2020: 1
  flash [0] level 1: Flash sector already contains matching data: skipping write operation.
-----------------------------------------
(re)writing active CFG (unchanged) -- this should report that there's nothing to write as the CFG data has not changed -- at 0xC2020: 1
  flash [0] level 1: Flash sector already contains matching data: skipping write operation.
-----------------------------------------
(re)writing active CFG (unchanged) -- this should report that there's nothing to write as the CFG data has not changed -- at 0xC2020: 1
  flash [0] level 1: Flash sector already contains matching data: skipping write operation.
writing an updated CFG at address 0xC2040: 1
(b0:0,b1:42,i1:1,li2:1234567890123456,i3:-555,iter:258)
-----------------------------------------
(re)writing active CFG (unchanged) -- this should report that there's nothing to write as the CFG data has not changed -- at 0xC2040: 1
  flash [0] level 1: Flash sector already contains matching data: skipping write operation.
-----------------------------------------
(re)writing active CFG (unchanged) -- this should report that there's nothing to write as the CFG data has not changed -- at 0xC2040: 1
  flash [0] level 1: Flash sector already contains matching data: skipping write operation.
-----------------------------------------
(re)writing active CFG (unchanged) -- this should report that there's nothing to write as the CFG data has not changed -- at 0xC2040: 1
  flash [0] level 1: Flash sector already contains matching data: skipping write operation.
writing an updated CFG at address 0xC2060: 1
(b0:0,b1:42,i1:1,li2:1234567890123456,i3:-555,iter:259)
-----------------------------------------
(re)writing active CFG (unchanged) -- this should report that there's nothing to write as the CFG data has not changed -- at 0xC2060: 1
  flash [0] level 1: Flash sector already contains matching data: skipping write operation.
-----------------------------------------
(re)writing active CFG (unchanged) -- this should report that there's nothing to write as the CFG data has not changed -- at 0xC2060: 1
  flash [0] level 1: Flash sector already contains matching data: skipping write operation.
-----------------------------------------
(re)writing active CFG (unchanged) -- this should report that there's nothing to write as the CFG data has not changed -- at 0xC2060: 1
  flash [0] level 1: Flash sector already contains matching data: skipping write operation.
writing an updated CFG at address 0xC2080: 1
(b0:0,b1:42,i1:1,li2:1234567890123456,i3:-555,iter:260)
-----------------------------------------
(re)writing active CFG (unchanged) -- this should report that there's nothing to write as the CFG data has not changed -- at 0xC2080: 1
  flash [0] level 1: Flash sector already contains matching data: skipping write operation.
-----------------------------------------
(re)writing active CFG (unchanged) -- this should report that there's nothing to write as the CFG data has not changed -- at 0xC2080: 1
  flash [0] level 1: Flash sector already contains matching data: skipping write operation.
-----------------------------------------
(re)writing active CFG (unchanged) -- this should report that there's nothing to write as the CFG data has not changed -- at 0xC2080: 1
  flash [0] level 1: Flash sector already contains matching data: skipping write operation.
writing an updated CFG at address 0xC20A0: 1
(b0:0,b1:42,i1:1,li2:1234567890123456,i3:-555,iter:261)
-----------------------------------------
(re)writing active CFG (unchanged) -- this should report that there's nothing to write as the CFG data has not changed -- at 0xC20A0: 1
  flash [0] level 1: Flash sector already contains matching data: skipping write operation.
-----------------------------------------
(re)writing active CFG (unchanged) -- this should report that there's nothing to write as the CFG data has not changed -- at 0xC20A0: 1
  flash [0] level 1: Flash sector already contains matching data: skipping write operation.
-----------------------------------------
(re)writing active CFG (unchanged) -- this should report that there's nothing to write as the CFG data has not changed -- at 0xC20A0: 1
  flash [0] level 1: Flash sector already contains matching data: skipping write operation.
writing an updated CFG at address 0xC20C0: 1
(b0:0,b1:42,i1:1,li2:1234567890123456,i3:-555,iter:262)
-----------------------------------------
(re)writing active CFG (unchanged) -- this should report that there's nothing to write as the CFG data has not changed -- at 0xC20C0: 1
  flash [0] level 1: Flash sector already contains matching data: skipping write operation.
-----------------------------------------
(re)writing active CFG (unchanged) -- this should report that there's nothing to write as the CFG data has not changed -- at 0xC20C0: 1
  flash [0] level 1: Flash sector already contains matching data: skipping write operation.
-----------------------------------------
(re)writing active CFG (unchanged) -- this should report that there's nothing to write as the CFG data has not changed -- at 0xC20C0: 1
  flash [0] level 1: Flash sector already contains matching data: skipping write operation.
writing an updated CFG at address 0xC20E0: 1
(b0:0,b1:42,i1:1,li2:1234567890123456,i3:-555,iter:263)
-----------------------------------------
(re)writing active CFG (unchanged) -- this should report that there's nothing to write as the CFG data has not changed -- at 0xC20E0: 1
  flash [0] level 1: Flash sector already contains matching data: skipping write operation.
-----------------------------------------
(re)writing active CFG (unchanged) -- this should report that there's nothing to write as the CFG data has not changed -- at 0xC20E0: 1
  flash [0] level 1: Flash sector already contains matching data: skipping write operation.
-----------------------------------------
(re)writing active CFG (unchanged) -- this should report that there's nothing to write as the CFG data has not changed -- at 0xC20E0: 1
  flash [0] level 1: Flash sector already contains matching data: skipping write operation.
writing an updated CFG at address 0xC2100: 1
(b0:0,b1:42,i1:1,li2:1234567890123456,i3:-555,iter:264)
-----------------------------------------
(re)writing active CFG (unchanged) -- this should report that there's nothing to write as the CFG data has not changed -- at 0xC2100: 1
  flash [0] level 1: Flash sector already contains matching data: skipping write operation.
-----------------------------------------
(re)writing active CFG (unchanged) -- this should report that there's nothing to write as the CFG data has not changed -- at 0xC2100: 1
  flash [0] level 1: Flash sector already contains matching data: skipping write operation.
-----------------------------------------
(re)writing active CFG (unchanged) -- this should report that there's nothing to write as the CFG data has not changed -- at 0xC2100: 1
  flash [0] level 1: Flash sector already contains matching data: skipping write operation.
writing an updated CFG at address 0xC2120: 1
(b0:0,b1:42,i1:1,li2:1234567890123456,i3:-555,iter:265)
-----------------------------------------
(re)writing active CFG (unchanged) -- this should report that there's nothing to write as the CFG data has not changed -- at 0xC2120: 1
  flash [0] level 1: Flash sector already contains matching data: skipping write operation.
-----------------------------------------
(re)writing active CFG (unchanged) -- this should report that there's nothing to write as the CFG data has not changed -- at 0xC2120: 1
  flash [0] level 1: Flash sector already contains matching data: skipping write operation.
-----------------------------------------
(re)writing active CFG (unchanged) -- this should report that there's nothing to write as the CFG data has not changed -- at 0xC2120: 1
  flash [0] level 1: Flash sector already contains matching data: skipping write operation.
writing an updated CFG at address 0xC2140: 1
(b0:0,b1:42,i1:1,li2:1234567890123456,i3:-555,iter:266)
-----------------------------------------
(re)writing active CFG (unchanged) -- this should report that there's nothing to write as the CFG data has not changed -- at 0xC2140: 1
  flash [0] level 1: Flash sector already contains matching data: skipping write operation.
-----------------------------------------
(re)writing active CFG (unchanged) -- this should report that there's nothing to write as the CFG data has not changed -- at 0xC2140: 1
  flash [0] level 1: Flash sector already contains matching data: skipping write operation.
-----------------------------------------
(re)writing active CFG (unchanged) -- this should report that there's nothing to write as the CFG data has not changed -- at 0xC2140: 1
  flash [0] level 1: Flash sector already contains matching data: skipping write operation.
writing an updated CFG at address 0xC2160: 1
(b0:0,b1:42,i1:1,li2:1234567890123456,i3:-555,iter:267)
-----------------------------------------
(re)writing active CFG (unchanged) -- this should report that there's nothing to write as the CFG data has not changed -- at 0xC2160: 1
  flash [0] level 1: Flash sector already contains matching data: skipping write operation.
-----------------------------------------
(re)writing active CFG (unchanged) -- this should report that there's nothing to write as the CFG data has not changed -- at 0xC2160: 1
  flash [0] level 1: Flash sector already contains matching data: skipping write operation.
-----------------------------------------
(re)writing active CFG (unchanged) -- this should report that there's nothing to write as the CFG data has not changed -- at 0xC2160: 1
  flash [0] level 1: Flash sector already contains matching data: skipping write operation.
writing an updated CFG at address 0xC2180: 1
(b0:0,b1:42,i1:1,li2:1234567890123456,i3:-555,iter:268)
-----------------------------------------
(re)writing active CFG (unchanged) -- this should report that there's nothing to write as the CFG data has not changed -- at 0xC2180: 1
  flash [0] level 1: Flash sector already contains matching data: skipping write operation.
-----------------------------------------
(re)writing active CFG (unchanged) -- this should report that there's nothing to write as the CFG data has not changed -- at 0xC2180: 1
  flash [0] level 1: Flash sector already contains matching data: skipping write operation.
-----------------------------------------
(re)writing active CFG (unchanged) -- this should report that there's nothing to write as the CFG data has not changed -- at 0xC2180: 1
  flash [0] level 1: Flash sector already contains matching data: skipping write operation.
writing an updated CFG at address 0xC21A0: 1
(b0:0,b1:42,i1:1,li2:1234567890123456,i3:-555,iter:269)
-----------------------------------------
(re)writing active CFG (unchanged) -- this should report that there's nothing to write as the CFG data has not changed -- at 0xC21A0: 1
  flash [0] level 1: Flash sector already contains matching data: skipping write operation.
-----------------------------------------
(re)writing active CFG (unchanged) -- this should report that there's nothing to write as the CFG data has not changed -- at 0xC21A0: 1
  flash [0] level 1: Flash sector already contains matching data: skipping write operation.
-----------------------------------------
(re)writing active CFG (unchanged) -- this should report that there's nothing to write as the CFG data has not changed -- at 0xC21A0: 1
  flash [0] level 1: Flash sector already contains matching data: skipping write operation.
writing an updated CFG at address 0xC21C0: 1
(b0:0,b1:42,i1:1,li2:1234567890123456,i3:-555,iter:270)
-----------------------------------------
(re)writing active CFG (unchanged) -- this should report that there's nothing to write as the CFG data has not changed -- at 0xC21C0: 1
  flash [0] level 1: Flash sector already contains matching data: skipping write operation.
-----------------------------------------
(re)writing active CFG (unchanged) -- this should report that there's nothing to write as the CFG data has not changed -- at 0xC21C0: 1
  flash [0] level 1: Flash sector already contains matching data: skipping write operation.
-----------------------------------------
(re)writing active CFG (unchanged) -- this should report that there's nothing to write as the CFG data has not changed -- at 0xC21C0: 1
  flash [0] level 1: Flash sector already contains matching data: skipping write operation.
writing an updated CFG at address 0xC21E0: 1
(b0:0,b1:42,i1:1,li2:1234567890123456,i3:-555,iter:271)
-----------------------------------------
(re)writing active CFG (unchanged) -- this should report that there's nothing to write as the CFG data has not changed -- at 0xC21E0: 1
  flash [0] level 1: Flash sector already contains matching data: skipping write operation.
-----------------------------------------
(re)writing active CFG (unchanged) -- this should report that there's nothing to write as the CFG data has not changed -- at 0xC21E0: 1
  flash [0] level 1: Flash sector already contains matching data: skipping write operation.
-----------------------------------------
(re)writing active CFG (unchanged) -- this should report that there's nothing to write as the CFG data has not changed -- at 0xC21E0: 1
  flash [0] level 1: Flash sector already contains matching data: skipping write operation.
writing an updated CFG at address 0xC2200: 1
(b0:0,b1:42,i1:1,li2:1234567890123456,i3:-555,iter:272)
-----------------------------------------
(re)writing active CFG (unchanged) -- this should report that there's nothing to write as the CFG data has not changed -- at 0xC2200: 1
  flash [0] level 1: Flash sector already contains matching data: skipping write operation.
-----------------------------------------
(re)writing active CFG (unchanged) -- this should report that there's nothing to write as the CFG data has not changed -- at 0xC2200: 1
  flash [0] level 1: Flash sector already contains matching data: skipping write operation.
-----------------------------------------
(re)writing active CFG (unchanged) -- this should report that there's nothing to write as the CFG data has not changed -- at 0xC2200: 1
  flash [0] level 1: Flash sector already contains matching data: skipping write operation.
writing an updated CFG at address 0xC2220: 1
(b0:0,b1:42,i1:1,li2:1234567890123456,i3:-555,iter:273)
-----------------------------------------
(re)writing active CFG (unchanged) -- this should report that there's nothing to write as the CFG data has not changed -- at 0xC2220: 1
  flash [0] level 1: Flash sector already contains matching data: skipping write operation.
-----------------------------------------
(re)writing active CFG (unchanged) -- this should report that there's nothing to write as the CFG data has not changed -- at 0xC2220: 1
  flash [0] level 1: Flash sector already contains matching data: skipping write operation.
-----------------------------------------
(re)writing active CFG (unchanged) -- this should report that there's nothing to write as the CFG data has not changed -- at 0xC2220: 1
  flash [0] level 1: Flash sector already contains matching data: skipping write operation.
writing an updated CFG at address 0xC2240: 1
(b0:0,b1:42,i1:1,li2:1234567890123456,i3:-555,iter:274)
-----------------------------------------
(re)writing active CFG (unchanged) -- this should report that there's nothing to write as the CFG data has not changed -- at 0xC2240: 1
  flash [0] level 1: Flash sector already contains matching data: skipping write operation.
-----------------------------------------
(re)writing active CFG (unchanged) -- this should report that there's nothing to write as the CFG data has not changed -- at 0xC2240: 1
  flash [0] level 1: Flash sector already contains matching data: skipping write operation.
-----------------------------------------
(re)writing active CFG (unchanged) -- this should report that there's nothing to write as the CFG data has not changed -- at 0xC2240: 1
  flash [0] level 1: Flash sector already contains matching data: skipping write operation.
writing an updated CFG at address 0xC2260: 1
(b0:0,b1:42,i1:1,li2:1234567890123456,i3:-555,iter:275)
-----------------------------------------
(re)writing active CFG (unchanged) -- this should report that there's nothing to write as the CFG data has not changed -- at 0xC2260: 1
  flash [0] level 1: Flash sector already contains matching data: skipping write operation.
-----------------------------------------
(re)writing active CFG (unchanged) -- this should report that there's nothing to write as the CFG data has not changed -- at 0xC2260: 1
  flash [0] level 1: Flash sector already contains matching data: skipping write operation.
-----------------------------------------
(re)writing active CFG (unchanged) -- this should report that there's nothing to write as the CFG data has not changed -- at 0xC2260: 1
  flash [0] level 1: Flash sector already contains matching data: skipping write operation.
writing an updated CFG at address 0xC2280: 1
(b0:0,b1:42,i1:1,li2:1234567890123456,i3:-555,iter:276)
-----------------------------------------
(re)writing active CFG (unchanged) -- this should report that there's nothing to write as the CFG data has not changed -- at 0xC2280: 1
  flash [0] level 1: Flash sector already contains matching data: skipping write operation.
-----------------------------------------
(re)writing active CFG (unchanged) -- this should report that there's nothing to write as the CFG data has not changed -- at 0xC2280: 1
  flash [0] level 1: Flash sector already contains matching data: skipping write operation.
-----------------------------------------
(re)writing active CFG (unchanged) -- this should report that there's nothing to write as the CFG data has not changed -- at 0xC2280: 1
  flash [0] level 1: Flash sector already contains matching data: skipping write operation.
writing an updated CFG at address 0xC22A0: 1
(b0:0,b1:42,i1:1,li2:1234567890123456,i3:-555,iter:277)
-----------------------------------------
(re)writing active CFG (unchanged) -- this should report that there's nothing to write as the CFG data has not changed -- at 0xC22A0: 1
  flash [0] level 1: Flash sector already contains matching data: skipping write operation.
-----------------------------------------
(re)writing active CFG (unchanged) -- this should report that there's nothing to write as the CFG data has not changed -- at 0xC22A0: 1
  flash [0] level 1: Flash sector already contains matching data: skipping write operation.
-----------------------------------------
(re)writing active CFG (unchanged) -- this should report that there's nothing to write as the CFG data has not changed -- at 0xC22A0: 1
  flash [0] level 1: Flash sector already contains matching data: skipping write operation.
writing an updated CFG at address 0xC22C0: 1
(b0:0,b1:42,i1:1,li2:1234567890123456,i3:-555,iter:278)
-----------------------------------------
(re)writing active CFG (unchanged) -- this should report that there's nothing to write as the CFG data has not changed -- at 0xC22C0: 1
  flash [0] level 1: Flash sector already contains matching data: skipping write operation.
-----------------------------------------
(re)writing active CFG (unchanged) -- this should report that there's nothing to write as the CFG data has not changed -- at 0xC22C0: 1
  flash [0] level 1: Flash sector already contains matching data: skipping write operation.
-----------------------------------------
(re)writing active CFG (unchanged) -- this should report that there's nothing to write as the CFG data has not changed -- at 0xC22C0: 1
  flash [0] level 1: Flash sector already contains matching data: skipping write operation.
writing an updated CFG at address 0xC22E0: 1
(b0:0,b1:42,i1:1,li2:1234567890123456,i3:-555,iter:279)
-----------------------------------------
(re)writing active CFG (unchanged) -- this should report that there's nothing to write as the CFG data has not changed -- at 0xC22E0: 1
  flash [0] level 1: Flash sector already contains matching data: skipping write operation.
-----------------------------------------
(re)writing active CFG (unchanged) -- this should report that there's nothing to write as the CFG data has not changed -- at 0xC22E0: 1
  flash [0] level 1: Flash sector already contains matching data: skipping write operation.
-----------------------------------------
(re)writing active CFG (unchanged) -- this should report that there's nothing to write as the CFG data has not changed -- at 0xC22E0: 1
  flash [0] level 1: Flash sector already contains matching data: skipping write operation.
writing an updated CFG at address 0xC2300: 1
(b0:0,b1:42,i1:1,li2:1234567890123456,i3:-555,iter:280)
-----------------------------------------
(re)writing active CFG (unchanged) -- this should report that there's nothing to write as the CFG data has not changed -- at 0xC2300: 1
  flash [0] level 1: Flash sector already contains matching data: skipping write operation.
-----------------------------------------
(re)writing active CFG (unchanged) -- this should report that there's nothing to write as the CFG data has not changed -- at 0xC2300: 1
  flash [0] level 1: Flash sector already contains matching data: skipping write operation.
-----------------------------------------
(re)writing active CFG (unchanged) -- this should report that there's nothing to write as the CFG data has not changed -- at 0xC2300: 1
  flash [0] level 1: Flash sector already contains matching data: skipping write operation.
writing an updated CFG at address 0xC2320: 1
(b0:0,b1:42,i1:1,li2:1234567890123456,i3:-555,iter:281)
-----------------------------------------
(re)writing active CFG (unchanged) -- this should report that there's nothing to write as the CFG data has not changed -- at 0xC2320: 1
  flash [0] level 1: Flash sector already contains matching data: skipping write operation.
-----------------------------------------
(re)writing active CFG (unchanged) -- this should report that there's nothing to write as the CFG data has not changed -- at 0xC2320: 1
  flash [0] level 1: Flash sector already contains matching data: skipping write operation.
-----------------------------------------
(re)writing active CFG (unchanged) -- this should report that there's nothing to write as the CFG data has not changed -- at 0xC2320: 1
  flash [0] level 1: Flash sector already contains matching data: skipping write operation.
writing an updated CFG at address 0xC2340: 1
(b0:0,b1:42,i1:1,li2:1234567890123456,i3:-555,iter:282)
-----------------------------------------
(re)writing active CFG (unchanged) -- this should report that there's nothing to write as the CFG data has not changed -- at 0xC2340: 1
  flash [0] level 1: Flash sector already contains matching data: skipping write operation.
-----------------------------------------
(re)writing active CFG (unchanged) -- this should report that there's nothing to write as the CFG data has not changed -- at 0xC2340: 1
  flash [0] level 1: Flash sector already contains matching data: skipping write operation.
-----------------------------------------
(re)writing active CFG (unchanged) -- this should report that there's nothing to write as the CFG data has not changed -- at 0xC2340: 1
  flash [0] level 1: Flash sector already contains matching data: skipping write operation.
writing an updated CFG at address 0xC2360: 1
(b0:0,b1:42,i1:1,li2:1234567890123456,i3:-555,iter:283)
-----------------------------------------
(re)writing active CFG (unchanged) -- this should report that there's nothing to write as the CFG data has not changed -- at 0xC2360: 1
  flash [0] level 1: Flash sector already contains matching data: skipping write operation.
-----------------------------------------
(re)writing active CFG (unchanged) -- this should report that there's nothing to write as the CFG data has not changed -- at 0xC2360: 1
  flash [0] level 1: Flash sector already contains matching data: skipping write operation.
-----------------------------------------
(re)writing active CFG (unchanged) -- this should report that there's nothing to write as the CFG data has not changed -- at 0xC2360: 1
  flash [0] level 1: Flash sector already contains matching data: skipping write operation.
writing an updated CFG at address 0xC2380: 1
(b0:0,b1:42,i1:1,li2:1234567890123456,i3:-555,iter:284)
-----------------------------------------
(re)writing active CFG (unchanged) -- this should report that there's nothing to write as the CFG data has not changed -- at 0xC2380: 1
  flash [0] level 1: Flash sector already contains matching data: skipping write operation.
-----------------------------------------
(re)writing active CFG (unchanged) -- this should report that there's nothing to write as the CFG data has not changed -- at 0xC2380: 1
  flash [0] level 1: Flash sector already contains matching data: skipping write operation.
-----------------------------------------
(re)writing active CFG (unchanged) -- this should report that there's nothing to write as the CFG data has not changed -- at 0xC2380: 1
  flash [0] level 1: Flash sector already contains matching data: skipping write operation.
writing an updated CFG at address 0xC23A0: 1
(b0:0,b1:42,i1:1,li2:1234567890123456,i3:-555,iter:285)
-----------------------------------------
(re)writing active CFG (unchanged) -- this should report that there's nothing to write as the CFG data has not changed -- at 0xC23A0: 1
  flash [0] level 1: Flash sector already contains matching data: skipping write operation.
-----------------------------------------
(re)writing active CFG (unchanged) -- this should report that there's nothing to write as the CFG data has not changed -- at 0xC23A0: 1
  flash [0] level 1: Flash sector already contains matching data: skipping write operation.
-----------------------------------------
(re)writing active CFG (unchanged) -- this should report that there's nothing to write as the CFG data has not changed -- at 0xC23A0: 1
  flash [0] level 1: Flash sector already contains matching data: skipping write operation.
writing an updated CFG at address 0xC23C0: 1
(b0:0,b1:42,i1:1,li2:1234567890123456,i3:-555,iter:286)
-----------------------------------------
(re)writing active CFG (unchanged) -- this should report that there's nothing to write as the CFG data has not changed -- at 0xC23C0: 1
  flash [0] level 1: Flash sector already contains matching data: skipping write operation.
-----------------------------------------
(re)writing active CFG (unchanged) -- this should report that there's nothing to write as the CFG data has not changed -- at 0xC23C0: 1
  flash [0] level 1: Flash sector already contains matching data: skipping write operation.
-----------------------------------------
(re)writing active CFG (unchanged) -- this should report that there's nothing to write as the CFG data has not changed -- at 0xC23C0: 1
  flash [0] level 1: Flash sector already contains matching data: skipping write operation.
writing an updated CFG at address 0xC23E0: 1
(b0:0,b1:42,i1:1,li2:1234567890123456,i3:-555,iter:287)
-----------------------------------------
(re)writing active CFG (unchanged) -- this should report that there's nothing to write as the CFG data has not changed -- at 0xC23E0: 1
  flash [0] level 1: Flash sector already contains matching data: skipping write operation.
-----------------------------------------
(re)writing active CFG (unchanged) -- this should report that there's nothing to write as the CFG data has not changed -- at 0xC23E0: 1
  flash [0] level 1: Flash sector already contains matching data: skipping write operation.
-----------------------------------------
(re)writing active CFG (unchanged) -- this should report that there's nothing to write as the CFG data has not changed -- at 0xC23E0: 1
  flash [0] level 1: Flash sector already contains matching data: skipping write operation.
writing an updated CFG at address 0xC2400: 1
(b0:0,b1:42,i1:1,li2:1234567890123456,i3:-555,iter:288)
-----------------------------------------
(re)writing active CFG (unchanged) -- this should report that there's nothing to write as the CFG data has not changed -- at 0xC2400: 1
  flash [0] level 1: Flash sector already contains matching data: skipping write operation.
-----------------------------------------
(re)writing active CFG (unchanged) -- this should report that there's nothing to write as the CFG data has not changed -- at 0xC2400: 1
  flash [0] level 1: Flash sector already contains matching data: skipping write operation.
-----------------------------------------
(re)writing active CFG (unchanged) -- this should report that there's nothing to write as the CFG data has not changed -- at 0xC2400: 1
  flash [0] level 1: Flash sector already contains matching data: skipping write operation.
writing an updated CFG at address 0xC2420: 1
(b0:0,b1:42,i1:1,li2:1234567890123456,i3:-555,iter:289)
-----------------------------------------
(re)writing active CFG (unchanged) -- this should report that there's nothing to write as the CFG data has not changed -- at 0xC2420: 1
  flash [0] level 1: Flash sector already contains matching data: skipping write operation.
-----------------------------------------
(re)writing active CFG (unchanged) -- this should report that there's nothing to write as the CFG data has not changed -- at 0xC2420: 1
  flash [0] level 1: Flash sector already contains matching data: skipping write operation.
-----------------------------------------
(re)writing active CFG (unchanged) -- this should report that there's nothing to write as the CFG data has not changed -- at 0xC2420: 1
  flash [0] level 1: Flash sector already contains matching data: skipping write operation.
writing an updated CFG at address 0xC2440: 1
(b0:0,b1:42,i1:1,li2:1234567890123456,i3:-555,iter:290)
-----------------------------------------
(re)writing active CFG (unchanged) -- this should report that there's nothing to write as the CFG data has not changed -- at 0xC2440: 1
  flash [0] level 1: Flash sector already contains matching data: skipping write operation.
-----------------------------------------
(re)writing active CFG (unchanged) -- this should report that there's nothing to write as the CFG data has not changed -- at 0xC2440: 1
  flash [0] level 1: Flash sector already contains matching data: skipping write operation.
-----------------------------------------
(re)writing active CFG (unchanged) -- this should report that there's nothing to write as the CFG data has not changed -- at 0xC2440: 1
  flash [0] level 1: Flash sector already contains matching data: skipping write operation.
writing an updated CFG at address 0xC2460: 1
(b0:0,b1:42,i1:1,li2:1234567890123456,i3:-555,iter:291)
-----------------------------------------
(re)writing active CFG (unchanged) -- this should report that there's nothing to write as the CFG data has not changed -- at 0xC2460: 1
  flash [0] level 1: Flash sector already contains matching data: skipping write operation.
-----------------------------------------
(re)writing active CFG (unchanged) -- this should report that there's nothing to write as the CFG data has not changed -- at 0xC2460: 1
  flash [0] level 1: Flash sector already contains matching data: skipping write operation.
-----------------------------------------
(re)writing active CFG (unchanged) -- this should report that there's nothing to write as the CFG data has not changed -- at 0xC2460: 1
  flash [0] level 1: Flash sector already contains matching data: skipping write operation.
writing an updated CFG at address 0xC2480: 1
(b0:0,b1:42,i1:1,li2:1234567890123456,i3:-555,iter:292)
-----------------------------------------
(re)writing active CFG (unchanged) -- this should report that there's nothing to write as the CFG data has not changed -- at 0xC2480: 1
  flash [0] level 1: Flash sector already contains matching data: skipping write operation.
-----------------------------------------
(re)writing active CFG (unchanged) -- this should report that there's nothing to write as the CFG data has not changed -- at 0xC2480: 1
  flash [0] level 1: Flash sector already contains matching data: skipping write operation.
-----------------------------------------
(re)writing active CFG (unchanged) -- this should report that there's nothing to write as the CFG data has not changed -- at 0xC2480: 1
  flash [0] level 1: Flash sector already contains matching data: skipping write operation.
writing an updated CFG at address 0xC24A0: 1
(b0:0,b1:42,i1:1,li2:1234567890123456,i3:-555,iter:293)
-----------------------------------------
(re)writing active CFG (unchanged) -- this should report that there's nothing to write as the CFG data has not changed -- at 0xC24A0: 1
  flash [0] level 1: Flash sector already contains matching data: skipping write operation.
-----------------------------------------
(re)writing active CFG (unchanged) -- this should report that there's nothing to write as the CFG data has not changed -- at 0xC24A0: 1
  flash [0] level 1: Flash sector already contains matching data: skipping write operation.
-----------------------------------------
(re)writing active CFG (unchanged) -- this should report that there's nothing to write as the CFG data has not changed -- at 0xC24A0: 1
  flash [0] level 1: Flash sector already contains matching data: skipping write operation.
writing an updated CFG at address 0xC24C0: 1
(b0:0,b1:42,i1:1,li2:1234567890123456,i3:-555,iter:294)
-----------------------------------------
(re)writing active CFG (unchanged) -- this should report that there's nothing to write as the CFG data has not changed -- at 0xC24C0: 1
  flash [0] level 1: Flash sector already contains matching data: skipping write operation.
-----------------------------------------
(re)writing active CFG (unchanged) -- this should report that there's nothing to write as the CFG data has not changed -- at 0xC24C0: 1
  flash [0] level 1: Flash sector already contains matching data: skipping write operation.
-----------------------------------------
(re)writing active CFG (unchanged) -- this should report that there's nothing to write as the CFG data has not changed -- at 0xC24C0: 1
  flash [0] level 1: Flash sector already contains matching data: skipping write operation.
writing an updated CFG at address 0xC24E0: 1
(b0:0,b1:42,i1:1,li2:1234567890123456,i3:-555,iter:295)
-----------------------------------------
(re)writing active CFG (unchanged) -- this should report that there's nothing to write as the CFG data has not changed -- at 0xC24E0: 1
  flash [0] level 1: Flash sector already contains matching data: skipping write operation.
-----------------------------------------
(re)writing active CFG (unchanged) -- this should report that there's nothing to write as the CFG data has not changed -- at 0xC24E0: 1
  flash [0] level 1: Flash sector already contains matching data: skipping write operation.
-----------------------------------------
(re)writing active CFG (unchanged) -- this should report that there's nothing to write as the CFG data has not changed -- at 0xC24E0: 1
  flash [0] level 1: Flash sector already contains matching data: skipping write operation.
writing an updated CFG at address 0xC2500: 1
(b0:0,b1:42,i1:1,li2:1234567890123456,i3:-555,iter:296)
-----------------------------------------
(re)writing active CFG (unchanged) -- this should report that there's nothing to write as the CFG data has not changed -- at 0xC2500: 1
  flash [0] level 1: Flash sector already contains matching data: skipping write operation.
-----------------------------------------
(re)writing active CFG (unchanged) -- this should report that there's nothing to write as the CFG data has not changed -- at 0xC2500: 1
  flash [0] level 1: Flash sector already contains matching data: skipping write operation.
-----------------------------------------
(re)writing active CFG (unchanged) -- this should report that there's nothing to write as the CFG data has not changed -- at 0xC2500: 1
  flash [0] level 1: Flash sector already contains matching data: skipping write operation.
writing an updated CFG at address 0xC2520: 1
(b0:0,b1:42,i1:1,li2:1234567890123456,i3:-555,iter:297)
-----------------------------------------
(re)writing active CFG (unchanged) -- this should report that there's nothing to write as the CFG data has not changed -- at 0xC2520: 1
  flash [0] level 1: Flash sector already contains matching data: skipping write operation.
-----------------------------------------
(re)writing active CFG (unchanged) -- this should report that there's nothing to write as the CFG data has not changed -- at 0xC2520: 1
  flash [0] level 1: Flash sector already contains matching data: skipping write operation.
-----------------------------------------
(re)writing active CFG (unchanged) -- this should report that there's nothing to write as the CFG data has not changed -- at 0xC2520: 1
  flash [0] level 1: Flash sector already contains matching data: skipping write operation.
writing an updated CFG at address 0xC2540: 1
(b0:0,b1:42,i1:1,li2:1234567890123456,i3:-555,iter:298)
-----------------------------------------
(re)writing active CFG (unchanged) -- this should report that there's nothing to write as the CFG data has not changed -- at 0xC2540: 1
  flash [0] level 1: Flash sector already contains matching data: skipping write operation.
-----------------------------------------
(re)writing active CFG (unchanged) -- this should report that there's nothing to write as the CFG data has not changed -- at 0xC2540: 1
  flash [0] level 1: Flash sector already contains matching data: skipping write operation.
-----------------------------------------
(re)writing active CFG (unchanged) -- this should report that there's nothing to write as the CFG data has not changed -- at 0xC2540: 1
  flash [0] level 1: Flash sector already contains matching data: skipping write operation.
writing an updated CFG at address 0xC2560: 1
(b0:0,b1:42,i1:1,li2:1234567890123456,i3:-555,iter:299)
-----------------------------------------
(re)writing active CFG (unchanged) -- this should report that there's nothing to write as the CFG data has not changed -- at 0xC2560: 1
  flash [0] level 1: Flash sector already contains matching data: skipping write operation.
-----------------------------------------
(re)writing active CFG (unchanged) -- this should report that there's nothing to write as the CFG data has not changed -- at 0xC2560: 1
  flash [0] level 1: Flash sector already contains matching data: skipping write operation.
-----------------------------------------
(re)writing active CFG (unchanged) -- this should report that there's nothing to write as the CFG data has not changed -- at 0xC2560: 1
  flash [0] level 1: Flash sector already contains matching data: skipping write operation.
writing an updated CFG at address 0xC2580: 1
(b0:0,b1:42,i1:1,li2:1234567890123456,i3:-555,iter:300)
-----------------------------------------
(re)writing active CFG (unchanged) -- this should report that there's nothing to write as the CFG data has not changed -- at 0xC2580: 1
  flash [0] level 1: Flash sector already contains matching data: skipping write operation.
-----------------------------------------
(re)writing active CFG (unchanged) -- this should report that there's nothing to write as the CFG data has not changed -- at 0xC2580: 1
  flash [0] level 1: Flash sector already contains matching data: skipping write operation.
-----------------------------------------
(re)writing active CFG (unchanged) -- this should report that there's nothing to write as the CFG data has not changed -- at 0xC2580: 1
  flash [0] level 1: Flash sector already contains matching data: skipping write operation.
writing an updated CFG at address 0xC25A0: 1
(b0:0,b1:42,i1:1,li2:1234567890123456,i3:-555,iter:301)
-----------------------------------------
(re)writing active CFG (unchanged) -- this should report that there's nothing to write as the CFG data has not changed -- at 0xC25A0: 1
  flash [0] level 1: Flash sector already contains matching data: skipping write operation.
-----------------------------------------
(re)writing active CFG (unchanged) -- this should report that there's nothing to write as the CFG data has not changed -- at 0xC25A0: 1
  flash [0] level 1: Flash sector already contains matching data: skipping write operation.
-----------------------------------------
(re)writing active CFG (unchanged) -- this should report that there's nothing to write as the CFG data has not changed -- at 0xC25A0: 1
  flash [0] level 1: Flash sector already contains matching data: skipping write operation.
writing an updated CFG at address 0xC25C0: 1
(b0:0,b1:42,i1:1,li2:1234567890123456,i3:-555,iter:302)
-----------------------------------------
(re)writing active CFG (unchanged) -- this should report that there's nothing to write as the CFG data has not changed -- at 0xC25C0: 1
  flash [0] level 1: Flash sector already contains matching data: skipping write operation.
-----------------------------------------
(re)writing active CFG (unchanged) -- this should report that there's nothing to write as the CFG data has not changed -- at 0xC25C0: 1
  flash [0] level 1: Flash sector already contains matching data: skipping write operation.
-----------------------------------------
(re)writing active CFG (unchanged) -- this should report that there's nothing to write as the CFG data has not changed -- at 0xC25C0: 1
  flash [0] level 1: Flash sector already contains matching data: skipping write operation.
writing an updated CFG at address 0xC25E0: 1
(b0:0,b1:42,i1:1,li2:1234567890123456,i3:-555,iter:303)
-----------------------------------------
(re)writing active CFG (unchanged) -- this should report that there's nothing to write as the CFG data has not changed -- at 0xC25E0: 1
  flash [0] level 1: Flash sector already contains matching data: skipping write operation.
-----------------------------------------
(re)writing active CFG (unchanged) -- this should report that there's nothing to write as the CFG data has not changed -- at 0xC25E0: 1
  flash [0] level 1: Flash sector already contains matching data: skipping write operation.
-----------------------------------------
(re)writing active CFG (unchanged) -- this should report that there's nothing to write as the CFG data has not changed -- at 0xC25E0: 1
  flash [0] level 1: Flash sector already contains matching data: skipping write operation.
writing an updated CFG at address 0xC2600: 1
(b0:0,b1:42,i1:1,li2:1234567890123456,i3:-555,iter:304)
-----------------------------------------
(re)writing active CFG (unchanged) -- this should report that there's nothing to write as the CFG data has not changed -- at 0xC2600: 1
  flash [0] level 1: Flash sector already contains matching data: skipping write operation.
-----------------------------------------
(re)writing active CFG (unchanged) -- this should report that there's nothing to write as the CFG data has not changed -- at 0xC2600: 1
  flash [0] level 1: Flash sector already contains matching data: skipping write operation.
-----------------------------------------
(re)writing active CFG (unchanged) -- this should report that there's nothing to write as the CFG data has not changed -- at 0xC2600: 1
  flash [0] level 1: Flash sector already contains matching data: skipping write operation.
writing an updated CFG at address 0xC2620: 1
(b0:0,b1:42,i1:1,li2:1234567890123456,i3:-555,iter:305)
-----------------------------------------
(re)writing active CFG (unchanged) -- this should report that there's nothing to write as the CFG data has not changed -- at 0xC2620: 1
  flash [0] level 1: Flash sector already contains matching data: skipping write operation.
-----------------------------------------
(re)writing active CFG (unchanged) -- this should report that there's nothing to write as the CFG data has not changed -- at 0xC2620: 1
  flash [0] level 1: Flash sector already contains matching data: skipping write operation.
-----------------------------------------
(re)writing active CFG (unchanged) -- this should report that there's nothing to write as the CFG data has not changed -- at 0xC2620: 1
  flash [0] level 1: Flash sector already contains matching data: skipping write operation.
writing an updated CFG at address 0xC2640: 1
(b0:0,b1:42,i1:1,li2:1234567890123456,i3:-555,iter:306)
-----------------------------------------
(re)writing active CFG (unchanged) -- this should report that there's nothing to write as the CFG data has not changed -- at 0xC2640: 1
  flash [0] level 1: Flash sector already contains matching data: skipping write operation.
-----------------------------------------
(re)writing active CFG (unchanged) -- this should report that there's nothing to write as the CFG data has not changed -- at 0xC2640: 1
  flash [0] level 1: Flash sector already contains matching data: skipping write operation.
-----------------------------------------
(re)writing active CFG (unchanged) -- this should report that there's nothing to write as the CFG data has not changed -- at 0xC2640: 1
  flash [0] level 1: Flash sector already contains matching data: skipping write operation.
writing an updated CFG at address 0xC2660: 1
(b0:0,b1:42,i1:1,li2:1234567890123456,i3:-555,iter:307)
-----------------------------------------
(re)writing active CFG (unchanged) -- this should report that there's nothing to write as the CFG data has not changed -- at 0xC2660: 1
  flash [0] level 1: Flash sector already contains matching data: skipping write operation.
-----------------------------------------
(re)writing active CFG (unchanged) -- this should report that there's nothing to write as the CFG data has not changed -- at 0xC2660: 1
  flash [0] level 1: Flash sector already contains matching data: skipping write operation.
-----------------------------------------
(re)writing active CFG (unchanged) -- this should report that there's nothing to write as the CFG data has not changed -- at 0xC2660: 1
  flash [0] level 1: Flash sector already contains matching data: skipping write operation.
writing an updated CFG at address 0xC2680: 1
(b0:0,b1:42,i1:1,li2:1234567890123456,i3:-555,iter:308)
-----------------------------------------
(re)writing active CFG (unchanged) -- this should report that there's nothing to write as the CFG data has not changed -- at 0xC2680: 1
  flash [0] level 1: Flash sector already contains matching data: skipping write operation.
-----------------------------------------
(re)writing active CFG (unchanged) -- this should report that there's nothing to write as the CFG data has not changed -- at 0xC2680: 1
  flash [0] level 1: Flash sector already contains matching data: skipping write operation.
-----------------------------------------
(re)writing active CFG (unchanged) -- this should report that there's nothing to write as the CFG data has not changed -- at 0xC2680: 1
  flash [0] level 1: Flash sector already contains matching data: skipping write operation.
writing an updated CFG at address 0xC26A0: 1
(b0:0,b1:42,i1:1,li2:1234567890123456,i3:-555,iter:309)
-----------------------------------------
(re)writing active CFG (unchanged) -- this should report that there's nothing to write as the CFG data has not changed -- at 0xC26A0: 1
  flash [0] level 1: Flash sector already contains matching data: skipping write operation.
-----------------------------------------
(re)writing active CFG (unchanged) -- this should report that there's nothing to write as the CFG data has not changed -- at 0xC26A0: 1
  flash [0] level 1: Flash sector already contains matching data: skipping write operation.
-----------------------------------------
(re)writing active CFG (unchanged) -- this should report that there's nothing to write as the CFG data has not changed -- at 0xC26A0: 1
  flash [0] level 1: Flash sector already contains matching data: skipping write operation.
writing an updated CFG at address 0xC26C0: 1
(b0:0,b1:42,i1:1,li2:1234567890123456,i3:-555,iter:310)
-----------------------------------------
(re)writing active CFG (unchanged) -- this should report that there's nothing to write as the CFG data has not changed -- at 0xC26C0: 1
  flash [0] level 1: Flash sector already contains matching data: skipping write operation.
-----------------------------------------
(re)writing active CFG (unchanged) -- this should report that there's nothing to write as the CFG data has not changed -- at 0xC26C0: 1
  flash [0] level 1: Flash sector already contains matching data: skipping write operation.
-----------------------------------------
(re)writing active CFG (unchanged) -- this should report that there's nothing to write as the CFG data has not changed -- at 0xC26C0: 1
  flash [0] level 1: Flash sector already contains matching data: skipping write operation.
writing an updated CFG at address 0xC26E0: 1
(b0:0,b1:42,i1:1,li2:1234567890123456,i3:-555,iter:311)
-----------------------------------------
(re)writing active CFG (unchanged) -- this should report that there's nothing to write as the CFG data has not changed -- at 0xC26E0: 1
  flash [0] level 1: Flash sector already contains matching data: skipping write operation.
-----------------------------------------
(re)writing active CFG (unchanged) -- this should report that there's nothing to write as the CFG data has not changed -- at 0xC26E0: 1
  flash [0] level 1: Flash sector already contains matching data: skipping write operation.
-----------------------------------------
(re)writing active CFG (unchanged) -- this should report that there's nothing to write as the CFG data has not changed -- at 0xC26E0: 1
  flash [0] level 1: Flash sector already contains matching data: skipping write operation.
writing an updated CFG at address 0xC2700: 1
(b0:0,b1:42,i1:1,li2:1234567890123456,i3:-555,iter:312)
-----------------------------------------
(re)writing active CFG (unchanged) -- this should report that there's nothing to write as the CFG data has not changed -- at 0xC2700: 1
  flash [0] level 1: Flash sector already contains matching data: skipping write operation.
-----------------------------------------
(re)writing active CFG (unchanged) -- this should report that there's nothing to write as the CFG data has not changed -- at 0xC2700: 1
  flash [0] level 1: Flash sector already contains matching data: skipping write operation.
-----------------------------------------
(re)writing active CFG (unchanged) -- this should report that there's nothing to write as the CFG data has not changed -- at 0xC2700: 1
  flash [0] level 1: Flash sector already contains matching data: skipping write operation.
writing an updated CFG at address 0xC2720: 1
(b0:0,b1:42,i1:1,li2:1234567890123456,i3:-555,iter:313)
-----------------------------------------
(re)writing active CFG (unchanged) -- this should report that there's nothing to write as the CFG data has not changed -- at 0xC2720: 1
  flash [0] level 1: Flash sector already contains matching data: skipping write operation.
-----------------------------------------
(re)writing active CFG (unchanged) -- this should report that there's nothing to write as the CFG data has not changed -- at 0xC2720: 1
  flash [0] level 1: Flash sector already contains matching data: skipping write operation.
-----------------------------------------
(re)writing active CFG (unchanged) -- this should report that there's nothing to write as the CFG data has not changed -- at 0xC2720: 1
  flash [0] level 1: Flash sector already contains matching data: skipping write operation.
writing an updated CFG at address 0xC2740: 1
(b0:0,b1:42,i1:1,li2:1234567890123456,i3:-555,iter:314)
-----------------------------------------
(re)writing active CFG (unchanged) -- this should report that there's nothing to write as the CFG data has not changed -- at 0xC2740: 1
  flash [0] level 1: Flash sector already contains matching data: skipping write operation.
-----------------------------------------
(re)writing active CFG (unchanged) -- this should report that there's nothing to write as the CFG data has not changed -- at 0xC2740: 1
  flash [0] level 1: Flash sector already contains matching data: skipping write operation.
-----------------------------------------
(re)writing active CFG (unchanged) -- this should report that there's nothing to write as the CFG data has not changed -- at 0xC2740: 1
  flash [0] level 1: Flash sector already contains matching data: skipping write operation.
writing an updated CFG at address 0xC2760: 1
(b0:0,b1:42,i1:1,li2:1234567890123456,i3:-555,iter:315)
-----------------------------------------
(re)writing active CFG (unchanged) -- this should report that there's nothing to write as the CFG data has not changed -- at 0xC2760: 1
  flash [0] level 1: Flash sector already contains matching data: skipping write operation.
-----------------------------------------
(re)writing active CFG (unchanged) -- this should report that there's nothing to write as the CFG data has not changed -- at 0xC2760: 1
  flash [0] level 1: Flash sector already contains matching data: skipping write operation.
-----------------------------------------
(re)writing active CFG (unchanged) -- this should report that there's nothing to write as the CFG data has not changed -- at 0xC2760: 1
  flash [0] level 1: Flash sector already contains matching data: skipping write operation.
writing an updated CFG at address 0xC2780: 1
(b0:0,b1:42,i1:1,li2:1234567890123456,i3:-555,iter:316)
-----------------------------------------
(re)writing active CFG (unchanged) -- this should report that there's nothing to write as the CFG data has not changed -- at 0xC2780: 1
  flash [0] level 1: Flash sector already contains matching data: skipping write operation.
-----------------------------------------
(re)writing active CFG (unchanged) -- this should report that there's nothing to write as the CFG data has not changed -- at 0xC2780: 1
  flash [0] level 1: Flash sector already contains matching data: skipping write operation.
-----------------------------------------
(re)writing active CFG (unchanged) -- this should report that there's nothing to write as the CFG data has not changed -- at 0xC2780: 1
  flash [0] level 1: Flash sector already contains matching data: skipping write operation.
writing an updated CFG at address 0xC27A0: 1
(b0:0,b1:42,i1:1,li2:1234567890123456,i3:-555,iter:317)
-----------------------------------------
(re)writing active CFG (unchanged) -- this should report that there's nothing to write as the CFG data has not changed -- at 0xC27A0: 1
  flash [0] level 1: Flash sector already contains matching data: skipping write operation.
-----------------------------------------
(re)writing active CFG (unchanged) -- this should report that there's nothing to write as the CFG data has not changed -- at 0xC27A0: 1
  flash [0] level 1: Flash sector already contains matching data: skipping write operation.
-----------------------------------------
(re)writing active CFG (unchanged) -- this should report that there's nothing to write as the CFG data has not changed -- at 0xC27A0: 1
  flash [0] level 1: Flash sector already contains matching data: skipping write operation.
writing an updated CFG at address 0xC27C0: 1
(b0:0,b1:42,i1:1,li2:1234567890123456,i3:-555,iter:318)
-----------------------------------------
(re)writing active CFG (unchanged) -- this should report that there's nothing to write as the CFG data has not changed -- at 0xC27C0: 1
  flash [0] level 1: Flash sector already contains matching data: skipping write operation.
-----------------------------------------
(re)writing active CFG (unchanged) -- this should report that there's nothing to write as the CFG data has not changed -- at 0xC27C0: 1
  flash [0] level 1: Flash sector already contains matching data: skipping write operation.
-----------------------------------------
(re)writing active CFG (unchanged) -- this should report that there's nothing to write as the CFG data has not changed -- at 0xC27C0: 1
  flash [0] level 1: Flash sector already contains matching data: skipping write operation.
writing an updated CFG at address 0xC27E0: 1
(b0:0,b1:42,i1:1,li2:1234567890123456,i3:-555,iter:319)
-----------------------------------------
(re)writing active CFG (unchanged) -- this should report that there's nothing to write as the CFG data has not changed -- at 0xC27E0: 1
  flash [0] level 1: Flash sector already contains matching data: skipping write operation.
-----------------------------------------
(re)writing active CFG (unchanged) -- this should report that there's nothing to write as the CFG data has not changed -- at 0xC27E0: 1
  flash [0] level 1: Flash sector already contains matching data: skipping write operation.
-----------------------------------------
(re)writing active CFG (unchanged) -- this should report that there's nothing to write as the CFG data has not changed -- at 0xC27E0: 1
  flash [0] level 1: Flash sector already contains matching data: skipping write operation.
writing an updated CFG at address 0xC2800: 1
(b0:0,b1:42,i1:1,li2:1234567890123456,i3:-555,iter:320)
-----------------------------------------
(re)writing active CFG (unchanged) -- this should report that there's nothing to write as the CFG data has not changed -- at 0xC2800: 1
  flash [0] level 1: Flash sector already contains matching data: skipping write operation.
-----------------------------------------
(re)writing active CFG (unchanged) -- this should report that there's nothing to write as the CFG data has not changed -- at 0xC2800: 1
  flash [0] level 1: Flash sector already contains matching data: skipping write operation.
-----------------------------------------
(re)writing active CFG (unchanged) -- this should report that there's nothing to write as the CFG data has not changed -- at 0xC2800: 1
  flash [0] level 1: Flash sector already contains matching data: skipping write operation.
writing an updated CFG at address 0xC2820: 1
(b0:0,b1:42,i1:1,li2:1234567890123456,i3:-555,iter:321)
-----------------------------------------
(re)writing active CFG (unchanged) -- this should report that there's nothing to write as the CFG data has not changed -- at 0xC2820: 1
  flash [0] level 1: Flash sector already contains matching data: skipping write operation.
-----------------------------------------
(re)writing active CFG (unchanged) -- this should report that there's nothing to write as the CFG data has not changed -- at 0xC2820: 1
  flash [0] level 1: Flash sector already contains matching data: skipping write operation.
-----------------------------------------
(re)writing active CFG (unchanged) -- this should report that there's nothing to write as the CFG data has not changed -- at 0xC2820: 1
  flash [0] level 1: Flash sector already contains matching data: skipping write operation.
writing an updated CFG at address 0xC2840: 1
(b0:0,b1:42,i1:1,li2:1234567890123456,i3:-555,iter:322)
-----------------------------------------
(re)writing active CFG (unchanged) -- this should report that there's nothing to write as the CFG data has not changed -- at 0xC2840: 1
  flash [0] level 1: Flash sector already contains matching data: skipping write operation.
-----------------------------------------
(re)writing active CFG (unchanged) -- this should report that there's nothing to write as the CFG data has not changed -- at 0xC2840: 1
  flash [0] level 1: Flash sector already contains matching data: skipping write operation.
-----------------------------------------
(re)writing active CFG (unchanged) -- this should report that there's nothing to write as the CFG data has not changed -- at 0xC2840: 1
  flash [0] level 1: Flash sector already contains matching data: skipping write operation.
writing an updated CFG at address 0xC2860: 1
(b0:0,b1:42,i1:1,li2:1234567890123456,i3:-555,iter:323)
-----------------------------------------
(re)writing active CFG (unchanged) -- this should report that there's nothing to write as the CFG data has not changed -- at 0xC2860: 1
  flash [0] level 1: Flash sector already contains matching data: skipping write operation.
-----------------------------------------
(re)writing active CFG (unchanged) -- this should report that there's nothing to write as the CFG data has not changed -- at 0xC2860: 1
  flash [0] level 1: Flash sector already contains matching data: skipping write operation.
-----------------------------------------
(re)writing active CFG (unchanged) -- this should report that there's nothing to write as the CFG data has not changed -- at 0xC2860: 1
  flash [0] level 1: Flash sector already contains matching data: skipping write operation.
writing an updated CFG at address 0xC2880: 1
(b0:0,b1:42,i1:1,li2:1234567890123456,i3:-555,iter:324)
-----------------------------------------
(re)writing active CFG (unchanged) -- this should report that there's nothing to write as the CFG data has not changed -- at 0xC2880: 1
  flash [0] level 1: Flash sector already contains matching data: skipping write operation.
-----------------------------------------
(re)writing active CFG (unchanged) -- this should report that there's nothing to write as the CFG data has not changed -- at 0xC2880: 1
  flash [0] level 1: Flash sector already contains matching data: skipping write operation.
-----------------------------------------
(re)writing active CFG (unchanged) -- this should report that there's nothing to write as the CFG data has not changed -- at 0xC2880: 1
  flash [0] level 1: Flash sector already contains matching data: skipping write operation.
writing an updated CFG at address 0xC28A0: 1
(b0:0,b1:42,i1:1,li2:1234567890123456,i3:-555,iter:325)
-----------------------------------------
(re)writing active CFG (unchanged) -- this should report that there's nothing to write as the CFG data has not changed -- at 0xC28A0: 1
  flash [0] level 1: Flash sector already contains matching data: skipping write operation.
-----------------------------------------
(re)writing active CFG (unchanged) -- this should report that there's nothing to write as the CFG data has not changed -- at 0xC28A0: 1
  flash [0] level 1: Flash sector already contains matching data: skipping write operation.
-----------------------------------------
(re)writing active CFG (unchanged) -- this should report that there's nothing to write as the CFG data has not changed -- at 0xC28A0: 1
  flash [0] level 1: Flash sector already contains matching data: skipping write operation.
writing an updated CFG at address 0xC28C0: 1
(b0:0,b1:42,i1:1,li2:1234567890123456,i3:-555,iter:326)
-----------------------------------------
(re)writing active CFG (unchanged) -- this should report that there's nothing to write as the CFG data has not changed -- at 0xC28C0: 1
  flash [0] level 1: Flash sector already contains matching data: skipping write operation.
-----------------------------------------
(re)writing active CFG (unchanged) -- this should report that there's nothing to write as the CFG data has not changed -- at 0xC28C0: 1
  flash [0] level 1: Flash sector already contains matching data: skipping write operation.
-----------------------------------------
(re)writing active CFG (unchanged) -- this should report that there's nothing to write as the CFG data has not changed -- at 0xC28C0: 1
  flash [0] level 1: Flash sector already contains matching data: skipping write operation.
writing an updated CFG at address 0xC28E0: 1
(b0:0,b1:42,i1:1,li2:1234567890123456,i3:-555,iter:327)
-----------------------------------------
(re)writing active CFG (unchanged) -- this should report that there's nothing to write as the CFG data has not changed -- at 0xC28E0: 1
  flash [0] level 1: Flash sector already contains matching data: skipping write operation.
-----------------------------------------
(re)writing active CFG (unchanged) -- this should report that there's nothing to write as the CFG data has not changed -- at 0xC28E0: 1
  flash [0] level 1: Flash sector already contains matching data: skipping write operation.
-----------------------------------------
(re)writing active CFG (unchanged) -- this should report that there's nothing to write as the CFG data has not changed -- at 0xC28E0: 1
  flash [0] level 1: Flash sector already contains matching data: skipping write operation.
writing an updated CFG at address 0xC2900: 1
(b0:0,b1:42,i1:1,li2:1234567890123456,i3:-555,iter:328)
-----------------------------------------
(re)writing active CFG (unchanged) -- this should report that there's nothing to write as the CFG data has not changed -- at 0xC2900: 1
  flash [0] level 1: Flash sector already contains matching data: skipping write operation.
-----------------------------------------
(re)writing active CFG (unchanged) -- this should report that there's nothing to write as the CFG data has not changed -- at 0xC2900: 1
  flash [0] level 1: Flash sector already contains matching data: skipping write operation.
-----------------------------------------
(re)writing active CFG (unchanged) -- this should report that there's nothing to write as the CFG data has not changed -- at 0xC2900: 1
  flash [0] level 1: Flash sector already contains matching data: skipping write operation.
writing an updated CFG at address 0xC2920: 1
(b0:0,b1:42,i1:1,li2:1234567890123456,i3:-555,iter:329)
-----------------------------------------
(re)writing active CFG (unchanged) -- this should report that there's nothing to write as the CFG data has not changed -- at 0xC2920: 1
  flash [0] level 1: Flash sector already contains matching data: skipping write operation.
-----------------------------------------
(re)writing active CFG (unchanged) -- this should report that there's nothing to write as the CFG data has not changed -- at 0xC2920: 1
  flash [0] level 1: Flash sector already contains matching data: skipping write operation.
-----------------------------------------
(re)writing active CFG (unchanged) -- this should report that there's nothing to write as the CFG data has not changed -- at 0xC2920: 1
  flash [0] level 1: Flash sector already contains matching data: skipping write operation.
writing an updated CFG at address 0xC2940: 1
(b0:0,b1:42,i1:1,li2:1234567890123456,i3:-555,iter:330)
-----------------------------------------
(re)writing active CFG (unchanged) -- this should report that there's nothing to write as the CFG data has not changed -- at 0xC2940: 1
  flash [0] level 1: Flash sector already contains matching data: skipping write operation.
-----------------------------------------
(re)writing active CFG (unchanged) -- this should report that there's nothing to write as the CFG data has not changed -- at 0xC2940: 1
  flash [0] level 1: Flash sector already contains matching data: skipping write operation.
-----------------------------------------
(re)writing active CFG (unchanged) -- this should report that there's nothing to write as the CFG data has not changed -- at 0xC2940: 1
  flash [0] level 1: Flash sector already contains matching data: skipping write operation.
writing an updated CFG at address 0xC2960: 1
(b0:0,b1:42,i1:1,li2:1234567890123456,i3:-555,iter:331)
-----------------------------------------
(re)writing active CFG (unchanged) -- this should report that there's nothing to write as the CFG data has not changed -- at 0xC2960: 1
  flash [0] level 1: Flash sector already contains matching data: skipping write operation.
-----------------------------------------
(re)writing active CFG (unchanged) -- this should report that there's nothing to write as the CFG data has not changed -- at 0xC2960: 1
  flash [0] level 1: Flash sector already contains matching data: skipping write operation.
-----------------------------------------
(re)writing active CFG (unchanged) -- this should report that there's nothing to write as the CFG data has not changed -- at 0xC2960: 1
  flash [0] level 1: Flash sector already contains matching data: skipping write operation.
writing an updated CFG at address 0xC2980: 1
(b0:0,b1:42,i1:1,li2:1234567890123456,i3:-555,iter:332)
-----------------------------------------
(re)writing active CFG (unchanged) -- this should report that there's nothing to write as the CFG data has not changed -- at 0xC2980: 1
  flash [0] level 1: Flash sector already contains matching data: skipping write operation.
-----------------------------------------
(re)writing active CFG (unchanged) -- this should report that there's nothing to write as the CFG data has not changed -- at 0xC2980: 1
  flash [0] level 1: Flash sector already contains matching data: skipping write operation.
-----------------------------------------
(re)writing active CFG (unchanged) -- this should report that there's nothing to write as the CFG data has not changed -- at 0xC2980: 1
  flash [0] level 1: Flash sector already contains matching data: skipping write operation.
writing an updated CFG at address 0xC29A0: 1
(b0:0,b1:42,i1:1,li2:1234567890123456,i3:-555,iter:333)
-----------------------------------------
(re)writing active CFG (unchanged) -- this should report that there's nothing to write as the CFG data has not changed -- at 0xC29A0: 1
  flash [0] level 1: Flash sector already contains matching data: skipping write operation.
-----------------------------------------
(re)writing active CFG (unchanged) -- this should report that there's nothing to write as the CFG data has not changed -- at 0xC29A0: 1
  flash [0] level 1: Flash sector already contains matching data: skipping write operation.
-----------------------------------------
(re)writing active CFG (unchanged) -- this should report that there's nothing to write as the CFG data has not changed -- at 0xC29A0: 1
  flash [0] level 1: Flash sector already contains matching data: skipping write operation.
writing an updated CFG at address 0xC29C0: 1
(b0:0,b1:42,i1:1,li2:1234567890123456,i3:-555,iter:334)
-----------------------------------------
(re)writing active CFG (unchanged) -- this should report that there's nothing to write as the CFG data has not changed -- at 0xC29C0: 1
  flash [0] level 1: Flash sector already contains matching data: skipping write operation.
-----------------------------------------
(re)writing active CFG (unchanged) -- this should report that there's nothing to write as the CFG data has not changed -- at 0xC29C0: 1
  flash [0] level 1: Flash sector already contains matching data: skipping write operation.
-----------------------------------------
(re)writing active CFG (unchanged) -- this should report that there's nothing to write as the CFG data has not changed -- at 0xC29C0: 1
  flash [0] level 1: Flash sector already contains matching data: skipping write operation.
writing an updated CFG at address 0xC29E0: 1
(b0:0,b1:42,i1:1,li2:1234567890123456,i3:-555,iter:335)
Halting... (press RESET button to observe the last written CFG being kept intact in flash storage)






DueFlashStorage: reading/writing a struct from/to flash example (with optimized write: only when change has happened)
Z:\lib\tooling\qiqqa\MuPDF\thirdparty\owemdjee\DueFlashStorage\examples\DueFlashStorageOnlyUsing2ndFlashAreaExample\DueFlashStorageExample.ino


scanning the flash data zone...
Scan results:
last used @ 0xC29E0: (b0:0,b1:42,i1:1,li2:1234567890123456,i3:-555,iter:335)
oldest used @ 0xC0000: (b0:0,b1:42,i1:1,li2:1234567890123456,i3:-555,iter:0)
Inspected 336 slots, out of a total of 8192 potential slots.
writing an updated CFG at address 0xC2A00: 1
(b0:0,b1:42,i1:1,li2:1234567890123456,i3:-555,iter:336)
========================================================
(re)writing active CFG (unchanged) -- this should report that there's nothing to write as the CFG data has not changed -- at 0xC2A00: 1
  flash [0] level 1: Flash sector already contains matching data: skipping write operation.
-----------------------------------------
(re)writing active CFG (unchanged) -- this should report that there's nothing to write as the CFG data has not changed -- at 0xC2A00: 1
  flash [0] level 1: Flash sector already contains matching data: skipping write operation.
writing an updated CFG at address 0xC2A20: 1
(b0:0,b1:42,i1:1,li2:1234567890123456,i3:-555,iter:337)
-----------------------------------------
(re)writing active CFG (unchanged) -- this should report that there's nothing to write as the CFG data has not changed -- at 0xC2A20: 1
  flash [0] level 1: Flash sector already contains matching data: skipping write operation.
-----------------------------------------
(re)writing active CFG (unchanged) -- this should report that there's nothing to write as the CFG data has not changed -- at 0xC2A20: 1
  flash [0] level 1: Flash sector already contains matching data: skipping write operation.
-----------------------------------------
(re)writing active CFG (unchanged) -- this should report that there's nothing to write as the CFG data has not changed -- at 0xC2A20: 1
  flash [0] level 1: Flash sector already contains matching data: skipping write operation.
writing an updated CFG at address 0xC2A40: 1
(b0:0,b1:42,i1:1,li2:1234567890123456,i3:-555,iter:338)
-----------------------------------------
(re)writing active CFG (unchanged) -- this should report that there's nothing to write as the CFG data has not changed -- at 0xC2A40: 1
  flash [0] level 1: Flash sector already contains matching data: skipping write operation.
-----------------------------------------
(re)writing active CFG (unchanged) -- this should report that there's nothing to write as the CFG data has not changed -- at 0xC2A40: 1
  flash [0] level 1: Flash sector already contains matching data: skipping write operation.
-----------------------------------------
(re)writing active CFG (unchanged) -- this should report that there's nothing to write as the CFG data has not changed -- at 0xC2A40: 1
  flash [0] level 1: Flash sector already contains matching data: skipping write operation.
writing an updated CFG at address 0xC2A60: 1
(b0:0,b1:42,i1:1,li2:1234567890123456,i3:-555,iter:339)
-----------------------------------------
(re)writing active CFG (unchanged) -- this should report that there's nothing to write as the CFG data has not changed -- at 0xC2A60: 1
  flash [0] level 1: Flash sector already contains matching data: skipping write operation.
-----------------------------------------
(re)writing active CFG (unchanged) -- this should report that there's nothing to write as the CFG data has not changed -- at 0xC2A60: 1
  flash [0] level 1: Flash sector already contains matching data: skipping write operation.
-----------------------------------------
(re)writing active CFG (unchanged) -- this should report that there's nothing to write as the CFG data has not changed -- at 0xC2A60: 1
  flash [0] level 1: Flash sector already contains matching data: skipping write operation.
writing an updated CFG at address 0xC2A80: 1
(b0:0,b1:42,i1:1,li2:1234567890123456,i3:-555,iter:340)
-----------------------------------------
(re)writing active CFG (unchanged) -- this should report that there's nothing to write as the CFG data has not changed -- at 0xC2A80: 1
  flash [0] level 1: Flash sector already contains matching data: skipping write operation.
-----------------------------------------
(re)writing active CFG (unchanged) -- this should report that there's nothing to write as the CFG data has not changed -- at 0xC2A80: 1
  flash [0] level 1: Flash sector already contains matching data: skipping write operation.
-----------------------------------------
(re)writing active CFG (unchanged) -- this should report that there's nothing to write as the CFG data has not changed -- at 0xC2A80: 1
  flash [0] level 1: Flash sector already contains matching data: skipping write operation.
writing an updated CFG at address 0xC2AA0: 1
(b0:0,b1:42,i1:1,li2:1234567890123456,i3:-555,iter:341)
-----------------------------------------
(re)writing active CFG (unchanged) -- this should report that there's nothing to write as the CFG data has not changed -- at 0xC2AA0: 1
  flash [0] level 1: Flash sector already contains matching data: skipping write operation.
-----------------------------------------
(re)writing active CFG (unchanged) -- this should report that there's nothing to write as the CFG data has not changed -- at 0xC2AA0: 1
  flash [0] level 1: Flash sector already contains matching data: skipping write operation.
-----------------------------------------
(re)writing active CFG (unchanged) -- this should report that there's nothing to write as the CFG data has not changed -- at 0xC2AA0: 1
  flash [0] level 1: Flash sector already contains matching data: skipping write operation.
writing an updated CFG at address 0xC2AC0: 1
(b0:0,b1:42,i1:1,li2:1234567890123456,i3:-555,iter:342)
-----------------------------------------
(re)writing active CFG (unchanged) -- this should report that there's nothing to write as the CFG data has not changed -- at 0xC2AC0: 1
  flash [0] level 1: Flash sector already contains matching data: skipping write operation.
-----------------------------------------
(re)writing active CFG (unchanged) -- this should report that there's nothing to write as the CFG data has not changed -- at 0xC2AC0: 1
  flash [0] level 1: Flash sector already contains matching data: skipping write operation.
-----------------------------------------
(re)writing active CFG (unchanged) -- this should report that there's nothing to write as the CFG data has not changed -- at 0xC2AC0: 1
  flash [0] level 1: Flash sector already contains matching data: skipping write operation.
writing an updated CFG at address 0xC2AE0: 1
(b0:0,b1:42,i1:1,li2:1234567890123456,i3:-555,iter:343)
-----------------------------------------
(re)writing active CFG (unchanged) -- this should report that there's nothing to write as the CFG data has not changed -- at 0xC2AE0: 1
  flash [0] level 1: Flash sector already contains matching data: skipping write operation.
-----------------------------------------
(re)writing active CFG (unchanged) -- this should report that there's nothing to write as the CFG data has not changed -- at 0xC2AE0: 1
  flash [0] level 1: Flash sector already contains matching data: skipping write operation.
-----------------------------------------
(re)writing active CFG (unchanged) -- this should report that there's nothing to write as the CFG data has not changed -- at 0xC2AE0: 1
  flash [0] level 1: Flash sector already contains matching data: skipping write operation.
writing an updated CFG at address 0xC2B00: 1
(b0:0,b1:42,i1:1,li2:1234567890123456,i3:-555,iter:344)
-----------------------------------------
(re)writing active CFG (unchanged) -- this should report that there's nothing to write as the CFG data has not changed -- at 0xC2B00: 1
  flash [0] level 1: Flash sector already contains matching data: skipping write operation.
-----------------------------------------
(re)writing active CFG (unchanged) -- this should report that there's nothing to write as the CFG data has not changed -- at 0xC2B00: 1
  flash [0] level 1: Flash sector already contains matching data: skipping write operation.
-----------------------------------------
(re)writing active CFG (unchanged) -- this should report that there's nothing to write as the CFG data has not changed -- at 0xC2B00: 1
  flash [0] level 1: Flash sector already contains matching data: skipping write operation.
writing an updated CFG at address 0xC2B20: 1
(b0:0,b1:42,i1:1,li2:1234567890123456,i3:-555,iter:345)
-----------------------------------------
(re)writing active CFG (unchanged) -- this should report that there's nothing to write as the CFG data has not changed -- at 0xC2B20: 1
  flash [0] level 1: Flash sector already contains matching data: skipping write operation.
-----------------------------------------
(re)writing active CFG (unchanged) -- this should report that there's nothing to write as the CFG data has not changed -- at 0xC2B20: 1
  flash [0] level 1: Flash sector already contains matching data: skipping write operation.
-----------------------------------------
(re)writing active CFG (unchanged) -- this should report that there's nothing to write as the CFG data has not changed -- at 0xC2B20: 1
  flash [0] level 1: Flash sector already contains matching data: skipping write operation.
writing an updated CFG at address 0xC2B40: 1
(b0:0,b1:42,i1:1,li2:1234567890123456,i3:-555,iter:346)
-----------------------------------------
(re)writing active CFG (unchanged) -- this should report that there's nothing to write as the CFG data has not changed -- at 0xC2B40: 1
  flash [0] level 1: Flash sector already contains matching data: skipping write operation.
-----------------------------------------
(re)writing active CFG (unchanged) -- this should report that there's nothing to write as the CFG data has not changed -- at 0xC2B40: 1
  flash [0] level 1: Flash sector already contains matching data: skipping write operation.
-----------------------------------------
(re)writing active CFG (unchanged) -- this should report that there's nothing to write as the CFG data has not changed -- at 0xC2B40: 1
  flash [0] level 1: Flash sector already contains matching data: skipping write operation.
writing an updated CFG at address 0xC2B60: 1
(b0:0,b1:42,i1:1,li2:1234567890123456,i3:-555,iter:347)
-----------------------------------------
(re)writing active CFG (unchanged) -- this should report that there's nothing to write as the CFG data has not changed -- at 0xC2B60: 1
  flash [0] level 1: Flash sector already contains matching data: skipping write operation.
-----------------------------------------
(re)writing active CFG (unchanged) -- this should report that there's nothing to write as the CFG data has not changed -- at 0xC2B60: 1
  flash [0] level 1: Flash sector already contains matching data: skipping write operation.
-----------------------------------------
(re)writing active CFG (unchanged) -- this should report that there's nothing to write as the CFG data has not changed -- at 0xC2B60: 1
  flash [0] level 1: Flash sector already contains matching data: skipping write operation.
writing an updated CFG at address 0xC2B80: 1
(b0:0,b1:42,i1:1,li2:1234567890123456,i3:-555,iter:348)
-----------------------------------------
(re)writing active CFG (unchanged) -- this should report that there's nothing to write as the CFG data has not changed -- at 0xC2B80: 1
  flash [0] level 1: Flash sector already contains matching data: skipping write operation.
-----------------------------------------
(re)writing active CFG (unchanged) -- this should report that there's nothing to write as the CFG data has not changed -- at 0xC2B80: 1
  flash [0] level 1: Flash sector already contains matching data: skipping write operation.
-----------------------------------------
(re)writing active CFG (unchanged) -- this should report that there's nothing to write as the CFG data has not changed -- at 0xC2B80: 1
  flash [0] level 1: Flash sector already contains matching data: skipping write operation.
writing an updated CFG at address 0xC2BA0: 1
(b0:0,b1:42,i1:1,li2:1234567890123456,i3:-555,iter:349)
-----------------------------------------
(re)writing active CFG (unchanged) -- this should report that there's nothing to write as the CFG data has not changed -- at 0xC2BA0: 1
  flash [0] level 1: Flash sector already contains matching data: skipping write operation.
-----------------------------------------
(re)writing active CFG (unchanged) -- this should report that there's nothing to write as the CFG data has not changed -- at 0xC2BA0: 1
  flash [0] level 1: Flash sector already contains matching data: skipping write operation.
-----------------------------------------
(re)writing active CFG (unchanged) -- this should report that there's nothing to write as the CFG data has not changed -- at 0xC2BA0: 1
  flash [0] level 1: Flash sector already contains matching data: skipping write operation.
writing an updated CFG at address 0xC2BC0: 1
(b0:0,b1:42,i1:1,li2:1234567890123456,i3:-555,iter:350)
-----------------------------------------
(re)writing active CFG (unchanged) -- this should report that there's nothing to write as the CFG data has not changed -- at 0xC2BC0: 1
  flash [0] level 1: Flash sector already contains matching data: skipping write operation.
-----------------------------------------
(re)writing active CFG (unchanged) -- this should report that there's nothing to write as the CFG data has not changed -- at 0xC2BC0: 1
  flash [0] level 1: Flash sector already contains matching data: skipping write operation.
-----------------------------------------
(re)writing active CFG (unchanged) -- this should report that there's nothing to write as the CFG data has not changed -- at 0xC2BC0: 1
  flash [0] level 1: Flash sector already contains matching data: skipping write operation.
writing an updated CFG at address 0xC2BE0: 1
(b0:0,b1:42,i1:1,li2:1234567890123456,i3:-555,iter:351)
-----------------------------------------
(re)writing active CFG (unchanged) -- this should report that there's nothing to write as the CFG data has not changed -- at 0xC2BE0: 1
  flash [0] level 1: Flash sector already contains matching data: skipping write operation.
-----------------------------------------
(re)writing active CFG (unchanged) -- this should report that there's nothing to write as the CFG data has not changed -- at 0xC2BE0: 1
  flash [0] level 1: Flash sector already contains matching data: skipping write operation.
-----------------------------------------
(re)writing active CFG (unchanged) -- this should report that there's nothing to write as the CFG data has not changed -- at 0xC2BE0: 1
  flash [0] level 1: Flash sector already contains matching data: skipping write operation.
writing an updated CFG at address 0xC2C00: 1
(b0:0,b1:42,i1:1,li2:1234567890123456,i3:-555,iter:352)
-----------------------------------------
(re)writing active CFG (unchanged) -- this should report that there's nothing to write as the CFG data has not changed -- at 0xC2C00: 1
  flash [0] level 1: Flash sector already contains matching data: skipping write operation.
-----------------------------------------
(re)writing active CFG (unchanged) -- this should report that there's nothing to write as the CFG data has not changed -- at 0xC2C00: 1
  flash [0] level 1: Flash sector already contains matching data: skipping write operation.
-----------------------------------------
(re)writing active CFG (unchanged) -- this should report that there's nothing to write as the CFG data has not changed -- at 0xC2C00: 1
  flash [0] level 1: Flash sector already contains matching data: skipping write operation.
writing an updated CFG at address 0xC2C20: 1
(b0:0,b1:42,i1:1,li2:1234567890123456,i3:-555,iter:353)
-----------------------------------------
(re)writing active CFG (unchanged) -- this should report that there's nothing to write as the CFG data has not changed -- at 0xC2C20: 1
  flash [0] level 1: Flash sector already contains matching data: skipping write operation.
-----------------------------------------
(re)writing active CFG (unchanged) -- this should report that there's nothing to write as the CFG data has not changed -- at 0xC2C20: 1
  flash [0] level 1: Flash sector already contains matching data: skipping write operation.
-----------------------------------------
(re)writing active CFG (unchanged) -- this should report that there's nothing to write as the CFG data has not changed -- at 0xC2C20: 1
  flash [0] level 1: Flash sector already contains matching data: skipping write operation.
writing an updated CFG at address 0xC2C40: 1
(b0:0,b1:42,i1:1,li2:1234567890123456,i3:-555,iter:354)
-----------------------------------------
(re)writing active CFG (unchanged) -- this should report that there's nothing to write as the CFG data has not changed -- at 0xC2C40: 1
  flash [0] level 1: Flash sector already contains matching data: skipping write operation.
-----------------------------------------
(re)writing active CFG (unchanged) -- this should report that there's nothing to write as the CFG data has not changed -- at 0xC2C40: 1
  flash [0] level 1: Flash sector already contains matching data: skipping write operation.
-----------------------------------------
(re)writing active CFG (unchanged) -- this should report that there's nothing to write as the CFG data has not changed -- at 0xC2C40: 1
  flash [0] level 1: Flash sector already contains matching data: skipping write operation.
writing an updated CFG at address 0xC2C60: 1
(b0:0,b1:42,i1:1,li2:1234567890123456,i3:-555,iter:355)
-----------------------------------------
(re)writing active CFG (unchanged) -- this should report that there's nothing to write as the CFG data has not changed -- at 0xC2C60: 1
  flash [0] level 1: Flash sector already contains matching data: skipping write operation.
-----------------------------------------
(re)writing active CFG (unchanged) -- this should report that there's nothing to write as the CFG data has not changed -- at 0xC2C60: 1
  flash [0] level 1: Flash sector already contains matching data: skipping write operation.
-----------------------------------------
(re)writing active CFG (unchanged) -- this should report that there's nothing to write as the CFG data has not changed -- at 0xC2C60: 1
  flash [0] level 1: Flash sector already contains matching data: skipping write operation.
writing an updated CFG at address 0xC2C80: 1
(b0:0,b1:42,i1:1,li2:1234567890123456,i3:-555,iter:356)
-----------------------------------------
(re)writing active CFG (unchanged) -- this should report that there's nothing to write as the CFG data has not changed -- at 0xC2C80: 1
  flash [0] level 1: Flash sector already contains matching data: skipping write operation.
-----------------------------------------
(re)writing active CFG (unchanged) -- this should report that there's nothing to write as the CFG data has not changed -- at 0xC2C80: 1
  flash [0] level 1: Flash sector already contains matching data: skipping write operation.
-----------------------------------------
(re)writing active CFG (unchanged) -- this should report that there's nothing to write as the CFG data has not changed -- at 0xC2C80: 1
  flash [0] level 1: Flash sector already contains matching data: skipping write operation.
writing an updated CFG at address 0xC2CA0: 1
(b0:0,b1:42,i1:1,li2:1234567890123456,i3:-555,iter:357)
-----------------------------------------
(re)writing active CFG (unchanged) -- this should report that there's nothing to write as the CFG data has not changed -- at 0xC2CA0: 1
  flash [0] level 1: Flash sector already contains matching data: skipping write operation.
-----------------------------------------
(re)writing active CFG (unchanged) -- this should report that there's nothing to write as the CFG data has not changed -- at 0xC2CA0: 1
  flash [0] level 1: Flash sector already contains matching data: skipping write operation.
-----------------------------------------
(re)writing active CFG (unchanged) -- this should report that there's nothing to write as the CFG data has not changed -- at 0xC2CA0: 1
  flash [0] level 1: Flash sector already contains matching data: skipping write operation.
writing an updated CFG at address 0xC2CC0: 1
(b0:0,b1:42,i1:1,li2:1234567890123456,i3:-555,iter:358)
-----------------------------------------
(re)writing active CFG (unchanged) -- this should report that there's nothing to write as the CFG data has not changed -- at 0xC2CC0: 1
  flash [0] level 1: Flash sector already contains matching data: skipping write operation.
-----------------------------------------
(re)writing active CFG (unchanged) -- this should report that there's nothing to write as the CFG data has not changed -- at 0xC2CC0: 1
  flash [0] level 1: Flash sector already contains matching data: skipping write operation.
-----------------------------------------
(re)writing active CFG (unchanged) -- this should report that there's nothing to write as the CFG data has not changed -- at 0xC2CC0: 1
  flash [0] level 1: Flash sector already contains matching data: skipping write operation.
writing an updated CFG at address 0xC2CE0: 1
(b0:0,b1:42,i1:1,li2:1234567890123456,i3:-555,iter:359)
-----------------------------------------
(re)writing active CFG (unchanged) -- this should report that there's nothing to write as the CFG data has not changed -- at 0xC2CE0: 1
  flash [0] level 1: Flash sector already contains matching data: skipping write operation.
-----------------------------------------
(re)writing active CFG (unchanged) -- this should report that there's nothing to write as the CFG data has not changed -- at 0xC2CE0: 1
  flash [0] level 1: Flash sector already contains matching data: skipping write operation.
-----------------------------------------
(re)writing active CFG (unchanged) -- this should report that there's nothing to write as the CFG data has not changed -- at 0xC2CE0: 1
  flash [0] level 1: Flash sector already contains matching data: skipping write operation.
writing an updated CFG at address 0xC2D00: 1
(b0:0,b1:42,i1:1,li2:1234567890123456,i3:-555,iter:360)
-----------------------------------------
(re)writing active CFG (unchanged) -- this should report that there's nothing to write as the CFG data has not changed -- at 0xC2D00: 1
  flash [0] level 1: Flash sector already contains matching data: skipping write operation.
-----------------------------------------
(re)writing active CFG (unchanged) -- this should report that there's nothing to write as the CFG data has not changed -- at 0xC2D00: 1
  flash [0] level 1: Flash sector already contains matching data: skipping write operation.
-----------------------------------------
(re)writing active CFG (unchanged) -- this should report that there's nothing to write as the CFG data has not changed -- at 0xC2D00: 1
  flash [0] level 1: Flash sector already contains matching data: skipping write operation.
writing an updated CFG at address 0xC2D20: 1
(b0:0,b1:42,i1:1,li2:1234567890123456,i3:-555,iter:361)
-----------------------------------------
(re)writing active CFG (unchanged) -- this should report that there's nothing to write as the CFG data has not changed -- at 0xC2D20: 1
  flash [0] level 1: Flash sector already contains matching data: skipping write operation.
-----------------------------------------
(re)writing active CFG (unchanged) -- this should report that there's nothing to write as the CFG data has not changed -- at 0xC2D20: 1
  flash [0] level 1: Flash sector already contains matching data: skipping write operation.
-----------------------------------------
(re)writing active CFG (unchanged) -- this should report that there's nothing to write as the CFG data has not changed -- at 0xC2D20: 1
  flash [0] level 1: Flash sector already contains matching data: skipping write operation.
writing an updated CFG at address 0xC2D40: 1
(b0:0,b1:42,i1:1,li2:1234567890123456,i3:-555,iter:362)
-----------------------------------------
(re)writing active CFG (unchanged) -- this should report that there's nothing to write as the CFG data has not changed -- at 0xC2D40: 1
  flash [0] level 1: Flash sector already contains matching data: skipping write operation.
-----------------------------------------
(re)writing active CFG (unchanged) -- this should report that there's nothing to write as the CFG data has not changed -- at 0xC2D40: 1
  flash [0] level 1: Flash sector already contains matching data: skipping write operation.
-----------------------------------------
(re)writing active CFG (unchanged) -- this should report that there's nothing to write as the CFG data has not changed -- at 0xC2D40: 1
  flash [0] level 1: Flash sector already contains matching data: skipping write operation.
writing an updated CFG at address 0xC2D60: 1
(b0:0,b1:42,i1:1,li2:1234567890123456,i3:-555,iter:363)
-----------------------------------------
(re)writing active CFG (unchanged) -- this should report that there's nothing to write as the CFG data has not changed -- at 0xC2D60: 1
  flash [0] level 1: Flash sector already contains matching data: skipping write operation.
-----------------------------------------
(re)writing active CFG (unchanged) -- this should report that there's nothing to write as the CFG data has not changed -- at 0xC2D60: 1
  flash [0] level 1: Flash sector already contains matching data: skipping write operation.
-----------------------------------------
(re)writing active CFG (unchanged) -- this should report that there's nothing to write as the CFG data has not changed -- at 0xC2D60: 1
  flash [0] level 1: Flash sector already contains matching data: skipping write operation.
writing an updated CFG at address 0xC2D80: 1
(b0:0,b1:42,i1:1,li2:1234567890123456,i3:-555,iter:364)
-----------------------------------------
(re)writing active CFG (unchanged) -- this should report that there's nothing to write as the CFG data has not changed -- at 0xC2D80: 1
  flash [0] level 1: Flash sector already contains matching data: skipping write operation.
-----------------------------------------
(re)writing active CFG (unchanged) -- this should report that there's nothing to write as the CFG data has not changed -- at 0xC2D80: 1
  flash [0] level 1: Flash sector already contains matching data: skipping write operation.
-----------------------------------------
(re)writing active CFG (unchanged) -- this should report that there's nothing to write as the CFG data has not changed -- at 0xC2D80: 1
  flash [0] level 1: Flash sector already contains matching data: skipping write operation.
writing an updated CFG at address 0xC2DA0: 1
(b0:0,b1:42,i1:1,li2:1234567890123456,i3:-555,iter:365)
-----------------------------------------
(re)writing active CFG (unchanged) -- this should report that there's nothing to write as the CFG data has not changed -- at 0xC2DA0: 1
  flash [0] level 1: Flash sector already contains matching data: skipping write operation.
-----------------------------------------
(re)writing active CFG (unchanged) -- this should report that there's nothing to write as the CFG data has not changed -- at 0xC2DA0: 1
  flash [0] level 1: Flash sector already contains matching data: skipping write operation.
-----------------------------------------
(re)writing active CFG (unchanged) -- this should report that there's nothing to write as the CFG data has not changed -- at 0xC2DA0: 1
  flash [0] level 1: Flash sector already contains matching data: skipping write operation.
writing an updated CFG at address 0xC2DC0: 1
(b0:0,b1:42,i1:1,li2:1234567890123456,i3:-555,iter:366)
-----------------------------------------
(re)writing active CFG (unchanged) -- this should report that there's nothing to write as the CFG data has not changed -- at 0xC2DC0: 1
  flash [0] level 1: Flash sector already contains matching data: skipping write operation.
-----------------------------------------
(re)writing active CFG (unchanged) -- this should report that there's nothing to write as the CFG data has not changed -- at 0xC2DC0: 1
  flash [0] level 1: Flash sector already contains matching data: skipping write operation.
-----------------------------------------
(re)writing active CFG (unchanged) -- this should report that there's nothing to write as the CFG data has not changed -- at 0xC2DC0: 1
  flash [0] level 1: Flash sector already contains matching data: skipping write operation.
writing an updated CFG at address 0xC2DE0: 1
(b0:0,b1:42,i1:1,li2:1234567890123456,i3:-555,iter:367)
-----------------------------------------
(re)writing active CFG (unchanged) -- this should report that there's nothing to write as the CFG data has not changed -- at 0xC2DE0: 1
  flash [0] level 1: Flash sector already contains matching data: skipping write operation.
-----------------------------------------
(re)writing active CFG (unchanged) -- this should report that there's nothing to write as the CFG data has not changed -- at 0xC2DE0: 1
  flash [0] level 1: Flash sector already contains matching data: skipping write operation.
-----------------------------------------
(re)writing active CFG (unchanged) -- this should report that there's nothing to write as the CFG data has not changed -- at 0xC2DE0: 1
  flash [0] level 1: Flash sector already contains matching data: skipping write operation.
writing an updated CFG at address 0xC2E00: 1
(b0:0,b1:42,i1:1,li2:1234567890123456,i3:-555,iter:368)
-----------------------------------------
(re)writing active CFG (unchanged) -- this should report that there's nothing to write as the CFG data has not changed -- at 0xC2E00: 1
  flash [0] level 1: Flash sector already contains matching data: skipping write operation.
-----------------------------------------
(re)writing active CFG (unchanged) -- this should report that there's nothing to write as the CFG data has not changed -- at 0xC2E00: 1
  flash [0] level 1: Flash sector already contains matching data: skipping write operation.
-----------------------------------------
(re)writing active CFG (unchanged) -- this should report that there's nothing to write as the CFG data has not changed -- at 0xC2E00: 1
  flash [0] level 1: Flash sector already contains matching data: skipping write operation.
writing an updated CFG at address 0xC2E20: 1
(b0:0,b1:42,i1:1,li2:1234567890123456,i3:-555,iter:369)
-----------------------------------------
(re)writing active CFG (unchanged) -- this should report that there's nothing to write as the CFG data has not changed -- at 0xC2E20: 1
  flash [0] level 1: Flash sector already contains matching data: skipping write operation.
-----------------------------------------
(re)writing active CFG (unchanged) -- this should report that there's nothing to write as the CFG data has not changed -- at 0xC2E20: 1
  flash [0] level 1: Flash sector already contains matching data: skipping write operation.
-----------------------------------------
(re)writing active CFG (unchanged) -- this should report that there's nothing to write as the CFG data has not changed -- at 0xC2E20: 1
  flash [0] level 1: Flash sector already contains matching data: skipping write operation.
writing an updated CFG at address 0xC2E40: 1
(b0:0,b1:42,i1:1,li2:1234567890123456,i3:-555,iter:370)
-----------------------------------------
(re)writing active CFG (unchanged) -- this should report that there's nothing to write as the CFG data has not changed -- at 0xC2E40: 1
  flash [0] level 1: Flash sector already contains matching data: skipping write operation.
-----------------------------------------
(re)writing active CFG (unchanged) -- this should report that there's nothing to write as the CFG data has not changed -- at 0xC2E40: 1
  flash [0] level 1: Flash sector already contains matching data: skipping write operation.
-----------------------------------------
(re)writing active CFG (unchanged) -- this should report that there's nothing to write as the CFG data has not changed -- at 0xC2E40: 1
  flash [0] level 1: Flash sector already contains matching data: skipping write operation.
writing an updated CFG at address 0xC2E60: 1
(b0:0,b1:42,i1:1,li2:1234567890123456,i3:-555,iter:371)
-----------------------------------------
(re)writing active CFG (unchanged) -- this should report that there's nothing to write as the CFG data has not changed -- at 0xC2E60: 1
  flash [0] level 1: Flash sector already contains matching data: skipping write operation.
-----------------------------------------
(re)writing active CFG (unchanged) -- this should report that there's nothing to write as the CFG data has not changed -- at 0xC2E60: 1
  flash [0] level 1: Flash sector already contains matching data: skipping write operation.
-----------------------------------------
(re)writing active CFG (unchanged) -- this should report that there's nothing to write as the CFG data has not changed -- at 0xC2E60: 1
  flash [0] level 1: Flash sector already contains matching data: skipping write operation.
writing an updated CFG at address 0xC2E80: 1
(b0:0,b1:42,i1:1,li2:1234567890123456,i3:-555,iter:372)
-----------------------------------------
(re)writing active CFG (unchanged) -- this should report that there's nothing to write as the CFG data has not changed -- at 0xC2E80: 1
  flash [0] level 1: Flash sector already contains matching data: skipping write operation.
-----------------------------------------
(re)writing active CFG (unchanged) -- this should report that there's nothing to write as the CFG data has not changed -- at 0xC2E80: 1
  flash [0] level 1: Flash sector already contains matching data: skipping write operation.
-----------------------------------------
(re)writing active CFG (unchanged) -- this should report that there's nothing to write as the CFG data has not changed -- at 0xC2E80: 1
  flash [0] level 1: Flash sector already contains matching data: skipping write operation.
writing an updated CFG at address 0xC2EA0: 1
(b0:0,b1:42,i1:1,li2:1234567890123456,i3:-555,iter:373)
-----------------------------------------
(re)writing active CFG (unchanged) -- this should report that there's nothing to write as the CFG data has not changed -- at 0xC2EA0: 1
  flash [0] level 1: Flash sector already contains matching data: skipping write operation.
-----------------------------------------
(re)writing active CFG (unchanged) -- this should report that there's nothing to write as the CFG data has not changed -- at 0xC2EA0: 1
  flash [0] level 1: Flash sector already contains matching data: skipping write operation.
-----------------------------------------
(re)writing active CFG (unchanged) -- this should report that there's nothing to write as the CFG data has not changed -- at 0xC2EA0: 1
  flash [0] level 1: Flash sector already contains matching data: skipping write operation.
writing an updated CFG at address 0xC2EC0: 1
(b0:0,b1:42,i1:1,li2:1234567890123456,i3:-555,iter:374)
-----------------------------------------
(re)writing active CFG (unchanged) -- this should report that there's nothing to write as the CFG data has not changed -- at 0xC2EC0: 1
  flash [0] level 1: Flash sector already contains matching data: skipping write operation.
-----------------------------------------
(re)writing active CFG (unchanged) -- this should report that there's nothing to write as the CFG data has not changed -- at 0xC2EC0: 1
  flash [0] level 1: Flash sector already contains matching data: skipping write operation.
-----------------------------------------
(re)writing active CFG (unchanged) -- this should report that there's nothing to write as the CFG data has not changed -- at 0xC2EC0: 1
  flash [0] level 1: Flash sector already contains matching data: skipping write operation.
writing an updated CFG at address 0xC2EE0: 1
(b0:0,b1:42,i1:1,li2:1234567890123456,i3:-555,iter:375)
-----------------------------------------
(re)writing active CFG (unchanged) -- this should report that there's nothing to write as the CFG data has not changed -- at 0xC2EE0: 1
  flash [0] level 1: Flash sector already contains matching data: skipping write operation.
-----------------------------------------
(re)writing active CFG (unchanged) -- this should report that there's nothing to write as the CFG data has not changed -- at 0xC2EE0: 1
  flash [0] level 1: Flash sector already contains matching data: skipping write operation.
-----------------------------------------
(re)writing active CFG (unchanged) -- this should report that there's nothing to write as the CFG data has not changed -- at 0xC2EE0: 1
  flash [0] level 1: Flash sector already contains matching data: skipping write operation.
writing an updated CFG at address 0xC2F00: 1
(b0:0,b1:42,i1:1,li2:1234567890123456,i3:-555,iter:376)
-----------------------------------------
(re)writing active CFG (unchanged) -- this should report that there's nothing to write as the CFG data has not changed -- at 0xC2F00: 1
  flash [0] level 1: Flash sector already contains matching data: skipping write operation.
-----------------------------------------
(re)writing active CFG (unchanged) -- this should report that there's nothing to write as the CFG data has not changed -- at 0xC2F00: 1
  flash [0] level 1: Flash sector already contains matching data: skipping write operation.
-----------------------------------------
(re)writing active CFG (unchanged) -- this should report that there's nothing to write as the CFG data has not changed -- at 0xC2F00: 1
  flash [0] level 1: Flash sector already contains matching data: skipping write operation.
writing an updated CFG at address 0xC2F20: 1
(b0:0,b1:42,i1:1,li2:1234567890123456,i3:-555,iter:377)
-----------------------------------------
(re)writing active CFG (unchanged) -- this should report that there's nothing to write as the CFG data has not changed -- at 0xC2F20: 1
  flash [0] level 1: Flash sector already contains matching data: skipping write operation.
-----------------------------------------
(re)writing active CFG (unchanged) -- this should report that there's nothing to write as the CFG data has not changed -- at 0xC2F20: 1
  flash [0] level 1: Flash sector already contains matching data: skipping write operation.
-----------------------------------------
(re)writing active CFG (unchanged) -- this should report that there's nothing to write as the CFG data has not changed -- at 0xC2F20: 1
  flash [0] level 1: Flash sector already contains matching data: skipping write operation.
writing an updated CFG at address 0xC2F40: 1
(b0:0,b1:42,i1:1,li2:1234567890123456,i3:-555,iter:378)
-----------------------------------------
(re)writing active CFG (unchanged) -- this should report that there's nothing to write as the CFG data has not changed -- at 0xC2F40: 1
  flash [0] level 1: Flash sector already contains matching data: skipping write operation.
-----------------------------------------
(re)writing active CFG (unchanged) -- this should report that there's nothing to write as the CFG data has not changed -- at 0xC2F40: 1
  flash [0] level 1: Flash sector already contains matching data: skipping write operation.
-----------------------------------------
(re)writing active CFG (unchanged) -- this should report that there's nothing to write as the CFG data has not changed -- at 0xC2F40: 1
  flash [0] level 1: Flash sector already contains matching data: skipping write operation.
writing an updated CFG at address 0xC2F60: 1
(b0:0,b1:42,i1:1,li2:1234567890123456,i3:-555,iter:379)
-----------------------------------------
(re)writing active CFG (unchanged) -- this should report that there's nothing to write as the CFG data has not changed -- at 0xC2F60: 1
  flash [0] level 1: Flash sector already contains matching data: skipping write operation.
-----------------------------------------
(re)writing active CFG (unchanged) -- this should report that there's nothing to write as the CFG data has not changed -- at 0xC2F60: 1
  flash [0] level 1: Flash sector already contains matching data: skipping write operation.
-----------------------------------------
(re)writing active CFG (unchanged) -- this should report that there's nothing to write as the CFG data has not changed -- at 0xC2F60: 1
  flash [0] level 1: Flash sector already contains matching data: skipping write operation.
writing an updated CFG at address 0xC2F80: 1
(b0:0,b1:42,i1:1,li2:1234567890123456,i3:-555,iter:380)
-----------------------------------------
(re)writing active CFG (unchanged) -- this should report that there's nothing to write as the CFG data has not changed -- at 0xC2F80: 1
  flash [0] level 1: Flash sector already contains matching data: skipping write operation.
-----------------------------------------
(re)writing active CFG (unchanged) -- this should report that there's nothing to write as the CFG data has not changed -- at 0xC2F80: 1
  flash [0] level 1: Flash sector already contains matching data: skipping write operation.
-----------------------------------------
(re)writing active CFG (unchanged) -- this should report that there's nothing to write as the CFG data has not changed -- at 0xC2F80: 1
  flash [0] level 1: Flash sector already contains matching data: skipping write operation.
writing an updated CFG at address 0xC2FA0: 1
(b0:0,b1:42,i1:1,li2:1234567890123456,i3:-555,iter:381)
-----------------------------------------
(re)writing active CFG (unchanged) -- this should report that there's nothing to write as the CFG data has not changed -- at 0xC2FA0: 1
  flash [0] level 1: Flash sector already contains matching data: skipping write operation.
-----------------------------------------
(re)writing active CFG (unchanged) -- this should report that there's nothing to write as the CFG data has not changed -- at 0xC2FA0: 1
  flash [0] level 1: Flash sector already contains matching data: skipping write operation.
-----------------------------------------
(re)writing active CFG (unchanged) -- this should report that there's nothing to write as the CFG data has not changed -- at 0xC2FA0: 1
  flash [0] level 1: Flash sector already contains matching data: skipping write operation.
writing an updated CFG at address 0xC2FC0: 1
(b0:0,b1:42,i1:1,li2:1234567890123456,i3:-555,iter:382)
-----------------------------------------
(re)writing active CFG (unchanged) -- this should report that there's nothing to write as the CFG data has not changed -- at 0xC2FC0: 1
  flash [0] level 1: Flash sector already contains matching data: skipping write operation.
-----------------------------------------
(re)writing active CFG (unchanged) -- this should report that there's nothing to write as the CFG data has not changed -- at 0xC2FC0: 1
  flash [0] level 1: Flash sector already contains matching data: skipping write operation.
-----------------------------------------
(re)writing active CFG (unchanged) -- this should report that there's nothing to write as the CFG data has not changed -- at 0xC2FC0: 1
  flash [0] level 1: Flash sector already contains matching data: skipping write operation.
writing an updated CFG at address 0xC2FE0: 1
(b0:0,b1:42,i1:1,li2:1234567890123456,i3:-555,iter:383)
-----------------------------------------
(re)writing active CFG (unchanged) -- this should report that there's nothing to write as the CFG data has not changed -- at 0xC2FE0: 1
  flash [0] level 1: Flash sector already contains matching data: skipping write operation.
-----------------------------------------
(re)writing active CFG (unchanged) -- this should report that there's nothing to write as the CFG data has not changed -- at 0xC2FE0: 1
  flash [0] level 1: Flash sector already contains matching data: skipping write operation.
-----------------------------------------
(re)writing active CFG (unchanged) -- this should report that there's nothing to write as the CFG data has not changed -- at 0xC2FE0: 1
  flash [0] level 1: Flash sector already contains matching data: skipping write operation.
writing an updated CFG at address 0xC3000: 1
(b0:0,b1:42,i1:1,li2:1234567890123456,i3:-555,iter:384)
-----------------------------------------
(re)writing active CFG (unchanged) -- this should report that there's nothing to write as the CFG data has not changed -- at 0xC3000: 1
  flash [0] level 1: Flash sector already contains matching data: skipping write operation.
-----------------------------------------
(re)writing active CFG (unchanged) -- this should report that there's nothing to write as the CFG data has not changed -- at 0xC3000: 1
  flash [0] level 1: Flash sector already contains matching data: skipping write operation.
-----------------------------------------
(re)writing active CFG (unchanged) -- this should report that there's nothing to write as the CFG data has not changed -- at 0xC3000: 1
  flash [0] level 1: Flash sector already contains matching data: skipping write operation.
writing an updated CFG at address 0xC3020: 1
(b0:0,b1:42,i1:1,li2:1234567890123456,i3:-555,iter:385)
-----------------------------------------
(re)writing active CFG (unchanged) -- this should report that there's nothing to write as the CFG data has not changed -- at 0xC3020: 1
  flash [0] level 1: Flash sector already contains matching data: skipping write operation.
-----------------------------------------
(re)writing active CFG (unchanged) -- this should report that there's nothing to write as the CFG data has not changed -- at 0xC3020: 1
  flash [0] level 1: Flash sector already contains matching data: skipping write operation.
-----------------------------------------
(re)writing active CFG (unchanged) -- this should report that there's nothing to write as the CFG data has not changed -- at 0xC3020: 1
  flash [0] level 1: Flash sector already contains matching data: skipping write operation.
writing an updated CFG at address 0xC3040: 1
(b0:0,b1:42,i1:1,li2:1234567890123456,i3:-555,iter:386)
-----------------------------------------
(re)writing active CFG (unchanged) -- this should report that there's nothing to write as the CFG data has not changed -- at 0xC3040: 1
  flash [0] level 1: Flash sector already contains matching data: skipping write operation.
-----------------------------------------
(re)writing active CFG (unchanged) -- this should report that there's nothing to write as the CFG data has not changed -- at 0xC3040: 1
  flash [0] level 1: Flash sector already contains matching data: skipping write operation.
-----------------------------------------
(re)writing active CFG (unchanged) -- this should report that there's nothing to write as the CFG data has not changed -- at 0xC3040: 1
  flash [0] level 1: Flash sector already contains matching data: skipping write operation.
writing an updated CFG at address 0xC3060: 1
(b0:0,b1:42,i1:1,li2:1234567890123456,i3:-555,iter:387)
-----------------------------------------
(re)writing active CFG (unchanged) -- this should report that there's nothing to write as the CFG data has not changed -- at 0xC3060: 1
  flash [0] level 1: Flash sector already contains matching data: skipping write operation.
-----------------------------------------
(re)writing active CFG (unchanged) -- this should report that there's nothing to write as the CFG data has not changed -- at 0xC3060: 1
  flash [0] level 1: Flash sector already contains matching data: skipping write operation.
-----------------------------------------
(re)writing active CFG (unchanged) -- this should report that there's nothing to write as the CFG data has not changed -- at 0xC3060: 1
  flash [0] level 1: Flash sector already contains matching data: skipping write operation.
writing an updated CFG at address 0xC3080: 1
(b0:0,b1:42,i1:1,li2:1234567890123456,i3:-555,iter:388)
-----------------------------------------
(re)writing active CFG (unchanged) -- this should report that there's nothing to write as the CFG data has not changed -- at 0xC3080: 1
  flash [0] level 1: Flash sector already contains matching data: skipping write operation.
-----------------------------------------
(re)writing active CFG (unchanged) -- this should report that there's nothing to write as the CFG data has not changed -- at 0xC3080: 1
  flash [0] level 1: Flash sector already contains matching data: skipping write operation.
-----------------------------------------
(re)writing active CFG (unchanged) -- this should report that there's nothing to write as the CFG data has not changed -- at 0xC3080: 1
  flash [0] level 1: Flash sector already contains matching data: skipping write operation.
writing an updated CFG at address 0xC30A0: 1
(b0:0,b1:42,i1:1,li2:1234567890123456,i3:-555,iter:389)
-----------------------------------------
(re)writing active CFG (unchanged) -- this should report that there's nothing to write as the CFG data has not changed -- at 0xC30A0: 1
  flash [0] level 1: Flash sector already contains matching data: skipping write operation.
-----------------------------------------
(re)writing active CFG (unchanged) -- this should report that there's nothing to write as the CFG data has not changed -- at 0xC30A0: 1
  flash [0] level 1: Flash sector already contains matching data: skipping write operation.
-----------------------------------------
(re)writing active CFG (unchanged) -- this should report that there's nothing to write as the CFG data has not changed -- at 0xC30A0: 1
  flash [0] level 1: Flash sector already contains matching data: skipping write operation.
writing an updated CFG at address 0xC30C0: 1
(b0:0,b1:42,i1:1,li2:1234567890123456,i3:-555,iter:390)
-----------------------------------------
(re)writing active CFG (unchanged) -- this should report that there's nothing to write as the CFG data has not changed -- at 0xC30C0: 1
  flash [0] level 1: Flash sector already contains matching data: skipping write operation.
-----------------------------------------
(re)writing active CFG (unchanged) -- this should report that there's nothing to write as the CFG data has not changed -- at 0xC30C0: 1
  flash [0] level 1: Flash sector already contains matching data: skipping write operation.
-----------------------------------------
(re)writing active CFG (unchanged) -- this should report that there's nothing to write as the CFG data has not changed -- at 0xC30C0: 1
  flash [0] level 1: Flash sector already contains matching data: skipping write operation.
writing an updated CFG at address 0xC30E0: 1
(b0:0,b1:42,i1:1,li2:1234567890123456,i3:-555,iter:391)
-----------------------------------------
(re)writing active CFG (unchanged) -- this should report that there's nothing to write as the CFG data has not changed -- at 0xC30E0: 1
  flash [0] level 1: Flash sector already contains matching data: skipping write operation.
-----------------------------------------
(re)writing active CFG (unchanged) -- this should report that there's nothing to write as the CFG data has not changed -- at 0xC30E0: 1
  flash [0] level 1: Flash sector already contains matching data: skipping write operation.
-----------------------------------------
(re)writing active CFG (unchanged) -- this should report that there's nothing to write as the CFG data has not changed -- at 0xC30E0: 1
  flash [0] level 1: Flash sector already contains matching data: skipping write operation.
writing an updated CFG at address 0xC3100: 1
(b0:0,b1:42,i1:1,li2:1234567890123456,i3:-555,iter:392)
-----------------------------------------
(re)writing active CFG (unchanged) -- this should report that there's nothing to write as the CFG data has not changed -- at 0xC3100: 1
  flash [0] level 1: Flash sector already contains matching data: skipping write operation.
-----------------------------------------
(re)writing active CFG (unchanged) -- this should report that there's nothing to write as the CFG data has not changed -- at 0xC3100: 1
  flash [0] level 1: Flash sector already contains matching data: skipping write operation.
-----------------------------------------
(re)writing active CFG (unchanged) -- this should report that there's nothing to write as the CFG data has not changed -- at 0xC3100: 1
  flash [0] level 1: Flash sector already contains matching data: skipping write operation.
writing an updated CFG at address 0xC3120: 1
(b0:0,b1:42,i1:1,li2:1234567890123456,i3:-555,iter:393)
-----------------------------------------
(re)writing active CFG (unchanged) -- this should report that there's nothing to write as the CFG data has not changed -- at 0xC3120: 1
  flash [0] level 1: Flash sector already contains matching data: skipping write operation.
-----------------------------------------
(re)writing active CFG (unchanged) -- this should report that there's nothing to write as the CFG data has not changed -- at 0xC3120: 1
  flash [0] level 1: Flash sector already contains matching data: skipping write operation.
-----------------------------------------
(re)writing active CFG (unchanged) -- this should report that there's nothing to write as the CFG data has not changed -- at 0xC3120: 1
  flash [0] level 1: Flash sector already contains matching data: skipping write operation.
writing an updated CFG at address 0xC3140: 1
(b0:0,b1:42,i1:1,li2:1234567890123456,i3:-555,iter:394)
-----------------------------------------
(re)writing active CFG (unchanged) -- this should report that there's nothing to write as the CFG data has not changed -- at 0xC3140: 1
  flash [0] level 1: Flash sector already contains matching data: skipping write operation.
-----------------------------------------
(re)writing active CFG (unchanged) -- this should report that there's nothing to write as the CFG data has not changed -- at 0xC3140: 1
  flash [0] level 1: Flash sector already contains matching data: skipping write operation.
-----------------------------------------
(re)writing active CFG (unchanged) -- this should report that there's nothing to write as the CFG data has not changed -- at 0xC3140: 1
  flash [0] level 1: Flash sector already contains matching data: skipping write operation.
writing an updated CFG at address 0xC3160: 1
(b0:0,b1:42,i1:1,li2:1234567890123456,i3:-555,iter:395)
-----------------------------------------
(re)writing active CFG (unchanged) -- this should report that there's nothing to write as the CFG data has not changed -- at 0xC3160: 1
  flash [0] level 1: Flash sector already contains matching data: skipping write operation.
-----------------------------------------
(re)writing active CFG (unchanged) -- this should report that there's nothing to write as the CFG data has not changed -- at 0xC3160: 1
  flash [0] level 1: Flash sector already contains matching data: skipping write operation.
-----------------------------------------
(re)writing active CFG (unchanged) -- this should report that there's nothing to write as the CFG data has not changed -- at 0xC3160: 1
  flash [0] level 1: Flash sector already contains matching data: skipping write operation.
writing an updated CFG at address 0xC3180: 1
(b0:0,b1:42,i1:1,li2:1234567890123456,i3:-555,iter:396)
-----------------------------------------
(re)writing active CFG (unchanged) -- this should report that there's nothing to write as the CFG data has not changed -- at 0xC3180: 1
  flash [0] level 1: Flash sector already contains matching data: skipping write operation.
-----------------------------------------
(re)writing active CFG (unchanged) -- this should report that there's nothing to write as the CFG data has not changed -- at 0xC3180: 1
  flash [0] level 1: Flash sector already contains matching data: skipping write operation.
-----------------------------------------
(re)writing active CFG (unchanged) -- this should report that there's nothing to write as the CFG data has not changed -- at 0xC3180: 1
  flash [0] level 1: Flash sector already contains matching data: skipping write operation.
writing an updated CFG at address 0xC31A0: 1
(b0:0,b1:42,i1:1,li2:1234567890123456,i3:-555,iter:397)
-----------------------------------------
(re)writing active CFG (unchanged) -- this should report that there's nothing to write as the CFG data has not changed -- at 0xC31A0: 1
  flash [0] level 1: Flash sector already contains matching data: skipping write operation.
-----------------------------------------
(re)writing active CFG (unchanged) -- this should report that there's nothing to write as the CFG data has not changed -- at 0xC31A0: 1
  flash [0] level 1: Flash sector already contains matching data: skipping write operation.
-----------------------------------------
(re)writing active CFG (unchanged) -- this should report that there's nothing to write as the CFG data has not changed -- at 0xC31A0: 1
  flash [0] level 1: Flash sector already contains matching data: skipping write operation.
writing an updated CFG at address 0xC31C0: 1
(b0:0,b1:42,i1:1,li2:1234567890123456,i3:-555,iter:398)
-----------------------------------------
(re)writing active CFG (unchanged) -- this should report that there's nothing to write as the CFG data has not changed -- at 0xC31C0: 1
  flash [0] level 1: Flash sector already contains matching data: skipping write operation.
-----------------------------------------
(re)writing active CFG (unchanged) -- this should report that there's nothing to write as the CFG data has not changed -- at 0xC31C0: 1
  flash [0] level 1: Flash sector already contains matching data: skipping write operation.
-----------------------------------------
(re)writing active CFG (unchanged) -- this should report that there's nothing to write as the CFG data has not changed -- at 0xC31C0: 1
  flash [0] level 1: Flash sector already contains matching data: skipping write operation.
writing an updated CFG at address 0xC31E0: 1
(b0:0,b1:42,i1:1,li2:1234567890123456,i3:-555,iter:399)
-----------------------------------------
(re)writing active CFG (unchanged) -- this should report that there's nothing to write as the CFG data has not changed -- at 0xC31E0: 1
  flash [0] level 1: Flash sector already contains matching data: skipping write operation.
-----------------------------------------
(re)writing active CFG (unchanged) -- this should report that there's nothing to write as the CFG data has not changed -- at 0xC31E0: 1
  flash [0] level 1: Flash sector already contains matching data: skipping write operation.
-----------------------------------------
(re)writing active CFG (unchanged) -- this should report that there's nothing to write as the CFG data has not changed -- at 0xC31E0: 1
  flash [0] level 1: Flash sector already contains matching data: skipping write operation.
writing an updated CFG at address 0xC3200: 1
(b0:0,b1:42,i1:1,li2:1234567890123456,i3:-555,iter:400)
-----------------------------------------
(re)writing active CFG (unchanged) -- this should report that there's nothing to write as the CFG data has not changed -- at 0xC3200: 1
  flash [0] level 1: Flash sector already contains matching data: skipping write operation.
-----------------------------------------
(re)writing active CFG (unchanged) -- this should report that there's nothing to write as the CFG data has not changed -- at 0xC3200: 1
  flash [0] level 1: Flash sector already contains matching data: skipping write operation.
-----------------------------------------
(re)writing active CFG (unchanged) -- this should report that there's nothing to write as the CFG data has not changed -- at 0xC3200: 1
  flash [0] level 1: Flash sector already contains matching data: skipping write operation.
writing an updated CFG at address 0xC3220: 1
(b0:0,b1:42,i1:1,li2:1234567890123456,i3:-555,iter:401)
-----------------------------------------
(re)writing active CFG (unchanged) -- this should report that there's nothing to write as the CFG data has not changed -- at 0xC3220: 1
  flash [0] level 1: Flash sector already contains matching data: skipping write operation.
-----------------------------------------
(re)writing active CFG (unchanged) -- this should report that there's nothing to write as the CFG data has not changed -- at 0xC3220: 1
  flash [0] level 1: Flash sector already contains matching data: skipping write operation.
-----------------------------------------
(re)writing active CFG (unchanged) -- this should report that there's nothing to write as the CFG data has not changed -- at 0xC3220: 1
  flash [0] level 1: Flash sector already contains matching data: skipping write operation.
writing an updated CFG at address 0xC3240: 1
(b0:0,b1:42,i1:1,li2:1234567890123456,i3:-555,iter:402)
-----------------------------------------
(re)writing active CFG (unchanged) -- this should report that there's nothing to write as the CFG data has not changed -- at 0xC3240: 1
  flash [0] level 1: Flash sector already contains matching data: skipping write operation.
-----------------------------------------
(re)writing active CFG (unchanged) -- this should report that there's nothing to write as the CFG data has not changed -- at 0xC3240: 1
  flash [0] level 1: Flash sector already contains matching data: skipping write operation.
-----------------------------------------
(re)writing active CFG (unchanged) -- this should report that there's nothing to write as the CFG data has not changed -- at 0xC3240: 1
  flash [0] level 1: Flash sector already contains matching data: skipping write operation.
writing an updated CFG at address 0xC3260: 1
(b0:0,b1:42,i1:1,li2:1234567890123456,i3:-555,iter:403)
-----------------------------------------
(re)writing active CFG (unchanged) -- this should report that there's nothing to write as the CFG data has not changed -- at 0xC3260: 1
  flash [0] level 1: Flash sector already contains matching data: skipping write operation.
-----------------------------------------
(re)writing active CFG (unchanged) -- this should report that there's nothing to write as the CFG data has not changed -- at 0xC3260: 1
  flash [0] level 1: Flash sector already contains matching data: skipping write operation.
-----------------------------------------
(re)writing active CFG (unchanged) -- this should report that there's nothing to write as the CFG data has not changed -- at 0xC3260: 1
  flash [0] level 1: Flash sector already contains matching data: skipping write operation.
writing an updated CFG at address 0xC3280: 1
(b0:0,b1:42,i1:1,li2:1234567890123456,i3:-555,iter:404)
-----------------------------------------
(re)writing active CFG (unchanged) -- this should report that there's nothing to write as the CFG data has not changed -- at 0xC3280: 1
  flash [0] level 1: Flash sector already contains matching data: skipping write operation.
-----------------------------------------
(re)writing active CFG (unchanged) -- this should report that there's nothing to write as the CFG data has not changed -- at 0xC3280: 1
  flash [0] level 1: Flash sector already contains matching data: skipping write operation.
-----------------------------------------
(re)writing active CFG (unchanged) -- this should report that there's nothing to write as the CFG data has not changed -- at 0xC3280: 1
  flash [0] level 1: Flash sector already contains matching data: skipping write operation.
writing an updated CFG at address 0xC32A0: 1
(b0:0,b1:42,i1:1,li2:1234567890123456,i3:-555,iter:405)
-----------------------------------------
(re)writing active CFG (unchanged) -- this should report that there's nothing to write as the CFG data has not changed -- at 0xC32A0: 1
  flash [0] level 1: Flash sector already contains matching data: skipping write operation.
-----------------------------------------
(re)writing active CFG (unchanged) -- this should report that there's nothing to write as the CFG data has not changed -- at 0xC32A0: 1
  flash [0] level 1: Flash sector already contains matching data: skipping write operation.
-----------------------------------------
(re)writing active CFG (unchanged) -- this should report that there's nothing to write as the CFG data has not changed -- at 0xC32A0: 1
  flash [0] level 1: Flash sector already contains matching data: skipping write operation.
writing an updated CFG at address 0xC32C0: 1
(b0:0,b1:42,i1:1,li2:1234567890123456,i3:-555,iter:406)
-----------------------------------------
(re)writing active CFG (unchanged) -- this should report that there's nothing to write as the CFG data has not changed -- at 0xC32C0: 1
  flash [0] level 1: Flash sector already contains matching data: skipping write operation.
-----------------------------------------
(re)writing active CFG (unchanged) -- this should report that there's nothing to write as the CFG data has not changed -- at 0xC32C0: 1
  flash [0] level 1: Flash sector already contains matching data: skipping write operation.
-----------------------------------------
(re)writing active CFG (unchanged) -- this should report that there's nothing to write as the CFG data has not changed -- at 0xC32C0: 1
  flash [0] level 1: Flash sector already contains matching data: skipping write operation.
writing an updated CFG at address 0xC32E0: 1
(b0:0,b1:42,i1:1,li2:1234567890123456,i3:-555,iter:407)
-----------------------------------------
(re)writing active CFG (unchanged) -- this should report that there's nothing to write as the CFG data has not changed -- at 0xC32E0: 1
  flash [0] level 1: Flash sector already contains matching data: skipping write operation.
-----------------------------------------
(re)writing active CFG (unchanged) -- this should report that there's nothing to write as the CFG data has not changed -- at 0xC32E0: 1
  flash [0] level 1: Flash sector already contains matching data: skipping write operation.
-----------------------------------------
(re)writing active CFG (unchanged) -- this should report that there's nothing to write as the CFG data has not changed -- at 0xC32E0: 1
  flash [0] level 1: Flash sector already contains matching data: skipping write operation.
writing an updated CFG at address 0xC3300: 1
(b0:0,b1:42,i1:1,li2:1234567890123456,i3:-555,iter:408)
-----------------------------------------
(re)writing active CFG (unchanged) -- this should report that there's nothing to write as the CFG data has not changed -- at 0xC3300: 1
  flash [0] level 1: Flash sector already contains matching data: skipping write operation.
-----------------------------------------
(re)writing active CFG (unchanged) -- this should report that there's nothing to write as the CFG data has not changed -- at 0xC3300: 1
  flash [0] level 1: Flash sector already contains matching data: skipping write operation.
-----------------------------------------
(re)writing active CFG (unchanged) -- this should report that there's nothing to write as the CFG data has not changed -- at 0xC3300: 1
  flash [0] level 1: Flash sector already contains matching data: skipping write operation.
writing an updated CFG at address 0xC3320: 1
(b0:0,b1:42,i1:1,li2:1234567890123456,i3:-555,iter:409)
-----------------------------------------
(re)writing active CFG (unchanged) -- this should report that there's nothing to write as the CFG data has not changed -- at 0xC3320: 1
  flash [0] level 1: Flash sector already contains matching data: skipping write operation.
-----------------------------------------
(re)writing active CFG (unchanged) -- this should report that there's nothing to write as the CFG data has not changed -- at 0xC3320: 1
  flash [0] level 1: Flash sector already contains matching data: skipping write operation.
-----------------------------------------
(re)writing active CFG (unchanged) -- this should report that there's nothing to write as the CFG data has not changed -- at 0xC3320: 1
  flash [0] level 1: Flash sector already contains matching data: skipping write operation.
writing an updated CFG at address 0xC3340: 1
(b0:0,b1:42,i1:1,li2:1234567890123456,i3:-555,iter:410)
-----------------------------------------
(re)writing active CFG (unchanged) -- this should report that there's nothing to write as the CFG data has not changed -- at 0xC3340: 1
  flash [0] level 1: Flash sector already contains matching data: skipping write operation.
-----------------------------------------
(re)writing active CFG (unchanged) -- this should report that there's nothing to write as the CFG data has not changed -- at 0xC3340: 1
  flash [0] level 1: Flash sector already contains matching data: skipping write operation.
-----------------------------------------
(re)writing active CFG (unchanged) -- this should report that there's nothing to write as the CFG data has not changed -- at 0xC3340: 1
  flash [0] level 1: Flash sector already contains matching data: skipping write operation.
writing an updated CFG at address 0xC3360: 1
(b0:0,b1:42,i1:1,li2:1234567890123456,i3:-555,iter:411)
-----------------------------------------
(re)writing active CFG (unchanged) -- this should report that there's nothing to write as the CFG data has not changed -- at 0xC3360: 1
  flash [0] level 1: Flash sector already contains matching data: skipping write operation.
-----------------------------------------
(re)writing active CFG (unchanged) -- this should report that there's nothing to write as the CFG data has not changed -- at 0xC3360: 1
  flash [0] level 1: Flash sector already contains matching data: skipping write operation.
-----------------------------------------
(re)writing active CFG (unchanged) -- this should report that there's nothing to write as the CFG data has not changed -- at 0xC3360: 1
  flash [0] level 1: Flash sector already contains matching data: skipping write operation.
writing an updated CFG at address 0xC3380: 1
(b0:0,b1:42,i1:1,li2:1234567890123456,i3:-555,iter:412)
-----------------------------------------
(re)writing active CFG (unchanged) -- this should report that there's nothing to write as the CFG data has not changed -- at 0xC3380: 1
  flash [0] level 1: Flash sector already contains matching data: skipping write operation.
-----------------------------------------
(re)writing active CFG (unchanged) -- this should report that there's nothing to write as the CFG data has not changed -- at 0xC3380: 1
  flash [0] level 1: Flash sector already contains matching data: skipping write operation.
-----------------------------------------
(re)writing active CFG (unchanged) -- this should report that there's nothing to write as the CFG data has not changed -- at 0xC3380: 1
  flash [0] level 1: Flash sector already contains matching data: skipping write operation.
writing an updated CFG at address 0xC33A0: 1
(b0:0,b1:42,i1:1,li2:1234567890123456,i3:-555,iter:413)
-----------------------------------------
(re)writing active CFG (unchanged) -- this should report that there's nothing to write as the CFG data has not changed -- at 0xC33A0: 1
  flash [0] level 1: Flash sector already contains matching data: skipping write operation.
-----------------------------------------
(re)writing active CFG (unchanged) -- this should report that there's nothing to write as the CFG data has not changed -- at 0xC33A0: 1
  flash [0] level 1: Flash sector already contains matching data: skipping write operation.
-----------------------------------------
(re)writing active CFG (unchanged) -- this should report that there's nothing to write as the CFG data has not changed -- at 0xC33A0: 1
  flash [0] level 1: Flash sector already contains matching data: skipping write operation.
writing an updated CFG at address 0xC33C0: 1
(b0:0,b1:42,i1:1,li2:1234567890123456,i3:-555,iter:414)
-----------------------------------------
(re)writing active CFG (unchanged) -- this should report that there's nothing to write as the CFG data has not changed -- at 0xC33C0: 1
  flash [0] level 1: Flash sector already contains matching data: skipping write operation.
-----------------------------------------
(re)writing active CFG (unchanged) -- this should report that there's nothing to write as the CFG data has not changed -- at 0xC33C0: 1
  flash [0] level 1: Flash sector already contains matching data: skipping write operation.
-----------------------------------------
(re)writing active CFG (unchanged) -- this should report that there's nothing to write as the CFG data has not changed -- at 0xC33C0: 1
  flash [0] level 1: Flash sector already contains matching data: skipping write operation.
writing an updated CFG at address 0xC33E0: 1
(b0:0,b1:42,i1:1,li2:1234567890123456,i3:-555,iter:415)
-----------------------------------------
(re)writing active CFG (unchanged) -- this should report that there's nothing to write as the CFG data has not changed -- at 0xC33E0: 1
  flash [0] level 1: Flash sector already contains matching data: skipping write operation.
-----------------------------------------
(re)writing active CFG (unchanged) -- this should report that there's nothing to write as the CFG data has not changed -- at 0xC33E0: 1
  flash [0] level 1: Flash sector already contains matching data: skipping write operation.
-----------------------------------------
(re)writing active CFG (unchanged) -- this should report that there's nothing to write as the CFG data has not changed -- at 0xC33E0: 1
  flash [0] level 1: Flash sector already contains matching data: skipping write operation.
writing an updated CFG at address 0xC3400: 1
(b0:0,b1:42,i1:1,li2:1234567890123456,i3:-555,iter:416)
-----------------------------------------
(re)writing active CFG (unchanged) -- this should report that there's nothing to write as the CFG data has not changed -- at 0xC3400: 1
  flash [0] level 1: Flash sector already contains matching data: skipping write operation.
-----------------------------------------
(re)writing active CFG (unchanged) -- this should report that there's nothing to write as the CFG data has not changed -- at 0xC3400: 1
  flash [0] level 1: Flash sector already contains matching data: skipping write operation.
-----------------------------------------
(re)writing active CFG (unchanged) -- this should report that there's nothing to write as the CFG data has not changed -- at 0xC3400: 1
  flash [0] level 1: Flash sector already contains matching data: skipping write operation.
writing an updated CFG at address 0xC3420: 1
(b0:0,b1:42,i1:1,li2:1234567890123456,i3:-555,iter:417)
-----------------------------------------
(re)writing active CFG (unchanged) -- this should report that there's nothing to write as the CFG data has not changed -- at 0xC3420: 1
  flash [0] level 1: Flash sector already contains matching data: skipping write operation.
-----------------------------------------
(re)writing active CFG (unchanged) -- this should report that there's nothing to write as the CFG data has not changed -- at 0xC3420: 1
  flash [0] level 1: Flash sector already contains matching data: skipping write operation.
-----------------------------------------
(re)writing active CFG (unchanged) -- this should report that there's nothing to write as the CFG data has not changed -- at 0xC3420: 1
  flash [0] level 1: Flash sector already contains matching data: skipping write operation.
writing an updated CFG at address 0xC3440: 1
(b0:0,b1:42,i1:1,li2:1234567890123456,i3:-555,iter:418)
-----------------------------------------
(re)writing active CFG (unchanged) -- this should report that there's nothing to write as the CFG data has not changed -- at 0xC3440: 1
  flash [0] level 1: Flash sector already contains matching data: skipping write operation.
-----------------------------------------
(re)writing active CFG (unchanged) -- this should report that there's nothing to write as the CFG data has not changed -- at 0xC3440: 1
  flash [0] level 1: Flash sector already contains matching data: skipping write operation.
-----------------------------------------
(re)writing active CFG (unchanged) -- this should report that there's nothing to write as the CFG data has not changed -- at 0xC3440: 1
  flash [0] level 1: Flash sector already contains matching data: skipping write operation.
writing an updated CFG at address 0xC3460: 1
(b0:0,b1:42,i1:1,li2:1234567890123456,i3:-555,iter:419)
-----------------------------------------
(re)writing active CFG (unchanged) -- this should report that there's nothing to write as the CFG data has not changed -- at 0xC3460: 1
  flash [0] level 1: Flash sector already contains matching data: skipping write operation.
-----------------------------------------
(re)writing active CFG (unchanged) -- this should report that there's nothing to write as the CFG data has not changed -- at 0xC3460: 1
  flash [0] level 1: Flash sector already contains matching data: skipping write operation.
-----------------------------------------
(re)writing active CFG (unchanged) -- this should report that there's nothing to write as the CFG data has not changed -- at 0xC3460: 1
  flash [0] level 1: Flash sector already contains matching data: skipping write operation.
writing an updated CFG at address 0xC3480: 1
(b0:0,b1:42,i1:1,li2:1234567890123456,i3:-555,iter:420)
-----------------------------------------
(re)writing active CFG (unchanged) -- this should report that there's nothing to write as the CFG data has not changed -- at 0xC3480: 1
  flash [0] level 1: Flash sector already contains matching data: skipping write operation.
-----------------------------------------
(re)writing active CFG (unchanged) -- this should report that there's nothing to write as the CFG data has not changed -- at 0xC3480: 1
  flash [0] level 1: Flash sector already contains matching data: skipping write operation.
-----------------------------------------
(re)writing active CFG (unchanged) -- this should report that there's nothing to write as the CFG data has not changed -- at 0xC3480: 1
  flash [0] level 1: Flash sector already contains matching data: skipping write operation.
writing an updated CFG at address 0xC34A0: 1
(b0:0,b1:42,i1:1,li2:1234567890123456,i3:-555,iter:421)
-----------------------------------------
(re)writing active CFG (unchanged) -- this should report that there's nothing to write as the CFG data has not changed -- at 0xC34A0: 1
  flash [0] level 1: Flash sector already contains matching data: skipping write operation.
-----------------------------------------
(re)writing active CFG (unchanged) -- this should report that there's nothing to write as the CFG data has not changed -- at 0xC34A0: 1
  flash [0] level 1: Flash sector already contains matching data: skipping write operation.
-----------------------------------------
(re)writing active CFG (unchanged) -- this should report that there's nothing to write as the CFG data has not changed -- at 0xC34A0: 1
  flash [0] level 1: Flash sector already contains matching data: skipping write operation.
writing an updated CFG at address 0xC34C0: 1
(b0:0,b1:42,i1:1,li2:1234567890123456,i3:-555,iter:422)
-----------------------------------------
(re)writing active CFG (unchanged) -- this should report that there's nothing to write as the CFG data has not changed -- at 0xC34C0: 1
  flash [0] level 1: Flash sector already contains matching data: skipping write operation.
-----------------------------------------
(re)writing active CFG (unchanged) -- this should report that there's nothing to write as the CFG data has not changed -- at 0xC34C0: 1
  flash [0] level 1: Flash sector already contains matching data: skipping write operation.
-----------------------------------------
(re)writing active CFG (unchanged) -- this should report that there's nothing to write as the CFG data has not changed -- at 0xC34C0: 1
  flash [0] level 1: Flash sector already contains matching data: skipping write operation.
writing an updated CFG at address 0xC34E0: 1
(b0:0,b1:42,i1:1,li2:1234567890123456,i3:-555,iter:423)
-----------------------------------------
(re)writing active CFG (unchanged) -- this should report that there's nothing to write as the CFG data has not changed -- at 0xC34E0: 1
  flash [0] level 1: Flash sector already contains matching data: skipping write operation.
-----------------------------------------
(re)writing active CFG (unchanged) -- this should report that there's nothing to write as the CFG data has not changed -- at 0xC34E0: 1
  flash [0] level 1: Flash sector already contains matching data: skipping write operation.
-----------------------------------------
(re)writing active CFG (unchanged) -- this should report that there's nothing to write as the CFG data has not changed -- at 0xC34E0: 1
  flash [0] level 1: Flash sector already contains matching data: skipping write operation.
writing an updated CFG at address 0xC3500: 1
(b0:0,b1:42,i1:1,li2:1234567890123456,i3:-555,iter:424)
-----------------------------------------
(re)writing active CFG (unchanged) -- this should report that there's nothing to write as the CFG data has not changed -- at 0xC3500: 1
  flash [0] level 1: Flash sector already contains matching data: skipping write operation.
-----------------------------------------
(re)writing active CFG (unchanged) -- this should report that there's nothing to write as the CFG data has not changed -- at 0xC3500: 1
  flash [0] level 1: Flash sector already contains matching data: skipping write operation.
-----------------------------------------
(re)writing active CFG (unchanged) -- this should report that there's nothing to write as the CFG data has not changed -- at 0xC3500: 1
  flash [0] level 1: Flash sector already contains matching data: skipping write operation.
writing an updated CFG at address 0xC3520: 1
(b0:0,b1:42,i1:1,li2:1234567890123456,i3:-555,iter:425)
-----------------------------------------
(re)writing active CFG (unchanged) -- this should report that there's nothing to write as the CFG data has not changed -- at 0xC3520: 1
  flash [0] level 1: Flash sector already contains matching data: skipping write operation.
-----------------------------------------
(re)writing active CFG (unchanged) -- this should report that there's nothing to write as the CFG data has not changed -- at 0xC3520: 1
  flash [0] level 1: Flash sector already contains matching data: skipping write operation.
-----------------------------------------
(re)writing active CFG (unchanged) -- this should report that there's nothing to write as the CFG data has not changed -- at 0xC3520: 1
  flash [0] level 1: Flash sector already contains matching data: skipping write operation.
writing an updated CFG at address 0xC3540: 1
(b0:0,b1:42,i1:1,li2:1234567890123456,i3:-555,iter:426)
-----------------------------------------
(re)writing active CFG (unchanged) -- this should report that there's nothing to write as the CFG data has not changed -- at 0xC3540: 1
  flash [0] level 1: Flash sector already contains matching data: skipping write operation.
-----------------------------------------
(re)writing active CFG (unchanged) -- this should report that there's nothing to write as the CFG data has not changed -- at 0xC3540: 1
  flash [0] level 1: Flash sector already contains matching data: skipping write operation.
-----------------------------------------
(re)writing active CFG (unchanged) -- this should report that there's nothing to write as the CFG data has not changed -- at 0xC3540: 1
  flash [0] level 1: Flash sector already contains matching data: skipping write operation.
writing an updated CFG at address 0xC3560: 1
(b0:0,b1:42,i1:1,li2:1234567890123456,i3:-555,iter:427)
-----------------------------------------
(re)writing active CFG (unchanged) -- this should report that there's nothing to write as the CFG data has not changed -- at 0xC3560: 1
  flash [0] level 1: Flash sector already contains matching data: skipping write operation.
-----------------------------------------
(re)writing active CFG (unchanged) -- this should report that there's nothing to write as the CFG data has not changed -- at 0xC3560: 1
  flash [0] level 1: Flash sector already contains matching data: skipping write operation.
-----------------------------------------
(re)writing active CFG (unchanged) -- this should report that there's nothing to write as the CFG data has not changed -- at 0xC3560: 1
  flash [0] level 1: Flash sector already contains matching data: skipping write operation.
writing an updated CFG at address 0xC3580: 1
(b0:0,b1:42,i1:1,li2:1234567890123456,i3:-555,iter:428)
-----------------------------------------
(re)writing active CFG (unchanged) -- this should report that there's nothing to write as the CFG data has not changed -- at 0xC3580: 1
  flash [0] level 1: Flash sector already contains matching data: skipping write operation.
-----------------------------------------
(re)writing active CFG (unchanged) -- this should report that there's nothing to write as the CFG data has not changed -- at 0xC3580: 1
  flash [0] level 1: Flash sector already contains matching data: skipping write operation.
-----------------------------------------
(re)writing active CFG (unchanged) -- this should report that there's nothing to write as the CFG data has not changed -- at 0xC3580: 1
  flash [0] level 1: Flash sector already contains matching data: skipping write operation.
writing an updated CFG at address 0xC35A0: 1
(b0:0,b1:42,i1:1,li2:1234567890123456,i3:-555,iter:429)
-----------------------------------------
(re)writing active CFG (unchanged) -- this should report that there's nothing to write as the CFG data has not changed -- at 0xC35A0: 1
  flash [0] level 1: Flash sector already contains matching data: skipping write operation.
-----------------------------------------
(re)writing active CFG (unchanged) -- this should report that there's nothing to write as the CFG data has not changed -- at 0xC35A0: 1
  flash [0] level 1: Flash sector already contains matching data: skipping write operation.
-----------------------------------------
(re)writing active CFG (unchanged) -- this should report that there's nothing to write as the CFG data has not changed -- at 0xC35A0: 1
  flash [0] level 1: Flash sector already contains matching data: skipping write operation.
writing an updated CFG at address 0xC35C0: 1
(b0:0,b1:42,i1:1,li2:1234567890123456,i3:-555,iter:430)
-----------------------------------------
(re)writing active CFG (unchanged) -- this should report that there's nothing to write as the CFG data has not changed -- at 0xC35C0: 1
  flash [0] level 1: Flash sector already contains matching data: skipping write operation.
-----------------------------------------
(re)writing active CFG (unchanged) -- this should report that there's nothing to write as the CFG data has not changed -- at 0xC35C0: 1
  flash [0] level 1: Flash sector already contains matching data: skipping write operation.
-----------------------------------------
(re)writing active CFG (unchanged) -- this should report that there's nothing to write as the CFG data has not changed -- at 0xC35C0: 1
  flash [0] level 1: Flash sector already contains matching data: skipping write operation.
writing an updated CFG at address 0xC35E0: 1
(b0:0,b1:42,i1:1,li2:1234567890123456,i3:-555,iter:431)
-----------------------------------------
(re)writing active CFG (unchanged) -- this should report that there's nothing to write as the CFG data has not changed -- at 0xC35E0: 1
  flash [0] level 1: Flash sector already contains matching data: skipping write operation.
-----------------------------------------
(re)writing active CFG (unchanged) -- this should report that there's nothing to write as the CFG data has not changed -- at 0xC35E0: 1
  flash [0] level 1: Flash sector already contains matching data: skipping write operation.
-----------------------------------------
(re)writing active CFG (unchanged) -- this should report that there's nothing to write as the CFG data has not changed -- at 0xC35E0: 1
  flash [0] level 1: Flash sector already contains matching data: skipping write operation.
writing an updated CFG at address 0xC3600: 1
(b0:0,b1:42,i1:1,li2:1234567890123456,i3:-555,iter:432)
-----------------------------------------
(re)writing active CFG (unchanged) -- this should report that there's nothing to write as the CFG data has not changed -- at 0xC3600: 1
  flash [0] level 1: Flash sector already contains matching data: skipping write operation.
-----------------------------------------
(re)writing active CFG (unchanged) -- this should report that there's nothing to write as the CFG data has not changed -- at 0xC3600: 1
  flash [0] level 1: Flash sector already contains matching data: skipping write operation.
-----------------------------------------
(re)writing active CFG (unchanged) -- this should report that there's nothing to write as the CFG data has not changed -- at 0xC3600: 1
  flash [0] level 1: Flash sector already contains matching data: skipping write operation.
writing an updated CFG at address 0xC3620: 1
(b0:0,b1:42,i1:1,li2:1234567890123456,i3:-555,iter:433)
-----------------------------------------
(re)writing active CFG (unchanged) -- this should report that there's nothing to write as the CFG data has not changed -- at 0xC3620: 1
  flash [0] level 1: Flash sector already contains matching data: skipping write operation.
-----------------------------------------
(re)writing active CFG (unchanged) -- this should report that there's nothing to write as the CFG data has not changed -- at 0xC3620: 1
  flash [0] level 1: Flash sector already contains matching data: skipping write operation.
-----------------------------------------
(re)writing active CFG (unchanged) -- this should report that there's nothing to write as the CFG data has not changed -- at 0xC3620: 1
  flash [0] level 1: Flash sector already contains matching data: skipping write operation.
writing an updated CFG at address 0xC3640: 1
(b0:0,b1:42,i1:1,li2:1234567890123456,i3:-555,iter:434)
-----------------------------------------
(re)writing active CFG (unchanged) -- this should report that there's nothing to write as the CFG data has not changed -- at 0xC3640: 1
  flash [0] level 1: Flash sector already contains matching data: skipping write operation.
-----------------------------------------
(re)writing active CFG (unchanged) -- this should report that there's nothing to write as the CFG data has not changed -- at 0xC3640: 1
  flash [0] level 1: Flash sector already contains matching data: skipping write operation.
-----------------------------------------
(re)writing active CFG (unchanged) -- this should report that there's nothing to write as the CFG data has not changed -- at 0xC3640: 1
  flash [0] level 1: Flash sector already contains matching data: skipping write operation.
writing an updated CFG at address 0xC3660: 1
(b0:0,b1:42,i1:1,li2:1234567890123456,i3:-555,iter:435)
-----------------------------------------
(re)writing active CFG (unchanged) -- this should report that there's nothing to write as the CFG data has not changed -- at 0xC3660: 1
  flash [0] level 1: Flash sector already contains matching data: skipping write operation.
-----------------------------------------
(re)writing active CFG (unchanged) -- this should report that there's nothing to write as the CFG data has not changed -- at 0xC3660: 1
  flash [0] level 1: Flash sector already contains matching data: skipping write operation.
-----------------------------------------
(re)writing active CFG (unchanged) -- this should report that there's nothing to write as the CFG data has not changed -- at 0xC3660: 1
  flash [0] level 1: Flash sector already contains matching data: skipping write operation.
writing an updated CFG at address 0xC3680: 1
(b0:0,b1:42,i1:1,li2:1234567890123456,i3:-555,iter:436)
-----------------------------------------
(re)writing active CFG (unchanged) -- this should report that there's nothing to write as the CFG data has not changed -- at 0xC3680: 1
  flash [0] level 1: Flash sector already contains matching data: skipping write operation.
-----------------------------------------
(re)writing active CFG (unchanged) -- this should report that there's nothing to write as the CFG data has not changed -- at 0xC3680: 1
  flash [0] level 1: Flash sector already contains matching data: skipping write operation.
-----------------------------------------
(re)writing active CFG (unchanged) -- this should report that there's nothing to write as the CFG data has not changed -- at 0xC3680: 1
  flash [0] level 1: Flash sector already contains matching data: skipping write operation.
writing an updated CFG at address 0xC36A0: 1
(b0:0,b1:42,i1:1,li2:1234567890123456,i3:-555,iter:437)
-----------------------------------------
(re)writing active CFG (unchanged) -- this should report that there's nothing to write as the CFG data has not changed -- at 0xC36A0: 1
  flash [0] level 1: Flash sector already contains matching data: skipping write operation.
-----------------------------------------
(re)writing active CFG (unchanged) -- this should report that there's nothing to write as the CFG data has not changed -- at 0xC36A0: 1
  flash [0] level 1: Flash sector already contains matching data: skipping write operation.
-----------------------------------------
(re)writing active CFG (unchanged) -- this should report that there's nothing to write as the CFG data has not changed -- at 0xC36A0: 1
  flash [0] level 1: Flash sector already contains matching data: skipping write operation.
writing an updated CFG at address 0xC36C0: 1
(b0:0,b1:42,i1:1,li2:1234567890123456,i3:-555,iter:438)
-----------------------------------------
(re)writing active CFG (unchanged) -- this should report that there's nothing to write as the CFG data has not changed -- at 0xC36C0: 1
  flash [0] level 1: Flash sector already contains matching data: skipping write operation.
-----------------------------------------
(re)writing active CFG (unchanged) -- this should report that there's nothing to write as the CFG data has not changed -- at 0xC36C0: 1
  flash [0] level 1: Flash sector already contains matching data: skipping write operation.
-----------------------------------------
(re)writing active CFG (unchanged) -- this should report that there's nothing to write as the CFG data has not changed -- at 0xC36C0: 1
  flash [0] level 1: Flash sector already contains matching data: skipping write operation.
writing an updated CFG at address 0xC36E0: 1
(b0:0,b1:42,i1:1,li2:1234567890123456,i3:-555,iter:439)
-----------------------------------------
(re)writing active CFG (unchanged) -- this should report that there's nothing to write as the CFG data has not changed -- at 0xC36E0: 1
  flash [0] level 1: Flash sector already contains matching data: skipping write operation.
-----------------------------------------
(re)writing active CFG (unchanged) -- this should report that there's nothing to write as the CFG data has not changed -- at 0xC36E0: 1
  flash [0] level 1: Flash sector already contains matching data: skipping write operation.
-----------------------------------------
(re)writing active CFG (unchanged) -- this should report that there's nothing to write as the CFG data has not changed -- at 0xC36E0: 1
  flash [0] level 1: Flash sector already contains matching data: skipping write operation.
writing an updated CFG at address 0xC3700: 1
(b0:0,b1:42,i1:1,li2:1234567890123456,i3:-555,iter:440)
-----------------------------------------
(re)writing active CFG (unchanged) -- this should report that there's nothing to write as the CFG data has not changed -- at 0xC3700: 1
  flash [0] level 1: Flash sector already contains matching data: skipping write operation.
-----------------------------------------
(re)writing active CFG (unchanged) -- this should report that there's nothing to write as the CFG data has not changed -- at 0xC3700: 1
  flash [0] level 1: Flash sector already contains matching data: skipping write operation.
-----------------------------------------
(re)writing active CFG (unchanged) -- this should report that there's nothing to write as the CFG data has not changed -- at 0xC3700: 1
  flash [0] level 1: Flash sector already contains matching data: skipping write operation.
writing an updated CFG at address 0xC3720: 1
(b0:0,b1:42,i1:1,li2:1234567890123456,i3:-555,iter:441)
-----------------------------------------
(re)writing active CFG (unchanged) -- this should report that there's nothing to write as the CFG data has not changed -- at 0xC3720: 1
  flash [0] level 1: Flash sector already contains matching data: skipping write operation.
-----------------------------------------
(re)writing active CFG (unchanged) -- this should report that there's nothing to write as the CFG data has not changed -- at 0xC3720: 1
  flash [0] level 1: Flash sector already contains matching data: skipping write operation.
-----------------------------------------
(re)writing active CFG (unchanged) -- this should report that there's nothing to write as the CFG data has not changed -- at 0xC3720: 1
  flash [0] level 1: Flash sector already contains matching data: skipping write operation.
writing an updated CFG at address 0xC3740: 1
(b0:0,b1:42,i1:1,li2:1234567890123456,i3:-555,iter:442)
-----------------------------------------
(re)writing active CFG (unchanged) -- this should report that there's nothing to write as the CFG data has not changed -- at 0xC3740: 1
  flash [0] level 1: Flash sector already contains matching data: skipping write operation.
-----------------------------------------
(re)writing active CFG (unchanged) -- this should report that there's nothing to write as the CFG data has not changed -- at 0xC3740: 1
  flash [0] level 1: Flash sector already contains matching data: skipping write operation.
-----------------------------------------
(re)writing active CFG (unchanged) -- this should report that there's nothing to write as the CFG data has not changed -- at 0xC3740: 1
  flash [0] level 1: Flash sector already contains matching data: skipping write operation.
writing an updated CFG at address 0xC3760: 1
(b0:0,b1:42,i1:1,li2:1234567890123456,i3:-555,iter:443)
-----------------------------------------
(re)writing active CFG (unchanged) -- this should report that there's nothing to write as the CFG data has not changed -- at 0xC3760: 1
  flash [0] level 1: Flash sector already contains matching data: skipping write operation.
-----------------------------------------
(re)writing active CFG (unchanged) -- this should report that there's nothing to write as the CFG data has not changed -- at 0xC3760: 1
  flash [0] level 1: Flash sector already contains matching data: skipping write operation.
-----------------------------------------
(re)writing active CFG (unchanged) -- this should report that there's nothing to write as the CFG data has not changed -- at 0xC3760: 1
  flash [0] level 1: Flash sector already contains matching data: skipping write operation.
writing an updated CFG at address 0xC3780: 1
(b0:0,b1:42,i1:1,li2:1234567890123456,i3:-555,iter:444)
-----------------------------------------
(re)writing active CFG (unchanged) -- this should report that there's nothing to write as the CFG data has not changed -- at 0xC3780: 1
  flash [0] level 1: Flash sector already contains matching data: skipping write operation.
-----------------------------------------
(re)writing active CFG (unchanged) -- this should report that there's nothing to write as the CFG data has not changed -- at 0xC3780: 1
  flash [0] level 1: Flash sector already contains matching data: skipping write operation.
-----------------------------------------
(re)writing active CFG (unchanged) -- this should report that there's nothing to write as the CFG data has not changed -- at 0xC3780: 1
  flash [0] level 1: Flash sector already contains matching data: skipping write operation.
writing an updated CFG at address 0xC37A0: 1
(b0:0,b1:42,i1:1,li2:1234567890123456,i3:-555,iter:445)
-----------------------------------------
(re)writing active CFG (unchanged) -- this should report that there's nothing to write as the CFG data has not changed -- at 0xC37A0: 1
  flash [0] level 1: Flash sector already contains matching data: skipping write operation.
-----------------------------------------
(re)writing active CFG (unchanged) -- this should report that there's nothing to write as the CFG data has not changed -- at 0xC37A0: 1
  flash [0] level 1: Flash sector already contains matching data: skipping write operation.
-----------------------------------------
(re)writing active CFG (unchanged) -- this should report that there's nothing to write as the CFG data has not changed -- at 0xC37A0: 1
  flash [0] level 1: Flash sector already contains matching data: skipping write operation.
writing an updated CFG at address 0xC37C0: 1
(b0:0,b1:42,i1:1,li2:1234567890123456,i3:-555,iter:446)
-----------------------------------------
(re)writing active CFG (unchanged) -- this should report that there's nothing to write as the CFG data has not changed -- at 0xC37C0: 1
  flash [0] level 1: Flash sector already contains matching data: skipping write operation.
-----------------------------------------
(re)writing active CFG (unchanged) -- this should report that there's nothing to write as the CFG data has not changed -- at 0xC37C0: 1
  flash [0] level 1: Flash sector already contains matching data: skipping write operation.
-----------------------------------------
(re)writing active CFG (unchanged) -- this should report that there's nothing to write as the CFG data has not changed -- at 0xC37C0: 1
  flash [0] level 1: Flash sector already contains matching data: skipping write operation.
writing an updated CFG at address 0xC37E0: 1
(b0:0,b1:42,i1:1,li2:1234567890123456,i3:-555,iter:447)
-----------------------------------------
(re)writing active CFG (unchanged) -- this should report that there's nothing to write as the CFG data has not changed -- at 0xC37E0: 1
  flash [0] level 1: Flash sector already contains matching data: skipping write operation.
-----------------------------------------
(re)writing active CFG (unchanged) -- this should report that there's nothing to write as the CFG data has not changed -- at 0xC37E0: 1
  flash [0] level 1: Flash sector already contains matching data: skipping write operation.
-----------------------------------------
(re)writing active CFG (unchanged) -- this should report that there's nothing to write as the CFG data has not changed -- at 0xC37E0: 1
  flash [0] level 1: Flash sector already contains matching data: skipping write operation.
writing an updated CFG at address 0xC3800: 1
(b0:0,b1:42,i1:1,li2:1234567890123456,i3:-555,iter:448)
-----------------------------------------
(re)writing active CFG (unchanged) -- this should report that there's nothing to write as the CFG data has not changed -- at 0xC3800: 1
  flash [0] level 1: Flash sector already contains matching data: skipping write operation.
-----------------------------------------
(re)writing active CFG (unchanged) -- this should report that there's nothing to write as the CFG data has not changed -- at 0xC3800: 1
  flash [0] level 1: Flash sector already contains matching data: skipping write operation.
-----------------------------------------
(re)writing active CFG (unchanged) -- this should report that there's nothing to write as the CFG data has not changed -- at 0xC3800: 1
  flash [0] level 1: Flash sector already contains matching data: skipping write operation.
writing an updated CFG at address 0xC3820: 1
(b0:0,b1:42,i1:1,li2:1234567890123456,i3:-555,iter:449)
-----------------------------------------
(re)writing active CFG (unchanged) -- this should report that there's nothing to write as the CFG data has not changed -- at 0xC3820: 1
  flash [0] level 1: Flash sector already contains matching data: skipping write operation.
-----------------------------------------
(re)writing active CFG (unchanged) -- this should report that there's nothing to write as the CFG data has not changed -- at 0xC3820: 1
  flash [0] level 1: Flash sector already contains matching data: skipping write operation.
-----------------------------------------
(re)writing active CFG (unchanged) -- this should report that there's nothing to write as the CFG data has not changed -- at 0xC3820: 1
  flash [0] level 1: Flash sector already contains matching data: skipping write operation.
writing an updated CFG at address 0xC3840: 1
(b0:0,b1:42,i1:1,li2:1234567890123456,i3:-555,iter:450)
-----------------------------------------
(re)writing active CFG (unchanged) -- this should report that there's nothing to write as the CFG data has not changed -- at 0xC3840: 1
  flash [0] level 1: Flash sector already contains matching data: skipping write operation.
-----------------------------------------
(re)writing active CFG (unchanged) -- this should report that there's nothing to write as the CFG data has not changed -- at 0xC3840: 1
  flash [0] level 1: Flash sector already contains matching data: skipping write operation.
-----------------------------------------
(re)writing active CFG (unchanged) -- this should report that there's nothing to write as the CFG data has not changed -- at 0xC3840: 1
  flash [0] level 1: Flash sector already contains matching data: skipping write operation.
writing an updated CFG at address 0xC3860: 1
(b0:0,b1:42,i1:1,li2:1234567890123456,i3:-555,iter:451)
-----------------------------------------
(re)writing active CFG (unchanged) -- this should report that there's nothing to write as the CFG data has not changed -- at 0xC3860: 1
  flash [0] level 1: Flash sector already contains matching data: skipping write operation.
-----------------------------------------
(re)writing active CFG (unchanged) -- this should report that there's nothing to write as the CFG data has not changed -- at 0xC3860: 1
  flash [0] level 1: Flash sector already contains matching data: skipping write operation.
-----------------------------------------
(re)writing active CFG (unchanged) -- this should report that there's nothing to write as the CFG data has not changed -- at 0xC3860: 1
  flash [0] level 1: Flash sector already contains matching data: skipping write operation.
writing an updated CFG at address 0xC3880: 1
(b0:0,b1:42,i1:1,li2:1234567890123456,i3:-555,iter:452)
-----------------------------------------
(re)writing active CFG (unchanged) -- this should report that there's nothing to write as the CFG data has not changed -- at 0xC3880: 1
  flash [0] level 1: Flash sector already contains matching data: skipping write operation.
-----------------------------------------
(re)writing active CFG (unchanged) -- this should report that there's nothing to write as the CFG data has not changed -- at 0xC3880: 1
  flash [0] level 1: Flash sector already contains matching data: skipping write operation.
-----------------------------------------
(re)writing active CFG (unchanged) -- this should report that there's nothing to write as the CFG data has not changed -- at 0xC3880: 1
  flash [0] level 1: Flash sector already contains matching data: skipping write operation.
writing an updated CFG at address 0xC38A0: 1
(b0:0,b1:42,i1:1,li2:1234567890123456,i3:-555,iter:453)
-----------------------------------------
(re)writing active CFG (unchanged) -- this should report that there's nothing to write as the CFG data has not changed -- at 0xC38A0: 1
  flash [0] level 1: Flash sector already contains matching data: skipping write operation.
-----------------------------------------
(re)writing active CFG (unchanged) -- this should report that there's nothing to write as the CFG data has not changed -- at 0xC38A0: 1
  flash [0] level 1: Flash sector already contains matching data: skipping write operation.
-----------------------------------------
(re)writing active CFG (unchanged) -- this should report that there's nothing to write as the CFG data has not changed -- at 0xC38A0: 1
  flash [0] level 1: Flash sector already contains matching data: skipping write operation.
writing an updated CFG at address 0xC38C0: 1
(b0:0,b1:42,i1:1,li2:1234567890123456,i3:-555,iter:454)
-----------------------------------------
(re)writing active CFG (unchanged) -- this should report that there's nothing to write as the CFG data has not changed -- at 0xC38C0: 1
  flash [0] level 1: Flash sector already contains matching data: skipping write operation.
-----------------------------------------
(re)writing active CFG (unchanged) -- this should report that there's nothing to write as the CFG data has not changed -- at 0xC38C0: 1
  flash [0] level 1: Flash sector already contains matching data: skipping write operation.
-----------------------------------------
(re)writing active CFG (unchanged) -- this should report that there's nothing to write as the CFG data has not changed -- at 0xC38C0: 1
  flash [0] level 1: Flash sector already contains matching data: skipping write operation.
writing an updated CFG at address 0xC38E0: 1
(b0:0,b1:42,i1:1,li2:1234567890123456,i3:-555,iter:455)
-----------------------------------------
(re)writing active CFG (unchanged) -- this should report that there's nothing to write as the CFG data has not changed -- at 0xC38E0: 1
  flash [0] level 1: Flash sector already contains matching data: skipping write operation.
-----------------------------------------
(re)writing active CFG (unchanged) -- this should report that there's nothing to write as the CFG data has not changed -- at 0xC38E0: 1
  flash [0] level 1: Flash sector already contains matching data: skipping write operation.
-----------------------------------------
(re)writing active CFG (unchanged) -- this should report that there's nothing to write as the CFG data has not changed -- at 0xC38E0: 1
  flash [0] level 1: Flash sector already contains matching data: skipping write operation.
writing an updated CFG at address 0xC3900: 1
(b0:0,b1:42,i1:1,li2:1234567890123456,i3:-555,iter:456)
-----------------------------------------
(re)writing active CFG (unchanged) -- this should report that there's nothing to write as the CFG data has not changed -- at 0xC3900: 1
  flash [0] level 1: Flash sector already contains matching data: skipping write operation.
-----------------------------------------
(re)writing active CFG (unchanged) -- this should report that there's nothing to write as the CFG data has not changed -- at 0xC3900: 1
  flash [0] level 1: Flash sector already contains matching data: skipping write operation.
-----------------------------------------
(re)writing active CFG (unchanged) -- this should report that there's nothing to write as the CFG data has not changed -- at 0xC3900: 1
  flash [0] level 1: Flash sector already contains matching data: skipping write operation.
writing an updated CFG at address 0xC3920: 1
(b0:0,b1:42,i1:1,li2:1234567890123456,i3:-555,iter:457)
-----------------------------------------
(re)writing active CFG (unchanged) -- this should report that there's nothing to write as the CFG data has not changed -- at 0xC3920: 1
  flash [0] level 1: Flash sector already contains matching data: skipping write operation.
-----------------------------------------
(re)writing active CFG (unchanged) -- this should report that there's nothing to write as the CFG data has not changed -- at 0xC3920: 1
  flash [0] level 1: Flash sector already contains matching data: skipping write operation.
-----------------------------------------
(re)writing active CFG (unchanged) -- this should report that there's nothing to write as the CFG data has not changed -- at 0xC3920: 1
  flash [0] level 1: Flash sector already contains matching data: skipping write operation.
writing an updated CFG at address 0xC3940: 1
(b0:0,b1:42,i1:1,li2:1234567890123456,i3:-555,iter:458)
-----------------------------------------
(re)writing active CFG (unchanged) -- this should report that there's nothing to write as the CFG data has not changed -- at 0xC3940: 1
  flash [0] level 1: Flash sector already contains matching data: skipping write operation.
-----------------------------------------
(re)writing active CFG (unchanged) -- this should report that there's nothing to write as the CFG data has not changed -- at 0xC3940: 1
  flash [0] level 1: Flash sector already contains matching data: skipping write operation.
-----------------------------------------
(re)writing active CFG (unchanged) -- this should report that there's nothing to write as the CFG data has not changed -- at 0xC3940: 1
  flash [0] level 1: Flash sector already contains matching data: skipping write operation.
writing an updated CFG at address 0xC3960: 1
(b0:0,b1:42,i1:1,li2:1234567890123456,i3:-555,iter:459)
-----------------------------------------
(re)writing active CFG (unchanged) -- this should report that there's nothing to write as the CFG data has not changed -- at 0xC3960: 1
  flash [0] level 1: Flash sector already contains matching data: skipping write operation.
-----------------------------------------
(re)writing active CFG (unchanged) -- this should report that there's nothing to write as the CFG data has not changed -- at 0xC3960: 1
  flash [0] level 1: Flash sector already contains matching data: skipping write operation.
-----------------------------------------
(re)writing active CFG (unchanged) -- this should report that there's nothing to write as the CFG data has not changed -- at 0xC3960: 1
  flash [0] level 1: Flash sector already contains matching data: skipping write operation.
writing an updated CFG at address 0xC3980: 1
(b0:0,b1:42,i1:1,li2:1234567890123456,i3:-555,iter:460)
-----------------------------------------
(re)writing active CFG (unchanged) -- this should report that there's nothing to write as the CFG data has not changed -- at 0xC3980: 1
  flash [0] level 1: Flash sector already contains matching data: skipping write operation.
-----------------------------------------
(re)writing active CFG (unchanged) -- this should report that there's nothing to write as the CFG data has not changed -- at 0xC3980: 1
  flash [0] level 1: Flash sector already contains matching data: skipping write operation.
-----------------------------------------
(re)writing active CFG (unchanged) -- this should report that there's nothing to write as the CFG data has not changed -- at 0xC3980: 1
  flash [0] level 1: Flash sector already contains matching data: skipping write operation.
writing an updated CFG at address 0xC39A0: 1
(b0:0,b1:42,i1:1,li2:1234567890123456,i3:-555,iter:461)
-----------------------------------------
(re)writing active CFG (unchanged) -- this should report that there's nothing to write as the CFG data has not changed -- at 0xC39A0: 1
  flash [0] level 1: Flash sector already contains matching data: skipping write operation.
-----------------------------------------
(re)writing active CFG (unchanged) -- this should report that there's nothing to write as the CFG data has not changed -- at 0xC39A0: 1
  flash [0] level 1: Flash sector already contains matching data: skipping write operation.
-----------------------------------------
(re)writing active CFG (unchanged) -- this should report that there's nothing to write as the CFG data has not changed -- at 0xC39A0: 1
  flash [0] level 1: Flash sector already contains matching data: skipping write operation.
writing an updated CFG at address 0xC39C0: 1
(b0:0,b1:42,i1:1,li2:1234567890123456,i3:-555,iter:462)
-----------------------------------------
(re)writing active CFG (unchanged) -- this should report that there's nothing to write as the CFG data has not changed -- at 0xC39C0: 1
  flash [0] level 1: Flash sector already contains matching data: skipping write operation.
-----------------------------------------
(re)writing active CFG (unchanged) -- this should report that there's nothing to write as the CFG data has not changed -- at 0xC39C0: 1
  flash [0] level 1: Flash sector already contains matching data: skipping write operation.
-----------------------------------------
(re)writing active CFG (unchanged) -- this should report that there's nothing to write as the CFG data has not changed -- at 0xC39C0: 1
  flash [0] level 1: Flash sector already contains matching data: skipping write operation.
writing an updated CFG at address 0xC39E0: 1
(b0:0,b1:42,i1:1,li2:1234567890123456,i3:-555,iter:463)
-----------------------------------------
(re)writing active CFG (unchanged) -- this should report that there's nothing to write as the CFG data has not changed -- at 0xC39E0: 1
  flash [0] level 1: Flash sector already contains matching data: skipping write operation.
-----------------------------------------
(re)writing active CFG (unchanged) -- this should report that there's nothing to write as the CFG data has not changed -- at 0xC39E0: 1
  flash [0] level 1: Flash sector already contains matching data: skipping write operation.
-----------------------------------------
(re)writing active CFG (unchanged) -- this should report that there's nothing to write as the CFG data has not changed -- at 0xC39E0: 1
  flash [0] level 1: Flash sector already contains matching data: skipping write operation.
writing an updated CFG at address 0xC3A00: 1
(b0:0,b1:42,i1:1,li2:1234567890123456,i3:-555,iter:464)
-----------------------------------------
(re)writing active CFG (unchanged) -- this should report that there's nothing to write as the CFG data has not changed -- at 0xC3A00: 1
  flash [0] level 1: Flash sector already contains matching data: skipping write operation.
-----------------------------------------
(re)writing active CFG (unchanged) -- this should report that there's nothing to write as the CFG data has not changed -- at 0xC3A00: 1
  flash [0] level 1: Flash sector already contains matching data: skipping write operation.
-----------------------------------------
(re)writing active CFG (unchanged) -- this should report that there's nothing to write as the CFG data has not changed -- at 0xC3A00: 1
  flash [0] level 1: Flash sector already contains matching data: skipping write operation.
writing an updated CFG at address 0xC3A20: 1
(b0:0,b1:42,i1:1,li2:1234567890123456,i3:-555,iter:465)
-----------------------------------------
(re)writing active CFG (unchanged) -- this should report that there's nothing to write as the CFG data has not changed -- at 0xC3A20: 1
  flash [0] level 1: Flash sector already contains matching data: skipping write operation.
-----------------------------------------
(re)writing active CFG (unchanged) -- this should report that there's nothing to write as the CFG data has not changed -- at 0xC3A20: 1
  flash [0] level 1: Flash sector already contains matching data: skipping write operation.
-----------------------------------------
(re)writing active CFG (unchanged) -- this should report that there's nothing to write as the CFG data has not changed -- at 0xC3A20: 1
  flash [0] level 1: Flash sector already contains matching data: skipping write operation.
writing an updated CFG at address 0xC3A40: 1
(b0:0,b1:42,i1:1,li2:1234567890123456,i3:-555,iter:466)
-----------------------------------------
(re)writing active CFG (unchanged) -- this should report that there's nothing to write as the CFG data has not changed -- at 0xC3A40: 1
  flash [0] level 1: Flash sector already contains matching data: skipping write operation.
-----------------------------------------
(re)writing active CFG (unchanged) -- this should report that there's nothing to write as the CFG data has not changed -- at 0xC3A40: 1
  flash [0] level 1: Flash sector already contains matching data: skipping write operation.
-----------------------------------------
(re)writing active CFG (unchanged) -- this should report that there's nothing to write as the CFG data has not changed -- at 0xC3A40: 1
  flash [0] level 1: Flash sector already contains matching data: skipping write operation.
writing an updated CFG at address 0xC3A60: 1
(b0:0,b1:42,i1:1,li2:1234567890123456,i3:-555,iter:467)
-----------------------------------------
(re)writing active CFG (unchanged) -- this should report that there's nothing to write as the CFG data has not changed -- at 0xC3A60: 1
  flash [0] level 1: Flash sector already contains matching data: skipping write operation.
-----------------------------------------
(re)writing active CFG (unchanged) -- this should report that there's nothing to write as the CFG data has not changed -- at 0xC3A60: 1
  flash [0] level 1: Flash sector already contains matching data: skipping write operation.
-----------------------------------------
(re)writing active CFG (unchanged) -- this should report that there's nothing to write as the CFG data has not changed -- at 0xC3A60: 1
  flash [0] level 1: Flash sector already contains matching data: skipping write operation.
writing an updated CFG at address 0xC3A80: 1
(b0:0,b1:42,i1:1,li2:1234567890123456,i3:-555,iter:468)
-----------------------------------------
(re)writing active CFG (unchanged) -- this should report that there's nothing to write as the CFG data has not changed -- at 0xC3A80: 1
  flash [0] level 1: Flash sector already contains matching data: skipping write operation.
-----------------------------------------
(re)writing active CFG (unchanged) -- this should report that there's nothing to write as the CFG data has not changed -- at 0xC3A80: 1
  flash [0] level 1: Flash sector already contains matching data: skipping write operation.
-----------------------------------------
(re)writing active CFG (unchanged) -- this should report that there's nothing to write as the CFG data has not changed -- at 0xC3A80: 1
  flash [0] level 1: Flash sector already contains matching data: skipping write operation.
writing an updated CFG at address 0xC3AA0: 1
(b0:0,b1:42,i1:1,li2:1234567890123456,i3:-555,iter:469)
-----------------------------------------
(re)writing active CFG (unchanged) -- this should report that there's nothing to write as the CFG data has not changed -- at 0xC3AA0: 1
  flash [0] level 1: Flash sector already contains matching data: skipping write operation.
-----------------------------------------
(re)writing active CFG (unchanged) -- this should report that there's nothing to write as the CFG data has not changed -- at 0xC3AA0: 1
  flash [0] level 1: Flash sector already contains matching data: skipping write operation.
-----------------------------------------
(re)writing active CFG (unchanged) -- this should report that there's nothing to write as the CFG data has not changed -- at 0xC3AA0: 1
  flash [0] level 1: Flash sector already contains matching data: skipping write operation.
writing an updated CFG at address 0xC3AC0: 1
(b0:0,b1:42,i1:1,li2:1234567890123456,i3:-555,iter:470)
-----------------------------------------
(re)writing active CFG (unchanged) -- this should report that there's nothing to write as the CFG data has not changed -- at 0xC3AC0: 1
  flash [0] level 1: Flash sector already contains matching data: skipping write operation.
-----------------------------------------
(re)writing active CFG (unchanged) -- this should report that there's nothing to write as the CFG data has not changed -- at 0xC3AC0: 1
  flash [0] level 1: Flash sector already contains matching data: skipping write operation.
-----------------------------------------
(re)writing active CFG (unchanged) -- this should report that there's nothing to write as the CFG data has not changed -- at 0xC3AC0: 1
  flash [0] level 1: Flash sector already contains matching data: skipping write operation.
writing an updated CFG at address 0xC3AE0: 1
(b0:0,b1:42,i1:1,li2:1234567890123456,i3:-555,iter:471)
-----------------------------------------
(re)writing active CFG (unchanged) -- this should report that there's nothing to write as the CFG data has not changed -- at 0xC3AE0: 1
  flash [0] level 1: Flash sector already contains matching data: skipping write operation.
-----------------------------------------
(re)writing active CFG (unchanged) -- this should report that there's nothing to write as the CFG data has not changed -- at 0xC3AE0: 1
  flash [0] level 1: Flash sector already contains matching data: skipping write operation.
-----------------------------------------
(re)writing active CFG (unchanged) -- this should report that there's nothing to write as the CFG data has not changed -- at 0xC3AE0: 1
  flash [0] level 1: Flash sector already contains matching data: skipping write operation.
writing an updated CFG at address 0xC3B00: 1
(b0:0,b1:42,i1:1,li2:1234567890123456,i3:-555,iter:472)
-----------------------------------------
(re)writing active CFG (unchanged) -- this should report that there's nothing to write as the CFG data has not changed -- at 0xC3B00: 1
  flash [0] level 1: Flash sector already contains matching data: skipping write operation.
-----------------------------------------
(re)writing active CFG (unchanged) -- this should report that there's nothing to write as the CFG data has not changed -- at 0xC3B00: 1
  flash [0] level 1: Flash sector already contains matching data: skipping write operation.
-----------------------------------------
(re)writing active CFG (unchanged) -- this should report that there's nothing to write as the CFG data has not changed -- at 0xC3B00: 1
  flash [0] level 1: Flash sector already contains matching data: skipping write operation.
writing an updated CFG at address 0xC3B20: 1
(b0:0,b1:42,i1:1,li2:1234567890123456,i3:-555,iter:473)
-----------------------------------------
(re)writing active CFG (unchanged) -- this should report that there's nothing to write as the CFG data has not changed -- at 0xC3B20: 1
  flash [0] level 1: Flash sector already contains matching data: skipping write operation.
-----------------------------------------
(re)writing active CFG (unchanged) -- this should report that there's nothing to write as the CFG data has not changed -- at 0xC3B20: 1
  flash [0] level 1: Flash sector already contains matching data: skipping write operation.
-----------------------------------------
(re)writing active CFG (unchanged) -- this should report that there's nothing to write as the CFG data has not changed -- at 0xC3B20: 1
  flash [0] level 1: Flash sector already contains matching data: skipping write operation.
writing an updated CFG at address 0xC3B40: 1
(b0:0,b1:42,i1:1,li2:1234567890123456,i3:-555,iter:474)
-----------------------------------------
(re)writing active CFG (unchanged) -- this should report that there's nothing to write as the CFG data has not changed -- at 0xC3B40: 1
  flash [0] level 1: Flash sector already contains matching data: skipping write operation.
-----------------------------------------
(re)writing active CFG (unchanged) -- this should report that there's nothing to write as the CFG data has not changed -- at 0xC3B40: 1
  flash [0] level 1: Flash sector already contains matching data: skipping write operation.
-----------------------------------------
(re)writing active CFG (unchanged) -- this should report that there's nothing to write as the CFG data has not changed -- at 0xC3B40: 1
  flash [0] level 1: Flash sector already contains matching data: skipping write operation.
writing an updated CFG at address 0xC3B60: 1
(b0:0,b1:42,i1:1,li2:1234567890123456,i3:-555,iter:475)
-----------------------------------------
(re)writing active CFG (unchanged) -- this should report that there's nothing to write as the CFG data has not changed -- at 0xC3B60: 1
  flash [0] level 1: Flash sector already contains matching data: skipping write operation.
-----------------------------------------
(re)writing active CFG (unchanged) -- this should report that there's nothing to write as the CFG data has not changed -- at 0xC3B60: 1
  flash [0] level 1: Flash sector already contains matching data: skipping write operation.
-----------------------------------------
(re)writing active CFG (unchanged) -- this should report that there's nothing to write as the CFG data has not changed -- at 0xC3B60: 1
  flash [0] level 1: Flash sector already contains matching data: skipping write operation.
writing an updated CFG at address 0xC3B80: 1
(b0:0,b1:42,i1:1,li2:1234567890123456,i3:-555,iter:476)
-----------------------------------------
(re)writing active CFG (unchanged) -- this should report that there's nothing to write as the CFG data has not changed -- at 0xC3B80: 1
  flash [0] level 1: Flash sector already contains matching data: skipping write operation.
-----------------------------------------
(re)writing active CFG (unchanged) -- this should report that there's nothing to write as the CFG data has not changed -- at 0xC3B80: 1
  flash [0] level 1: Flash sector already contains matching data: skipping write operation.
-----------------------------------------
(re)writing active CFG (unchanged) -- this should report that there's nothing to write as the CFG data has not changed -- at 0xC3B80: 1
  flash [0] level 1: Flash sector already contains matching data: skipping write operation.
writing an updated CFG at address 0xC3BA0: 1
(b0:0,b1:42,i1:1,li2:1234567890123456,i3:-555,iter:477)
-----------------------------------------
(re)writing active CFG (unchanged) -- this should report that there's nothing to write as the CFG data has not changed -- at 0xC3BA0: 1
  flash [0] level 1: Flash sector already contains matching data: skipping write operation.
-----------------------------------------
(re)writing active CFG (unchanged) -- this should report that there's nothing to write as the CFG data has not changed -- at 0xC3BA0: 1
  flash [0] level 1: Flash sector already contains matching data: skipping write operation.
-----------------------------------------
(re)writing active CFG (unchanged) -- this should report that there's nothing to write as the CFG data has not changed -- at 0xC3BA0: 1
  flash [0] level 1: Flash sector already contains matching data: skipping write operation.
writing an updated CFG at address 0xC3BC0: 1
(b0:0,b1:42,i1:1,li2:1234567890123456,i3:-555,iter:478)
-----------------------------------------
(re)writing active CFG (unchanged) -- this should report that there's nothing to write as the CFG data has not changed -- at 0xC3BC0: 1
  flash [0] level 1: Flash sector already contains matching data: skipping write operation.
-----------------------------------------
(re)writing active CFG (unchanged) -- this should report that there's nothing to write as the CFG data has not changed -- at 0xC3BC0: 1
  flash [0] level 1: Flash sector already contains matching data: skipping write operation.
-----------------------------------------
(re)writing active CFG (unchanged) -- this should report that there's nothing to write as the CFG data has not changed -- at 0xC3BC0: 1
  flash [0] level 1: Flash sector already contains matching data: skipping write operation.
writing an updated CFG at address 0xC3BE0: 1
(b0:0,b1:42,i1:1,li2:1234567890123456,i3:-555,iter:479)
-----------------------------------------
(re)writing active CFG (unchanged) -- this should report that there's nothing to write as the CFG data has not changed -- at 0xC3BE0: 1
  flash [0] level 1: Flash sector already contains matching data: skipping write operation.
-----------------------------------------
(re)writing active CFG (unchanged) -- this should report that there's nothing to write as the CFG data has not changed -- at 0xC3BE0: 1
  flash [0] level 1: Flash sector already contains matching data: skipping write operation.
-----------------------------------------
(re)writing active CFG (unchanged) -- this should report that there's nothing to write as the CFG data has not changed -- at 0xC3BE0: 1
  flash [0] level 1: Flash sector already contains matching data: skipping write operation.
writing an updated CFG at address 0xC3C00: 1
(b0:0,b1:42,i1:1,li2:1234567890123456,i3:-555,iter:480)
-----------------------------------------
(re)writing active CFG (unchanged) -- this should report that there's nothing to write as the CFG data has not changed -- at 0xC3C00: 1
  flash [0] level 1: Flash sector already contains matching data: skipping write operation.
-----------------------------------------
(re)writing active CFG (unchanged) -- this should report that there's nothing to write as the CFG data has not changed -- at 0xC3C00: 1
  flash [0] level 1: Flash sector already contains matching data: skipping write operation.
-----------------------------------------
(re)writing active CFG (unchanged) -- this should report that there's nothing to write as the CFG data has not changed -- at 0xC3C00: 1
  flash [0] level 1: Flash sector already contains matching data: skipping write operation.
writing an updated CFG at address 0xC3C20: 1
(b0:0,b1:42,i1:1,li2:1234567890123456,i3:-555,iter:481)
-----------------------------------------
(re)writing active CFG (unchanged) -- this should report that there's nothing to write as the CFG data has not changed -- at 0xC3C20: 1
  flash [0] level 1: Flash sector already contains matching data: skipping write operation.
-----------------------------------------
(re)writing active CFG (unchanged) -- this should report that there's nothing to write as the CFG data has not changed -- at 0xC3C20: 1
  flash [0] level 1: Flash sector already contains matching data: skipping write operation.
-----------------------------------------
(re)writing active CFG (unchanged) -- this should report that there's nothing to write as the CFG data has not changed -- at 0xC3C20: 1
  flash [0] level 1: Flash sector already contains matching data: skipping write operation.
writing an updated CFG at address 0xC3C40: 1
(b0:0,b1:42,i1:1,li2:1234567890123456,i3:-555,iter:482)
-----------------------------------------
(re)writing active CFG (unchanged) -- this should report that there's nothing to write as the CFG data has not changed -- at 0xC3C40: 1
  flash [0] level 1: Flash sector already contains matching data: skipping write operation.
-----------------------------------------
(re)writing active CFG (unchanged) -- this should report that there's nothing to write as the CFG data has not changed -- at 0xC3C40: 1
  flash [0] level 1: Flash sector already contains matching data: skipping write operation.
-----------------------------------------
(re)writing active CFG (unchanged) -- this should report that there's nothing to write as the CFG data has not changed -- at 0xC3C40: 1
  flash [0] level 1: Flash sector already contains matching data: skipping write operation.
writing an updated CFG at address 0xC3C60: 1
(b0:0,b1:42,i1:1,li2:1234567890123456,i3:-555,iter:483)
-----------------------------------------
(re)writing active CFG (unchanged) -- this should report that there's nothing to write as the CFG data has not changed -- at 0xC3C60: 1
  flash [0] level 1: Flash sector already contains matching data: skipping write operation.
-----------------------------------------
(re)writing active CFG (unchanged) -- this should report that there's nothing to write as the CFG data has not changed -- at 0xC3C60: 1
  flash [0] level 1: Flash sector already contains matching data: skipping write operation.
-----------------------------------------
(re)writing active CFG (unchanged) -- this should report that there's nothing to write as the CFG data has not changed -- at 0xC3C60: 1
  flash [0] level 1: Flash sector already contains matching data: skipping write operation.
writing an updated CFG at address 0xC3C80: 1
(b0:0,b1:42,i1:1,li2:1234567890123456,i3:-555,iter:484)
-----------------------------------------
(re)writing active CFG (unchanged) -- this should report that there's nothing to write as the CFG data has not changed -- at 0xC3C80: 1
  flash [0] level 1: Flash sector already contains matching data: skipping write operation.
-----------------------------------------
(re)writing active CFG (unchanged) -- this should report that there's nothing to write as the CFG data has not changed -- at 0xC3C80: 1
  flash [0] level 1: Flash sector already contains matching data: skipping write operation.
-----------------------------------------
(re)writing active CFG (unchanged) -- this should report that there's nothing to write as the CFG data has not changed -- at 0xC3C80: 1
  flash [0] level 1: Flash sector already contains matching data: skipping write operation.
writing an updated CFG at address 0xC3CA0: 1
(b0:0,b1:42,i1:1,li2:1234567890123456,i3:-555,iter:485)
-----------------------------------------
(re)writing active CFG (unchanged) -- this should report that there's nothing to write as the CFG data has not changed -- at 0xC3CA0: 1
  flash [0] level 1: Flash sector already contains matching data: skipping write operation.
-----------------------------------------
(re)writing active CFG (unchanged) -- this should report that there's nothing to write as the CFG data has not changed -- at 0xC3CA0: 1
  flash [0] level 1: Flash sector already contains matching data: skipping write operation.
-----------------------------------------
(re)writing active CFG (unchanged) -- this should report that there's nothing to write as the CFG data has not changed -- at 0xC3CA0: 1
  flash [0] level 1: Flash sector already contains matching data: skipping write operation.
writing an updated CFG at address 0xC3CC0: 1
(b0:0,b1:42,i1:1,li2:1234567890123456,i3:-555,iter:486)
-----------------------------------------
(re)writing active CFG (unchanged) -- this should report that there's nothing to write as the CFG data has not changed -- at 0xC3CC0: 1
  flash [0] level 1: Flash sector already contains matching data: skipping write operation.
-----------------------------------------
(re)writing active CFG (unchanged) -- this should report that there's nothing to write as the CFG data has not changed -- at 0xC3CC0: 1
  flash [0] level 1: Flash sector already contains matching data: skipping write operation.
-----------------------------------------
(re)writing active CFG (unchanged) -- this should report that there's nothing to write as the CFG data has not changed -- at 0xC3CC0: 1
  flash [0] level 1: Flash sector already contains matching data: skipping write operation.
writing an updated CFG at address 0xC3CE0: 1
(b0:0,b1:42,i1:1,li2:1234567890123456,i3:-555,iter:487)
-----------------------------------------
(re)writing active CFG (unchanged) -- this should report that there's nothing to write as the CFG data has not changed -- at 0xC3CE0: 1
  flash [0] level 1: Flash sector already contains matching data: skipping write operation.
-----------------------------------------
(re)writing active CFG (unchanged) -- this should report that there's nothing to write as the CFG data has not changed -- at 0xC3CE0: 1
  flash [0] level 1: Flash sector already contains matching data: skipping write operation.
-----------------------------------------
(re)writing active CFG (unchanged) -- this should report that there's nothing to write as the CFG data has not changed -- at 0xC3CE0: 1
  flash [0] level 1: Flash sector already contains matching data: skipping write operation.
writing an updated CFG at address 0xC3D00: 1
(b0:0,b1:42,i1:1,li2:1234567890123456,i3:-555,iter:488)
-----------------------------------------
(re)writing active CFG (unchanged) -- this should report that there's nothing to write as the CFG data has not changed -- at 0xC3D00: 1
  flash [0] level 1: Flash sector already contains matching data: skipping write operation.
-----------------------------------------
(re)writing active CFG (unchanged) -- this should report that there's nothing to write as the CFG data has not changed -- at 0xC3D00: 1
  flash [0] level 1: Flash sector already contains matching data: skipping write operation.
-----------------------------------------
(re)writing active CFG (unchanged) -- this should report that there's nothing to write as the CFG data has not changed -- at 0xC3D00: 1
  flash [0] level 1: Flash sector already contains matching data: skipping write operation.
writing an updated CFG at address 0xC3D20: 1
(b0:0,b1:42,i1:1,li2:1234567890123456,i3:-555,iter:489)
-----------------------------------------
(re)writing active CFG (unchanged) -- this should report that there's nothing to write as the CFG data has not changed -- at 0xC3D20: 1
  flash [0] level 1: Flash sector already contains matching data: skipping write operation.
-----------------------------------------
(re)writing active CFG (unchanged) -- this should report that there's nothing to write as the CFG data has not changed -- at 0xC3D20: 1
  flash [0] level 1: Flash sector already contains matching data: skipping write operation.
-----------------------------------------
(re)writing active CFG (unchanged) -- this should report that there's nothing to write as the CFG data has not changed -- at 0xC3D20: 1
  flash [0] level 1: Flash sector already contains matching data: skipping write operation.
writing an updated CFG at address 0xC3D40: 1
(b0:0,b1:42,i1:1,li2:1234567890123456,i3:-555,iter:490)
-----------------------------------------
(re)writing active CFG (unchanged) -- this should report that there's nothing to write as the CFG data has not changed -- at 0xC3D40: 1
  flash [0] level 1: Flash sector already contains matching data: skipping write operation.
-----------------------------------------
(re)writing active CFG (unchanged) -- this should report that there's nothing to write as the CFG data has not changed -- at 0xC3D40: 1
  flash [0] level 1: Flash sector already contains matching data: skipping write operation.
-----------------------------------------
(re)writing active CFG (unchanged) -- this should report that there's nothing to write as the CFG data has not changed -- at 0xC3D40: 1
  flash [0] level 1: Flash sector already contains matching data: skipping write operation.
writing an updated CFG at address 0xC3D60: 1
(b0:0,b1:42,i1:1,li2:1234567890123456,i3:-555,iter:491)
-----------------------------------------
(re)writing active CFG (unchanged) -- this should report that there's nothing to write as the CFG data has not changed -- at 0xC3D60: 1
  flash [0] level 1: Flash sector already contains matching data: skipping write operation.
-----------------------------------------
(re)writing active CFG (unchanged) -- this should report that there's nothing to write as the CFG data has not changed -- at 0xC3D60: 1
  flash [0] level 1: Flash sector already contains matching data: skipping write operation.
-----------------------------------------
(re)writing active CFG (unchanged) -- this should report that there's nothing to write as the CFG data has not changed -- at 0xC3D60: 1
  flash [0] level 1: Flash sector already contains matching data: skipping write operation.
writing an updated CFG at address 0xC3D80: 1
(b0:0,b1:42,i1:1,li2:1234567890123456,i3:-555,iter:492)
-----------------------------------------
(re)writing active CFG (unchanged) -- this should report that there's nothing to write as the CFG data has not changed -- at 0xC3D80: 1
  flash [0] level 1: Flash sector already contains matching data: skipping write operation.
-----------------------------------------
(re)writing active CFG (unchanged) -- this should report that there's nothing to write as the CFG data has not changed -- at 0xC3D80: 1
  flash [0] level 1: Flash sector already contains matching data: skipping write operation.
-----------------------------------------
(re)writing active CFG (unchanged) -- this should report that there's nothing to write as the CFG data has not changed -- at 0xC3D80: 1
  flash [0] level 1: Flash sector already contains matching data: skipping write operation.
writing an updated CFG at address 0xC3DA0: 1
(b0:0,b1:42,i1:1,li2:1234567890123456,i3:-555,iter:493)
-----------------------------------------
(re)writing active CFG (unchanged) -- this should report that there's nothing to write as the CFG data has not changed -- at 0xC3DA0: 1
  flash [0] level 1: Flash sector already contains matching data: skipping write operation.
-----------------------------------------
(re)writing active CFG (unchanged) -- this should report that there's nothing to write as the CFG data has not changed -- at 0xC3DA0: 1
  flash [0] level 1: Flash sector already contains matching data: skipping write operation.
-----------------------------------------
(re)writing active CFG (unchanged) -- this should report that there's nothing to write as the CFG data has not changed -- at 0xC3DA0: 1
  flash [0] level 1: Flash sector already contains matching data: skipping write operation.
writing an updated CFG at address 0xC3DC0: 1
(b0:0,b1:42,i1:1,li2:1234567890123456,i3:-555,iter:494)
-----------------------------------------
(re)writing active CFG (unchanged) -- this should report that there's nothing to write as the CFG data has not changed -- at 0xC3DC0: 1
  flash [0] level 1: Flash sector already contains matching data: skipping write operation.
-----------------------------------------
(re)writing active CFG (unchanged) -- this should report that there's nothing to write as the CFG data has not changed -- at 0xC3DC0: 1
  flash [0] level 1: Flash sector already contains matching data: skipping write operation.
-----------------------------------------
(re)writing active CFG (unchanged) -- this should report that there's nothing to write as the CFG data has not changed -- at 0xC3DC0: 1
  flash [0] level 1: Flash sector already contains matching data: skipping write operation.
writing an updated CFG at address 0xC3DE0: 1
(b0:0,b1:42,i1:1,li2:1234567890123456,i3:-555,iter:495)
-----------------------------------------
(re)writing active CFG (unchanged) -- this should report that there's nothing to write as the CFG data has not changed -- at 0xC3DE0: 1
  flash [0] level 1: Flash sector already contains matching data: skipping write operation.
-----------------------------------------
(re)writing active CFG (unchanged) -- this should report that there's nothing to write as the CFG data has not changed -- at 0xC3DE0: 1
  flash [0] level 1: Flash sector already contains matching data: skipping write operation.
-----------------------------------------
(re)writing active CFG (unchanged) -- this should report that there's nothing to write as the CFG data has not changed -- at 0xC3DE0: 1
  flash [0] level 1: Flash sector already contains matching data: skipping write operation.
writing an updated CFG at address 0xC3E00: 1
(b0:0,b1:42,i1:1,li2:1234567890123456,i3:-555,iter:496)
-----------------------------------------
(re)writing active CFG (unchanged) -- this should report that there's nothing to write as the CFG data has not changed -- at 0xC3E00: 1
  flash [0] level 1: Flash sector already contains matching data: skipping write operation.
-----------------------------------------
(re)writing active CFG (unchanged) -- this should report that there's nothing to write as the CFG data has not changed -- at 0xC3E00: 1
  flash [0] level 1: Flash sector already contains matching data: skipping write operation.
-----------------------------------------
(re)writing active CFG (unchanged) -- this should report that there's nothing to write as the CFG data has not changed -- at 0xC3E00: 1
  flash [0] level 1: Flash sector already contains matching data: skipping write operation.
writing an updated CFG at address 0xC3E20: 1
(b0:0,b1:42,i1:1,li2:1234567890123456,i3:-555,iter:497)
-----------------------------------------
(re)writing active CFG (unchanged) -- this should report that there's nothing to write as the CFG data has not changed -- at 0xC3E20: 1
  flash [0] level 1: Flash sector already contains matching data: skipping write operation.
-----------------------------------------
(re)writing active CFG (unchanged) -- this should report that there's nothing to write as the CFG data has not changed -- at 0xC3E20: 1
  flash [0] level 1: Flash sector already contains matching data: skipping write operation.
-----------------------------------------
(re)writing active CFG (unchanged) -- this should report that there's nothing to write as the CFG data has not changed -- at 0xC3E20: 1
  flash [0] level 1: Flash sector already contains matching data: skipping write operation.
writing an updated CFG at address 0xC3E40: 1
(b0:0,b1:42,i1:1,li2:1234567890123456,i3:-555,iter:498)
-----------------------------------------
(re)writing active CFG (unchanged) -- this should report that there's nothing to write as the CFG data has not changed -- at 0xC3E40: 1
  flash [0] level 1: Flash sector already contains matching data: skipping write operation.
-----------------------------------------
(re)writing active CFG (unchanged) -- this should report that there's nothing to write as the CFG data has not changed -- at 0xC3E40: 1
  flash [0] level 1: Flash sector already contains matching data: skipping write operation.
-----------------------------------------
(re)writing active CFG (unchanged) -- this should report that there's nothing to write as the CFG data has not changed -- at 0xC3E40: 1
  flash [0] level 1: Flash sector already contains matching data: skipping write operation.
writing an updated CFG at address 0xC3E60: 1
(b0:0,b1:42,i1:1,li2:1234567890123456,i3:-555,iter:499)
-----------------------------------------
(re)writing active CFG (unchanged) -- this should report that there's nothing to write as the CFG data has not changed -- at 0xC3E60: 1
  flash [0] level 1: Flash sector already contains matching data: skipping write operation.
-----------------------------------------
(re)writing active CFG (unchanged) -- this should report that there's nothing to write as the CFG data has not changed -- at 0xC3E60: 1
  flash [0] level 1: Flash sector already contains matching data: skipping write operation.
-----------------------------------------
(re)writing active CFG (unchanged) -- this should report that there's nothing to write as the CFG data has not changed -- at 0xC3E60: 1
  flash [0] level 1: Flash sector already contains matching data: skipping write operation.
writing an updated CFG at address 0xC3E80: 1
(b0:0,b1:42,i1:1,li2:1234567890123456,i3:-555,iter:500)
-----------------------------------------
(re)writing active CFG (unchanged) -- this should report that there's nothing to write as the CFG data has not changed -- at 0xC3E80: 1
  flash [0] level 1: Flash sector already contains matching data: skipping write operation.
-----------------------------------------
(re)writing active CFG (unchanged) -- this should report that there's nothing to write as the CFG data has not changed -- at 0xC3E80: 1
  flash [0] level 1: Flash sector already contains matching data: skipping write operation.
-----------------------------------------
(re)writing active CFG (unchanged) -- this should report that there's nothing to write as the CFG data has not changed -- at 0xC3E80: 1
  flash [0] level 1: Flash sector already contains matching data: skipping write operation.
writing an updated CFG at address 0xC3EA0: 1
(b0:0,b1:42,i1:1,li2:1234567890123456,i3:-555,iter:501)
-----------------------------------------
(re)writing active CFG (unchanged) -- this should report that there's nothing to write as the CFG data has not changed -- at 0xC3EA0: 1
  flash [0] level 1: Flash sector already contains matching data: skipping write operation.
-----------------------------------------
(re)writing active CFG (unchanged) -- this should report that there's nothing to write as the CFG data has not changed -- at 0xC3EA0: 1
  flash [0] level 1: Flash sector already contains matching data: skipping write operation.
-----------------------------------------
(re)writing active CFG (unchanged) -- this should report that there's nothing to write as the CFG data has not changed -- at 0xC3EA0: 1
  flash [0] level 1: Flash sector already contains matching data: skipping write operation.
writing an updated CFG at address 0xC3EC0: 1
(b0:0,b1:42,i1:1,li2:1234567890123456,i3:-555,iter:502)
-----------------------------------------
(re)writing active CFG (unchanged) -- this should report that there's nothing to write as the CFG data has not changed -- at 0xC3EC0: 1
  flash [0] level 1: Flash sector already contains matching data: skipping write operation.
-----------------------------------------
(re)writing active CFG (unchanged) -- this should report that there's nothing to write as the CFG data has not changed -- at 0xC3EC0: 1
  flash [0] level 1: Flash sector already contains matching data: skipping write operation.
-----------------------------------------
(re)writing active CFG (unchanged) -- this should report that there's nothing to write as the CFG data has not changed -- at 0xC3EC0: 1
  flash [0] level 1: Flash sector already contains matching data: skipping write operation.
writing an updated CFG at address 0xC3EE0: 1
(b0:0,b1:42,i1:1,li2:1234567890123456,i3:-555,iter:503)
Halting... (press RESET button to observe the last written CFG being kept intact in flash storage)






DueFlashStorage: reading/writing a struct from/to flash example (with optimized write: only when change has happened)
Z:\lib\tooling\qiqqa\MuPDF\thirdparty\owemdjee\DueFlashStorage\examples\DueFlashStorageOnlyUsing2ndFlashAreaExample\DueFlashStorageExample.ino


scanning the flash data zone...
Scan results:
last used @ 0xC3EE0: (b0:0,b1:42,i1:1,li2:1234567890123456,i3:-555,iter:503)
oldest used @ 0xC0000: (b0:0,b1:42,i1:1,li2:1234567890123456,i3:-555,iter:0)
Inspected 504 slots, out of a total of 8192 potential slots.
writing an updated CFG at address 0xC3F00: 1
(b0:0,b1:42,i1:1,li2:1234567890123456,i3:-555,iter:504)
========================================================
(re)writing active CFG (unchanged) -- this should report that there's nothing to write as the CFG data has not changed -- at 0xC3F00: 1
  flash [0] level 1: Flash sector already contains matching data: skipping write operation.
-----------------------------------------
(re)writing active CFG (unchanged) -- this should report that there's nothing to write as the CFG data has not changed -- at 0xC3F00: 1
  flash [0] level 1: Flash sector already contains matching data: skipping write operation.
writing an updated CFG at address 0xC3F20: 1
(b0:0,b1:42,i1:1,li2:1234567890123456,i3:-555,iter:505)
-----------------------------------------
(re)writing active CFG (unchanged) -- this should report that there's nothing to write as the CFG data has not changed -- at 0xC3F20: 1
  flash [0] level 1: Flash sector already contains matching data: skipping write operation.
-----------------------------------------
(re)writing active CFG (unchanged) -- this should report that there's nothing to write as the CFG data has not changed -- at 0xC3F20: 1
  flash [0] level 1: Flash sector already contains matching data: skipping write operation.
-----------------------------------------
(re)writing active CFG (unchanged) -- this should report that there's nothing to write as the CFG data has not changed -- at 0xC3F20: 1
  flash [0] level 1: Flash sector already contains matching data: skipping write operation.
writing an updated CFG at address 0xC3F40: 1
(b0:0,b1:42,i1:1,li2:1234567890123456,i3:-555,iter:506)
-----------------------------------------
(re)writing active CFG (unchanged) -- this should report that there's nothing to write as the CFG data has not changed -- at 0xC3F40: 1
  flash [0] level 1: Flash sector already contains matching data: skipping write operation.
-----------------------------------------
(re)writing active CFG (unchanged) -- this should report that there's nothing to write as the CFG data has not changed -- at 0xC3F40: 1
  flash [0] level 1: Flash sector already contains matching data: skipping write operation.
-----------------------------------------
(re)writing active CFG (unchanged) -- this should report that there's nothing to write as the CFG data has not changed -- at 0xC3F40: 1
  flash [0] level 1: Flash sector already contains matching data: skipping write operation.
writing an updated CFG at address 0xC3F60: 1
(b0:0,b1:42,i1:1,li2:1234567890123456,i3:-555,iter:507)
-----------------------------------------
(re)writing active CFG (unchanged) -- this should report that there's nothing to write as the CFG data has not changed -- at 0xC3F60: 1
  flash [0] level 1: Flash sector already contains matching data: skipping write operation.
-----------------------------------------
(re)writing active CFG (unchanged) -- this should report that there's nothing to write as the CFG data has not changed -- at 0xC3F60: 1
  flash [0] level 1: Flash sector already contains matching data: skipping write operation.
-----------------------------------------
(re)writing active CFG (unchanged) -- this should report that there's nothing to write as the CFG data has not changed -- at 0xC3F60: 1
  flash [0] level 1: Flash sector already contains matching data: skipping write operation.
writing an updated CFG at address 0xC3F80: 1
(b0:0,b1:42,i1:1,li2:1234567890123456,i3:-555,iter:508)
-----------------------------------------
(re)writing active CFG (unchanged) -- this should report that there's nothing to write as the CFG data has not changed -- at 0xC3F80: 1
  flash [0] level 1: Flash sector already contains matching data: skipping write operation.
-----------------------------------------
(re)writing active CFG (unchanged) -- this should report that there's nothing to write as the CFG data has not changed -- at 0xC3F80: 1
  flash [0] level 1: Flash sector already contains matching data: skipping write operation.
-----------------------------------------
(re)writing active CFG (unchanged) -- this should report that there's nothing to write as the CFG data has not changed -- at 0xC3F80: 1
  flash [0] level 1: Flash sector already contains matching data: skipping write operation.
writing an updated CFG at address 0xC3FA0: 1
(b0:0,b1:42,i1:1,li2:1234567890123456,i3:-555,iter:509)
-----------------------------------------
(re)writing active CFG (unchanged) -- this should report that there's nothing to write as the CFG data has not changed -- at 0xC3FA0: 1
  flash [0] level 1: Flash sector already contains matching data: skipping write operation.
-----------------------------------------
(re)writing active CFG (unchanged) -- this should report that there's nothing to write as the CFG data has not changed -- at 0xC3FA0: 1
  flash [0] level 1: Flash sector already contains matching data: skipping write operation.
-----------------------------------------
(re)writing active CFG (unchanged) -- this should report that there's nothing to write as the CFG data has not changed -- at 0xC3FA0: 1
  flash [0] level 1: Flash sector already contains matching data: skipping write operation.
writing an updated CFG at address 0xC3FC0: 1
(b0:0,b1:42,i1:1,li2:1234567890123456,i3:-555,iter:510)
-----------------------------------------
(re)writing active CFG (unchanged) -- this should report that there's nothing to write as the CFG data has not changed -- at 0xC3FC0: 1
  flash [0] level 1: Flash sector already contains matching data: skipping write operation.
-----------------------------------------
(re)writing active CFG (unchanged) -- this should report that there's nothing to write as the CFG data has not changed -- at 0xC3FC0: 1
  flash [0] level 1: Flash sector already contains matching data: skipping write operation.
-----------------------------------------
(re)writing active CFG (unchanged) -- this should report that there's nothing to write as the CFG data has not changed -- at 0xC3FC0: 1
  flash [0] level 1: Flash sector already contains matching data: skipping write operation.
writing an updated CFG at address 0xC3FE0: 1
(b0:0,b1:42,i1:1,li2:1234567890123456,i3:-555,iter:511)
-----------------------------------------
(re)writing active CFG (unchanged) -- this should report that there's nothing to write as the CFG data has not changed -- at 0xC3FE0: 1
  flash [0] level 1: Flash sector already contains matching data: skipping write operation.
-----------------------------------------
(re)writing active CFG (unchanged) -- this should report that there's nothing to write as the CFG data has not changed -- at 0xC3FE0: 1
  flash [0] level 1: Flash sector already contains matching data: skipping write operation.
-----------------------------------------
(re)writing active CFG (unchanged) -- this should report that there's nothing to write as the CFG data has not changed -- at 0xC3FE0: 1
  flash [0] level 1: Flash sector already contains matching data: skipping write operation.
writing an updated CFG at address 0xC4000: 1
(b0:0,b1:42,i1:1,li2:1234567890123456,i3:-555,iter:512)
-----------------------------------------
(re)writing active CFG (unchanged) -- this should report that there's nothing to write as the CFG data has not changed -- at 0xC4000: 1
  flash [0] level 1: Flash sector already contains matching data: skipping write operation.
-----------------------------------------
(re)writing active CFG (unchanged) -- this should report that there's nothing to write as the CFG data has not changed -- at 0xC4000: 1
  flash [0] level 1: Flash sector already contains matching data: skipping write operation.
-----------------------------------------
(re)writing active CFG (unchanged) -- this should report that there's nothing to write as the CFG data has not changed -- at 0xC4000: 1
  flash [0] level 1: Flash sector already contains matching data: skipping write operation.
writing an updated CFG at address 0xC4020: 1
(b0:0,b1:42,i1:1,li2:1234567890123456,i3:-555,iter:513)
-----------------------------------------
(re)writing active CFG (unchanged) -- this should report that there's nothing to write as the CFG data has not changed -- at 0xC4020: 1
  flash [0] level 1: Flash sector already contains matching data: skipping write operation.
-----------------------------------------
(re)writing active CFG (unchanged) -- this should report that there's nothing to write as the CFG data has not changed -- at 0xC4020: 1
  flash [0] level 1: Flash sector already contains matching data: skipping write operation.
-----------------------------------------
(re)writing active CFG (unchanged) -- this should report that there's nothing to write as the CFG data has not changed -- at 0xC4020: 1
  flash [0] level 1: Flash sector already contains matching data: skipping write operation.
writing an updated CFG at address 0xC4040: 1
(b0:0,b1:42,i1:1,li2:1234567890123456,i3:-555,iter:514)
-----------------------------------------
(re)writing active CFG (unchanged) -- this should report that there's nothing to write as the CFG data has not changed -- at 0xC4040: 1
  flash [0] level 1: Flash sector already contains matching data: skipping write operation.
-----------------------------------------
(re)writing active CFG (unchanged) -- this should report that there's nothing to write as the CFG data has not changed -- at 0xC4040: 1
  flash [0] level 1: Flash sector already contains matching data: skipping write operation.
-----------------------------------------
(re)writing active CFG (unchanged) -- this should report that there's nothing to write as the CFG data has not changed -- at 0xC4040: 1
  flash [0] level 1: Flash sector already contains matching data: skipping write operation.
writing an updated CFG at address 0xC4060: 1
(b0:0,b1:42,i1:1,li2:1234567890123456,i3:-555,iter:515)
-----------------------------------------
(re)writing active CFG (unchanged) -- this should report that there's nothing to write as the CFG data has not changed -- at 0xC4060: 1
  flash [0] level 1: Flash sector already contains matching data: skipping write operation.
-----------------------------------------
(re)writing active CFG (unchanged) -- this should report that there's nothing to write as the CFG data has not changed -- at 0xC4060: 1
  flash [0] level 1: Flash sector already contains matching data: skipping write operation.
-----------------------------------------
(re)writing active CFG (unchanged) -- this should report that there's nothing to write as the CFG data has not changed -- at 0xC4060: 1
  flash [0] level 1: Flash sector already contains matching data: skipping write operation.
writing an updated CFG at address 0xC4080: 1
(b0:0,b1:42,i1:1,li2:1234567890123456,i3:-555,iter:516)
-----------------------------------------
(re)writing active CFG (unchanged) -- this should report that there's nothing to write as the CFG data has not changed -- at 0xC4080: 1
  flash [0] level 1: Flash sector already contains matching data: skipping write operation.
-----------------------------------------
(re)writing active CFG (unchanged) -- this should report that there's nothing to write as the CFG data has not changed -- at 0xC4080: 1
  flash [0] level 1: Flash sector already contains matching data: skipping write operation.
-----------------------------------------
(re)writing active CFG (unchanged) -- this should report that there's nothing to write as the CFG data has not changed -- at 0xC4080: 1
  flash [0] level 1: Flash sector already contains matching data: skipping write operation.
writing an updated CFG at address 0xC40A0: 1
(b0:0,b1:42,i1:1,li2:1234567890123456,i3:-555,iter:517)
-----------------------------------------
(re)writing active CFG (unchanged) -- this should report that there's nothing to write as the CFG data has not changed -- at 0xC40A0: 1
  flash [0] level 1: Flash sector already contains matching data: skipping write operation.
-----------------------------------------
(re)writing active CFG (unchanged) -- this should report that there's nothing to write as the CFG data has not changed -- at 0xC40A0: 1
  flash [0] level 1: Flash sector already contains matching data: skipping write operation.
-----------------------------------------
(re)writing active CFG (unchanged) -- this should report that there's nothing to write as the CFG data has not changed -- at 0xC40A0: 1
  flash [0] level 1: Flash sector already contains matching data: skipping write operation.
writing an updated CFG at address 0xC40C0: 1
(b0:0,b1:42,i1:1,li2:1234567890123456,i3:-555,iter:518)
-----------------------------------------
(re)writing active CFG (unchanged) -- this should report that there's nothing to write as the CFG data has not changed -- at 0xC40C0: 1
  flash [0] level 1: Flash sector already contains matching data: skipping write operation.
-----------------------------------------
(re)writing active CFG (unchanged) -- this should report that there's nothing to write as the CFG data has not changed -- at 0xC40C0: 1
  flash [0] level 1: Flash sector already contains matching data: skipping write operation.
-----------------------------------------
(re)writing active CFG (unchanged) -- this should report that there's nothing to write as the CFG data has not changed -- at 0xC40C0: 1
  flash [0] level 1: Flash sector already contains matching data: skipping write operation.
writing an updated CFG at address 0xC40E0: 1
(b0:0,b1:42,i1:1,li2:1234567890123456,i3:-555,iter:519)
-----------------------------------------
(re)writing active CFG (unchanged) -- this should report that there's nothing to write as the CFG data has not changed -- at 0xC40E0: 1
  flash [0] level 1: Flash sector already contains matching data: skipping write operation.
-----------------------------------------
(re)writing active CFG (unchanged) -- this should report that there's nothing to write as the CFG data has not changed -- at 0xC40E0: 1
  flash [0] level 1: Flash sector already contains matching data: skipping write operation.
-----------------------------------------
(re)writing active CFG (unchanged) -- this should report that there's nothing to write as the CFG data has not changed -- at 0xC40E0: 1
  flash [0] level 1: Flash sector already contains matching data: skipping write operation.
writing an updated CFG at address 0xC4100: 1
(b0:0,b1:42,i1:1,li2:1234567890123456,i3:-555,iter:520)
-----------------------------------------
(re)writing active CFG (unchanged) -- this should report that there's nothing to write as the CFG data has not changed -- at 0xC4100: 1
  flash [0] level 1: Flash sector already contains matching data: skipping write operation.
-----------------------------------------
(re)writing active CFG (unchanged) -- this should report that there's nothing to write as the CFG data has not changed -- at 0xC4100: 1
  flash [0] level 1: Flash sector already contains matching data: skipping write operation.
-----------------------------------------
(re)writing active CFG (unchanged) -- this should report that there's nothing to write as the CFG data has not changed -- at 0xC4100: 1
  flash [0] level 1: Flash sector already contains matching data: skipping write operation.
writing an updated CFG at address 0xC4120: 1
(b0:0,b1:42,i1:1,li2:1234567890123456,i3:-555,iter:521)
-----------------------------------------
(re)writing active CFG (unchanged) -- this should report that there's nothing to write as the CFG data has not changed -- at 0xC4120: 1
  flash [0] level 1: Flash sector already contains matching data: skipping write operation.
-----------------------------------------
(re)writing active CFG (unchanged) -- this should report that there's nothing to write as the CFG data has not changed -- at 0xC4120: 1
  flash [0] level 1: Flash sector already contains matching data: skipping write operation.
-----------------------------------------
(re)writing active CFG (unchanged) -- this should report that there's nothing to write as the CFG data has not changed -- at 0xC4120: 1
  flash [0] level 1: Flash sector already contains matching data: skipping write operation.
writing an updated CFG at address 0xC4140: 1
(b0:0,b1:42,i1:1,li2:1234567890123456,i3:-555,iter:522)
-----------------------------------------
(re)writing active CFG (unchanged) -- this should report that there's nothing to write as the CFG data has not changed -- at 0xC4140: 1
  flash [0] level 1: Flash sector already contains matching data: skipping write operation.
-----------------------------------------
(re)writing active CFG (unchanged) -- this should report that there's nothing to write as the CFG data has not changed -- at 0xC4140: 1
  flash [0] level 1: Flash sector already contains matching data: skipping write operation.
-----------------------------------------
(re)writing active CFG (unchanged) -- this should report that there's nothing to write as the CFG data has not changed -- at 0xC4140: 1
  flash [0] level 1: Flash sector already contains matching data: skipping write operation.
writing an updated CFG at address 0xC4160: 1
(b0:0,b1:42,i1:1,li2:1234567890123456,i3:-555,iter:523)
-----------------------------------------
(re)writing active CFG (unchanged) -- this should report that there's nothing to write as the CFG data has not changed -- at 0xC4160: 1
  flash [0] level 1: Flash sector already contains matching data: skipping write operation.
-----------------------------------------
(re)writing active CFG (unchanged) -- this should report that there's nothing to write as the CFG data has not changed -- at 0xC4160: 1
  flash [0] level 1: Flash sector already contains matching data: skipping write operation.
-----------------------------------------
(re)writing active CFG (unchanged) -- this should report that there's nothing to write as the CFG data has not changed -- at 0xC4160: 1
  flash [0] level 1: Flash sector already contains matching data: skipping write operation.
writing an updated CFG at address 0xC4180: 1
(b0:0,b1:42,i1:1,li2:1234567890123456,i3:-555,iter:524)
-----------------------------------------
(re)writing active CFG (unchanged) -- this should report that there's nothing to write as the CFG data has not changed -- at 0xC4180: 1
  flash [0] level 1: Flash sector already contains matching data: skipping write operation.
-----------------------------------------
(re)writing active CFG (unchanged) -- this should report that there's nothing to write as the CFG data has not changed -- at 0xC4180: 1
  flash [0] level 1: Flash sector already contains matching data: skipping write operation.
-----------------------------------------
(re)writing active CFG (unchanged) -- this should report that there's nothing to write as the CFG data has not changed -- at 0xC4180: 1
  flash [0] level 1: Flash sector already contains matching data: skipping write operation.
writing an updated CFG at address 0xC41A0: 1
(b0:0,b1:42,i1:1,li2:1234567890123456,i3:-555,iter:525)
-----------------------------------------
(re)writing active CFG (unchanged) -- this should report that there's nothing to write as the CFG data has not changed -- at 0xC41A0: 1
  flash [0] level 1: Flash sector already contains matching data: skipping write operation.
-----------------------------------------
(re)writing active CFG (unchanged) -- this should report that there's nothing to write as the CFG data has not changed -- at 0xC41A0: 1
  flash [0] level 1: Flash sector already contains matching data: skipping write operation.
-----------------------------------------
(re)writing active CFG (unchanged) -- this should report that there's nothing to write as the CFG data has not changed -- at 0xC41A0: 1
  flash [0] level 1: Flash sector already contains matching data: skipping write operation.
writing an updated CFG at address 0xC41C0: 1
(b0:0,b1:42,i1:1,li2:1234567890123456,i3:-555,iter:526)
-----------------------------------------
(re)writing active CFG (unchanged) -- this should report that there's nothing to write as the CFG data has not changed -- at 0xC41C0: 1
  flash [0] level 1: Flash sector already contains matching data: skipping write operation.
-----------------------------------------
(re)writing active CFG (unchanged) -- this should report that there's nothing to write as the CFG data has not changed -- at 0xC41C0: 1
  flash [0] level 1: Flash sector already contains matching data: skipping write operation.
-----------------------------------------
(re)writing active CFG (unchanged) -- this should report that there's nothing to write as the CFG data has not changed -- at 0xC41C0: 1
  flash [0] level 1: Flash sector already contains matching data: skipping write operation.
writing an updated CFG at address 0xC41E0: 1
(b0:0,b1:42,i1:1,li2:1234567890123456,i3:-555,iter:527)
-----------------------------------------
(re)writing active CFG (unchanged) -- this should report that there's nothing to write as the CFG data has not changed -- at 0xC41E0: 1
  flash [0] level 1: Flash sector already contains matching data: skipping write operation.
-----------------------------------------
(re)writing active CFG (unchanged) -- this should report that there's nothing to write as the CFG data has not changed -- at 0xC41E0: 1
  flash [0] level 1: Flash sector already contains matching data: skipping write operation.
-----------------------------------------
(re)writing active CFG (unchanged) -- this should report that there's nothing to write as the CFG data has not changed -- at 0xC41E0: 1
  flash [0] level 1: Flash sector already contains matching data: skipping write operation.
writing an updated CFG at address 0xC4200: 1
(b0:0,b1:42,i1:1,li2:1234567890123456,i3:-555,iter:528)
-----------------------------------------
(re)writing active CFG (unchanged) -- this should report that there's nothing to write as the CFG data has not changed -- at 0xC4200: 1
  flash [0] level 1: Flash sector already contains matching data: skipping write operation.
-----------------------------------------
(re)writing active CFG (unchanged) -- this should report that there's nothing to write as the CFG data has not changed -- at 0xC4200: 1
  flash [0] level 1: Flash sector already contains matching data: skipping write operation.
-----------------------------------------
(re)writing active CFG (unchanged) -- this should report that there's nothing to write as the CFG data has not changed -- at 0xC4200: 1
  flash [0] level 1: Flash sector already contains matching data: skipping write operation.
writing an updated CFG at address 0xC4220: 1
(b0:0,b1:42,i1:1,li2:1234567890123456,i3:-555,iter:529)
-----------------------------------------
(re)writing active CFG (unchanged) -- this should report that there's nothing to write as the CFG data has not changed -- at 0xC4220: 1
  flash [0] level 1: Flash sector already contains matching data: skipping write operation.
-----------------------------------------
(re)writing active CFG (unchanged) -- this should report that there's nothing to write as the CFG data has not changed -- at 0xC4220: 1
  flash [0] level 1: Flash sector already contains matching data: skipping write operation.
-----------------------------------------
(re)writing active CFG (unchanged) -- this should report that there's nothing to write as the CFG data has not changed -- at 0xC4220: 1
  flash [0] level 1: Flash sector already contains matching data: skipping write operation.
writing an updated CFG at address 0xC4240: 1
(b0:0,b1:42,i1:1,li2:1234567890123456,i3:-555,iter:530)
-----------------------------------------
(re)writing active CFG (unchanged) -- this should report that there's nothing to write as the CFG data has not changed -- at 0xC4240: 1
  flash [0] level 1: Flash sector already contains matching data: skipping write operation.
-----------------------------------------
(re)writing active CFG (unchanged) -- this should report that there's nothing to write as the CFG data has not changed -- at 0xC4240: 1
  flash [0] level 1: Flash sector already contains matching data: skipping write operation.
-----------------------------------------
(re)writing active CFG (unchanged) -- this should report that there's nothing to write as the CFG data has not changed -- at 0xC4240: 1
  flash [0] level 1: Flash sector already contains matching data: skipping write operation.
writing an updated CFG at address 0xC4260: 1
(b0:0,b1:42,i1:1,li2:1234567890123456,i3:-555,iter:531)
-----------------------------------------
(re)writing active CFG (unchanged) -- this should report that there's nothing to write as the CFG data has not changed -- at 0xC4260: 1
  flash [0] level 1: Flash sector already contains matching data: skipping write operation.
-----------------------------------------
(re)writing active CFG (unchanged) -- this should report that there's nothing to write as the CFG data has not changed -- at 0xC4260: 1
  flash [0] level 1: Flash sector already contains matching data: skipping write operation.
-----------------------------------------
(re)writing active CFG (unchanged) -- this should report that there's nothing to write as the CFG data has not changed -- at 0xC4260: 1
  flash [0] level 1: Flash sector already contains matching data: skipping write operation.
writing an updated CFG at address 0xC4280: 1
(b0:0,b1:42,i1:1,li2:1234567890123456,i3:-555,iter:532)
-----------------------------------------
(re)writing active CFG (unchanged) -- this should report that there's nothing to write as the CFG data has not changed -- at 0xC4280: 1
  flash [0] level 1: Flash sector already contains matching data: skipping write operation.
-----------------------------------------
(re)writing active CFG (unchanged) -- this should report that there's nothing to write as the CFG data has not changed -- at 0xC4280: 1
  flash [0] level 1: Flash sector already contains matching data: skipping write operation.
-----------------------------------------
(re)writing active CFG (unchanged) -- this should report that there's nothing to write as the CFG data has not changed -- at 0xC4280: 1
  flash [0] level 1: Flash sector already contains matching data: skipping write operation.
writing an updated CFG at address 0xC42A0: 1
(b0:0,b1:42,i1:1,li2:1234567890123456,i3:-555,iter:533)
-----------------------------------------
(re)writing active CFG (unchanged) -- this should report that there's nothing to write as the CFG data has not changed -- at 0xC42A0: 1
  flash [0] level 1: Flash sector already contains matching data: skipping write operation.
-----------------------------------------
(re)writing active CFG (unchanged) -- this should report that there's nothing to write as the CFG data has not changed -- at 0xC42A0: 1
  flash [0] level 1: Flash sector already contains matching data: skipping write operation.
-----------------------------------------
(re)writing active CFG (unchanged) -- this should report that there's nothing to write as the CFG data has not changed -- at 0xC42A0: 1
  flash [0] level 1: Flash sector already contains matching data: skipping write operation.
writing an updated CFG at address 0xC42C0: 1
(b0:0,b1:42,i1:1,li2:1234567890123456,i3:-555,iter:534)
-----------------------------------------
(re)writing active CFG (unchanged) -- this should report that there's nothing to write as the CFG data has not changed -- at 0xC42C0: 1
  flash [0] level 1: Flash sector already contains matching data: skipping write operation.
-----------------------------------------
(re)writing active CFG (unchanged) -- this should report that there's nothing to write as the CFG data has not changed -- at 0xC42C0: 1
  flash [0] level 1: Flash sector already contains matching data: skipping write operation.
-----------------------------------------
(re)writing active CFG (unchanged) -- this should report that there's nothing to write as the CFG data has not changed -- at 0xC42C0: 1
  flash [0] level 1: Flash sector already contains matching data: skipping write operation.
writing an updated CFG at address 0xC42E0: 1
(b0:0,b1:42,i1:1,li2:1234567890123456,i3:-555,iter:535)
-----------------------------------------
(re)writing active CFG (unchanged) -- this should report that there's nothing to write as the CFG data has not changed -- at 0xC42E0: 1
  flash [0] level 1: Flash sector already contains matching data: skipping write operation.
-----------------------------------------
(re)writing active CFG (unchanged) -- this should report that there's nothing to write as the CFG data has not changed -- at 0xC42E0: 1
  flash [0] level 1: Flash sector already contains matching data: skipping write operation.
-----------------------------------------
(re)writing active CFG (unchanged) -- this should report that there's nothing to write as the CFG data has not changed -- at 0xC42E0: 1
  flash [0] level 1: Flash sector already contains matching data: skipping write operation.
writing an updated CFG at address 0xC4300: 1
(b0:0,b1:42,i1:1,li2:1234567890123456,i3:-555,iter:536)
-----------------------------------------
(re)writing active CFG (unchanged) -- this should report that there's nothing to write as the CFG data has not changed -- at 0xC4300: 1
  flash [0] level 1: Flash sector already contains matching data: skipping write operation.
-----------------------------------------
(re)writing active CFG (unchanged) -- this should report that there's nothing to write as the CFG data has not changed -- at 0xC4300: 1
  flash [0] level 1: Flash sector already contains matching data: skipping write operation.
-----------------------------------------
(re)writing active CFG (unchanged) -- this should report that there's nothing to write as the CFG data has not changed -- at 0xC4300: 1
  flash [0] level 1: Flash sector already contains matching data: skipping write operation.
writing an updated CFG at address 0xC4320: 1
(b0:0,b1:42,i1:1,li2:1234567890123456,i3:-555,iter:537)
-----------------------------------------
(re)writing active CFG (unchanged) -- this should report that there's nothing to write as the CFG data has not changed -- at 0xC4320: 1
  flash [0] level 1: Flash sector already contains matching data: skipping write operation.
-----------------------------------------
(re)writing active CFG (unchanged) -- this should report that there's nothing to write as the CFG data has not changed -- at 0xC4320: 1
  flash [0] level 1: Flash sector already contains matching data: skipping write operation.
-----------------------------------------
(re)writing active CFG (unchanged) -- this should report that there's nothing to write as the CFG data has not changed -- at 0xC4320: 1
  flash [0] level 1: Flash sector already contains matching data: skipping write operation.
writing an updated CFG at address 0xC4340: 1
(b0:0,b1:42,i1:1,li2:1234567890123456,i3:-555,iter:538)
-----------------------------------------
(re)writing active CFG (unchanged) -- this should report that there's nothing to write as the CFG data has not changed -- at 0xC4340: 1
  flash [0] level 1: Flash sector already contains matching data: skipping write operation.
-----------------------------------------
(re)writing active CFG (unchanged) -- this should report that there's nothing to write as the CFG data has not changed -- at 0xC4340: 1
  flash [0] level 1: Flash sector already contains matching data: skipping write operation.
-----------------------------------------
(re)writing active CFG (unchanged) -- this should report that there's nothing to write as the CFG data has not changed -- at 0xC4340: 1
  flash [0] level 1: Flash sector already contains matching data: skipping write operation.
writing an updated CFG at address 0xC4360: 1
(b0:0,b1:42,i1:1,li2:1234567890123456,i3:-555,iter:539)
-----------------------------------------
(re)writing active CFG (unchanged) -- this should report that there's nothing to write as the CFG data has not changed -- at 0xC4360: 1
  flash [0] level 1: Flash sector already contains matching data: skipping write operation.
-----------------------------------------
(re)writing active CFG (unchanged) -- this should report that there's nothing to write as the CFG data has not changed -- at 0xC4360: 1
  flash [0] level 1: Flash sector already contains matching data: skipping write operation.
-----------------------------------------
(re)writing active CFG (unchanged) -- this should report that there's nothing to write as the CFG data has not changed -- at 0xC4360: 1
  flash [0] level 1: Flash sector already contains matching data: skipping write operation.
writing an updated CFG at address 0xC4380: 1
(b0:0,b1:42,i1:1,li2:1234567890123456,i3:-555,iter:540)
-----------------------------------------
(re)writing active CFG (unchanged) -- this should report that there's nothing to write as the CFG data has not changed -- at 0xC4380: 1
  flash [0] level 1: Flash sector already contains matching data: skipping write operation.
-----------------------------------------
(re)writing active CFG (unchanged) -- this should report that there's nothing to write as the CFG data has not changed -- at 0xC4380: 1
  flash [0] level 1: Flash sector already contains matching data: skipping write operation.
-----------------------------------------
(re)writing active CFG (unchanged) -- this should report that there's nothing to write as the CFG data has not changed -- at 0xC4380: 1
  flash [0] level 1: Flash sector already contains matching data: skipping write operation.
writing an updated CFG at address 0xC43A0: 1
(b0:0,b1:42,i1:1,li2:1234567890123456,i3:-555,iter:541)
-----------------------------------------
(re)writing active CFG (unchanged) -- this should report that there's nothing to write as the CFG data has not changed -- at 0xC43A0: 1
  flash [0] level 1: Flash sector already contains matching data: skipping write operation.
-----------------------------------------
(re)writing active CFG (unchanged) -- this should report that there's nothing to write as the CFG data has not changed -- at 0xC43A0: 1
  flash [0] level 1: Flash sector already contains matching data: skipping write operation.
-----------------------------------------
(re)writing active CFG (unchanged) -- this should report that there's nothing to write as the CFG data has not changed -- at 0xC43A0: 1
  flash [0] level 1: Flash sector already contains matching data: skipping write operation.
writing an updated CFG at address 0xC43C0: 1
(b0:0,b1:42,i1:1,li2:1234567890123456,i3:-555,iter:542)
-----------------------------------------
(re)writing active CFG (unchanged) -- this should report that there's nothing to write as the CFG data has not changed -- at 0xC43C0: 1
  flash [0] level 1: Flash sector already contains matching data: skipping write operation.
-----------------------------------------
(re)writing active CFG (unchanged) -- this should report that there's nothing to write as the CFG data has not changed -- at 0xC43C0: 1
  flash [0] level 1: Flash sector already contains matching data: skipping write operation.
-----------------------------------------
(re)writing active CFG (unchanged) -- this should report that there's nothing to write as the CFG data has not changed -- at 0xC43C0: 1
  flash [0] level 1: Flash sector already contains matching data: skipping write operation.
writing an updated CFG at address 0xC43E0: 1
(b0:0,b1:42,i1:1,li2:1234567890123456,i3:-555,iter:543)
-----------------------------------------
(re)writing active CFG (unchanged) -- this should report that there's nothing to write as the CFG data has not changed -- at 0xC43E0: 1
  flash [0] level 1: Flash sector already contains matching data: skipping write operation.
-----------------------------------------
(re)writing active CFG (unchanged) -- this should report that there's nothing to write as the CFG data has not changed -- at 0xC43E0: 1
  flash [0] level 1: Flash sector already contains matching data: skipping write operation.
-----------------------------------------
(re)writing active CFG (unchanged) -- this should report that there's nothing to write as the CFG data has not changed -- at 0xC43E0: 1
  flash [0] level 1: Flash sector already contains matching data: skipping write operation.
writing an updated CFG at address 0xC4400: 1
(b0:0,b1:42,i1:1,li2:1234567890123456,i3:-555,iter:544)
-----------------------------------------
(re)writing active CFG (unchanged) -- this should report that there's nothing to write as the CFG data has not changed -- at 0xC4400: 1
  flash [0] level 1: Flash sector already contains matching data: skipping write operation.
-----------------------------------------
(re)writing active CFG (unchanged) -- this should report that there's nothing to write as the CFG data has not changed -- at 0xC4400: 1
  flash [0] level 1: Flash sector already contains matching data: skipping write operation.
-----------------------------------------
(re)writing active CFG (unchanged) -- this should report that there's nothing to write as the CFG data has not changed -- at 0xC4400: 1
  flash [0] level 1: Flash sector already contains matching data: skipping write operation.
writing an updated CFG at address 0xC4420: 1
(b0:0,b1:42,i1:1,li2:1234567890123456,i3:-555,iter:545)
-----------------------------------------
(re)writing active CFG (unchanged) -- this should report that there's nothing to write as the CFG data has not changed -- at 0xC4420: 1
  flash [0] level 1: Flash sector already contains matching data: skipping write operation.
-----------------------------------------
(re)writing active CFG (unchanged) -- this should report that there's nothing to write as the CFG data has not changed -- at 0xC4420: 1
  flash [0] level 1: Flash sector already contains matching data: skipping write operation.
-----------------------------------------
(re)writing active CFG (unchanged) -- this should report that there's nothing to write as the CFG data has not changed -- at 0xC4420: 1
  flash [0] level 1: Flash sector already contains matching data: skipping write operation.
writing an updated CFG at address 0xC4440: 1
(b0:0,b1:42,i1:1,li2:1234567890123456,i3:-555,iter:546)
-----------------------------------------
(re)writing active CFG (unchanged) -- this should report that there's nothing to write as the CFG data has not changed -- at 0xC4440: 1
  flash [0] level 1: Flash sector already contains matching data: skipping write operation.
-----------------------------------------
(re)writing active CFG (unchanged) -- this should report that there's nothing to write as the CFG data has not changed -- at 0xC4440: 1
  flash [0] level 1: Flash sector already contains matching data: skipping write operation.
-----------------------------------------
(re)writing active CFG (unchanged) -- this should report that there's nothing to write as the CFG data has not changed -- at 0xC4440: 1
  flash [0] level 1: Flash sector already contains matching data: skipping write operation.
writing an updated CFG at address 0xC4460: 1
(b0:0,b1:42,i1:1,li2:1234567890123456,i3:-555,iter:547)
-----------------------------------------
(re)writing active CFG (unchanged) -- this should report that there's nothing to write as the CFG data has not changed -- at 0xC4460: 1
  flash [0] level 1: Flash sector already contains matching data: skipping write operation.
-----------------------------------------
(re)writing active CFG (unchanged) -- this should report that there's nothing to write as the CFG data has not changed -- at 0xC4460: 1
  flash [0] level 1: Flash sector already contains matching data: skipping write operation.
-----------------------------------------
(re)writing active CFG (unchanged) -- this should report that there's nothing to write as the CFG data has not changed -- at 0xC4460: 1
  flash [0] level 1: Flash sector already contains matching data: skipping write operation.
writing an updated CFG at address 0xC4480: 1
(b0:0,b1:42,i1:1,li2:1234567890123456,i3:-555,iter:548)
-----------------------------------------
(re)writing active CFG (unchanged) -- this should report that there's nothing to write as the CFG data has not changed -- at 0xC4480: 1
  flash [0] level 1: Flash sector already contains matching data: skipping write operation.
-----------------------------------------
(re)writing active CFG (unchanged) -- this should report that there's nothing to write as the CFG data has not changed -- at 0xC4480: 1
  flash [0] level 1: Flash sector already contains matching data: skipping write operation.
-----------------------------------------
(re)writing active CFG (unchanged) -- this should report that there's nothing to write as the CFG data has not changed -- at 0xC4480: 1
  flash [0] level 1: Flash sector already contains matching data: skipping write operation.
writing an updated CFG at address 0xC44A0: 1
(b0:0,b1:42,i1:1,li2:1234567890123456,i3:-555,iter:549)
-----------------------------------------
(re)writing active CFG (unchanged) -- this should report that there's nothing to write as the CFG data has not changed -- at 0xC44A0: 1
  flash [0] level 1: Flash sector already contains matching data: skipping write operation.
-----------------------------------------
(re)writing active CFG (unchanged) -- this should report that there's nothing to write as the CFG data has not changed -- at 0xC44A0: 1
  flash [0] level 1: Flash sector already contains matching data: skipping write operation.
-----------------------------------------
(re)writing active CFG (unchanged) -- this should report that there's nothing to write as the CFG data has not changed -- at 0xC44A0: 1
  flash [0] level 1: Flash sector already contains matching data: skipping write operation.
writing an updated CFG at address 0xC44C0: 1
(b0:0,b1:42,i1:1,li2:1234567890123456,i3:-555,iter:550)
-----------------------------------------
(re)writing active CFG (unchanged) -- this should report that there's nothing to write as the CFG data has not changed -- at 0xC44C0: 1
  flash [0] level 1: Flash sector already contains matching data: skipping write operation.
-----------------------------------------
(re)writing active CFG (unchanged) -- this should report that there's nothing to write as the CFG data has not changed -- at 0xC44C0: 1
  flash [0] level 1: Flash sector already contains matching data: skipping write operation.
-----------------------------------------
(re)writing active CFG (unchanged) -- this should report that there's nothing to write as the CFG data has not changed -- at 0xC44C0: 1
  flash [0] level 1: Flash sector already contains matching data: skipping write operation.
writing an updated CFG at address 0xC44E0: 1
(b0:0,b1:42,i1:1,li2:1234567890123456,i3:-555,iter:551)
-----------------------------------------
(re)writing active CFG (unchanged) -- this should report that there's nothing to write as the CFG data has not changed -- at 0xC44E0: 1
  flash [0] level 1: Flash sector already contains matching data: skipping write operation.
-----------------------------------------
(re)writing active CFG (unchanged) -- this should report that there's nothing to write as the CFG data has not changed -- at 0xC44E0: 1
  flash [0] level 1: Flash sector already contains matching data: skipping write operation.
-----------------------------------------
(re)writing active CFG (unchanged) -- this should report that there's nothing to write as the CFG data has not changed -- at 0xC44E0: 1
  flash [0] level 1: Flash sector already contains matching data: skipping write operation.
writing an updated CFG at address 0xC4500: 1
(b0:0,b1:42,i1:1,li2:1234567890123456,i3:-555,iter:552)
-----------------------------------------
(re)writing active CFG (unchanged) -- this should report that there's nothing to write as the CFG data has not changed -- at 0xC4500: 1
  flash [0] level 1: Flash sector already contains matching data: skipping write operation.
-----------------------------------------
(re)writing active CFG (unchanged) -- this should report that there's nothing to write as the CFG data has not changed -- at 0xC4500: 1
  flash [0] level 1: Flash sector already contains matching data: skipping write operation.
-----------------------------------------
(re)writing active CFG (unchanged) -- this should report that there's nothing to write as the CFG data has not changed -- at 0xC4500: 1
  flash [0] level 1: Flash sector already contains matching data: skipping write operation.
writing an updated CFG at address 0xC4520: 1
(b0:0,b1:42,i1:1,li2:1234567890123456,i3:-555,iter:553)
-----------------------------------------
(re)writing active CFG (unchanged) -- this should report that there's nothing to write as the CFG data has not changed -- at 0xC4520: 1
  flash [0] level 1: Flash sector already contains matching data: skipping write operation.
-----------------------------------------
(re)writing active CFG (unchanged) -- this should report that there's nothing to write as the CFG data has not changed -- at 0xC4520: 1
  flash [0] level 1: Flash sector already contains matching data: skipping write operation.
-----------------------------------------
(re)writing active CFG (unchanged) -- this should report that there's nothing to write as the CFG data has not changed -- at 0xC4520: 1
  flash [0] level 1: Flash sector already contains matching data: skipping write operation.
writing an updated CFG at address 0xC4540: 1
(b0:0,b1:42,i1:1,li2:1234567890123456,i3:-555,iter:554)
-----------------------------------------
(re)writing active CFG (unchanged) -- this should report that there's nothing to write as the CFG data has not changed -- at 0xC4540: 1
  flash [0] level 1: Flash sector already contains matching data: skipping write operation.
-----------------------------------------
(re)writing active CFG (unchanged) -- this should report that there's nothing to write as the CFG data has not changed -- at 0xC4540: 1
  flash [0] level 1: Flash sector already contains matching data: skipping write operation.
-----------------------------------------
(re)writing active CFG (unchanged) -- this should report that there's nothing to write as the CFG data has not changed -- at 0xC4540: 1
  flash [0] level 1: Flash sector already contains matching data: skipping write operation.
writing an updated CFG at address 0xC4560: 1
(b0:0,b1:42,i1:1,li2:1234567890123456,i3:-555,iter:555)
-----------------------------------------
(re)writing active CFG (unchanged) -- this should report that there's nothing to write as the CFG data has not changed -- at 0xC4560: 1
  flash [0] level 1: Flash sector already contains matching data: skipping write operation.
-----------------------------------------
(re)writing active CFG (unchanged) -- this should report that there's nothing to write as the CFG data has not changed -- at 0xC4560: 1
  flash [0] level 1: Flash sector already contains matching data: skipping write operation.
-----------------------------------------
(re)writing active CFG (unchanged) -- this should report that there's nothing to write as the CFG data has not changed -- at 0xC4560: 1
  flash [0] level 1: Flash sector already contains matching data: skipping write operation.
writing an updated CFG at address 0xC4580: 1
(b0:0,b1:42,i1:1,li2:1234567890123456,i3:-555,iter:556)
-----------------------------------------
(re)writing active CFG (unchanged) -- this should report that there's nothing to write as the CFG data has not changed -- at 0xC4580: 1
  flash [0] level 1: Flash sector already contains matching data: skipping write operation.
-----------------------------------------
(re)writing active CFG (unchanged) -- this should report that there's nothing to write as the CFG data has not changed -- at 0xC4580: 1
  flash [0] level 1: Flash sector already contains matching data: skipping write operation.
-----------------------------------------
(re)writing active CFG (unchanged) -- this should report that there's nothing to write as the CFG data has not changed -- at 0xC4580: 1
  flash [0] level 1: Flash sector already contains matching data: skipping write operation.
writing an updated CFG at address 0xC45A0: 1
(b0:0,b1:42,i1:1,li2:1234567890123456,i3:-555,iter:557)
-----------------------------------------
(re)writing active CFG (unchanged) -- this should report that there's nothing to write as the CFG data has not changed -- at 0xC45A0: 1
  flash [0] level 1: Flash sector already contains matching data: skipping write operation.
-----------------------------------------
(re)writing active CFG (unchanged) -- this should report that there's nothing to write as the CFG data has not changed -- at 0xC45A0: 1
  flash [0] level 1: Flash sector already contains matching data: skipping write operation.
-----------------------------------------
(re)writing active CFG (unchanged) -- this should report that there's nothing to write as the CFG data has not changed -- at 0xC45A0: 1
  flash [0] level 1: Flash sector already contains matching data: skipping write operation.
writing an updated CFG at address 0xC45C0: 1
(b0:0,b1:42,i1:1,li2:1234567890123456,i3:-555,iter:558)
-----------------------------------------
(re)writing active CFG (unchanged) -- this should report that there's nothing to write as the CFG data has not changed -- at 0xC45C0: 1
  flash [0] level 1: Flash sector already contains matching data: skipping write operation.
-----------------------------------------
(re)writing active CFG (unchanged) -- this should report that there's nothing to write as the CFG data has not changed -- at 0xC45C0: 1
  flash [0] level 1: Flash sector already contains matching data: skipping write operation.
-----------------------------------------
(re)writing active CFG (unchanged) -- this should report that there's nothing to write as the CFG data has not changed -- at 0xC45C0: 1
  flash [0] level 1: Flash sector already contains matching data: skipping write operation.
writing an updated CFG at address 0xC45E0: 1
(b0:0,b1:42,i1:1,li2:1234567890123456,i3:-555,iter:559)
-----------------------------------------
(re)writing active CFG (unchanged) -- this should report that there's nothing to write as the CFG data has not changed -- at 0xC45E0: 1
  flash [0] level 1: Flash sector already contains matching data: skipping write operation.
-----------------------------------------
(re)writing active CFG (unchanged) -- this should report that there's nothing to write as the CFG data has not changed -- at 0xC45E0: 1
  flash [0] level 1: Flash sector already contains matching data: skipping write operation.
-----------------------------------------
(re)writing active CFG (unchanged) -- this should report that there's nothing to write as the CFG data has not changed -- at 0xC45E0: 1
  flash [0] level 1: Flash sector already contains matching data: skipping write operation.
writing an updated CFG at address 0xC4600: 1
(b0:0,b1:42,i1:1,li2:1234567890123456,i3:-555,iter:560)
-----------------------------------------
(re)writing active CFG (unchanged) -- this should report that there's nothing to write as the CFG data has not changed -- at 0xC4600: 1
  flash [0] level 1: Flash sector already contains matching data: skipping write operation.
-----------------------------------------
(re)writing active CFG (unchanged) -- this should report that there's nothing to write as the CFG data has not changed -- at 0xC4600: 1
  flash [0] level 1: Flash sector already contains matching data: skipping write operation.
-----------------------------------------
(re)writing active CFG (unchanged) -- this should report that there's nothing to write as the CFG data has not changed -- at 0xC4600: 1
  flash [0] level 1: Flash sector already contains matching data: skipping write operation.
writing an updated CFG at address 0xC4620: 1
(b0:0,b1:42,i1:1,li2:1234567890123456,i3:-555,iter:561)
-----------------------------------------
(re)writing active CFG (unchanged) -- this should report that there's nothing to write as the CFG data has not changed -- at 0xC4620: 1
  flash [0] level 1: Flash sector already contains matching data: skipping write operation.
-----------------------------------------
(re)writing active CFG (unchanged) -- this should report that there's nothing to write as the CFG data has not changed -- at 0xC4620: 1
  flash [0] level 1: Flash sector already contains matching data: skipping write operation.
-----------------------------------------
(re)writing active CFG (unchanged) -- this should report that there's nothing to write as the CFG data has not changed -- at 0xC4620: 1
  flash [0] level 1: Flash sector already contains matching data: skipping write operation.
writing an updated CFG at address 0xC4640: 1
(b0:0,b1:42,i1:1,li2:1234567890123456,i3:-555,iter:562)
-----------------------------------------
(re)writing active CFG (unchanged) -- this should report that there's nothing to write as the CFG data has not changed -- at 0xC4640: 1
  flash [0] level 1: Flash sector already contains matching data: skipping write operation.
-----------------------------------------
(re)writing active CFG (unchanged) -- this should report that there's nothing to write as the CFG data has not changed -- at 0xC4640: 1
  flash [0] level 1: Flash sector already contains matching data: skipping write operation.
-----------------------------------------
(re)writing active CFG (unchanged) -- this should report that there's nothing to write as the CFG data has not changed -- at 0xC4640: 1
  flash [0] level 1: Flash sector already contains matching data: skipping write operation.
writing an updated CFG at address 0xC4660: 1
(b0:0,b1:42,i1:1,li2:1234567890123456,i3:-555,iter:563)
-----------------------------------------
(re)writing active CFG (unchanged) -- this should report that there's nothing to write as the CFG data has not changed -- at 0xC4660: 1
  flash [0] level 1: Flash sector already contains matching data: skipping write operation.
-----------------------------------------
(re)writing active CFG (unchanged) -- this should report that there's nothing to write as the CFG data has not changed -- at 0xC4660: 1
  flash [0] level 1: Flash sector already contains matching data: skipping write operation.
-----------------------------------------
(re)writing active CFG (unchanged) -- this should report that there's nothing to write as the CFG data has not changed -- at 0xC4660: 1
  flash [0] level 1: Flash sector already contains matching data: skipping write operation.
writing an updated CFG at address 0xC4680: 1
(b0:0,b1:42,i1:1,li2:1234567890123456,i3:-555,iter:564)
-----------------------------------------
(re)writing active CFG (unchanged) -- this should report that there's nothing to write as the CFG data has not changed -- at 0xC4680: 1
  flash [0] level 1: Flash sector already contains matching data: skipping write operation.
-----------------------------------------
(re)writing active CFG (unchanged) -- this should report that there's nothing to write as the CFG data has not changed -- at 0xC4680: 1
  flash [0] level 1: Flash sector already contains matching data: skipping write operation.
-----------------------------------------
(re)writing active CFG (unchanged) -- this should report that there's nothing to write as the CFG data has not changed -- at 0xC4680: 1
  flash [0] level 1: Flash sector already contains matching data: skipping write operation.
writing an updated CFG at address 0xC46A0: 1
(b0:0,b1:42,i1:1,li2:1234567890123456,i3:-555,iter:565)
-----------------------------------------
(re)writing active CFG (unchanged) -- this should report that there's nothing to write as the CFG data has not changed -- at 0xC46A0: 1
  flash [0] level 1: Flash sector already contains matching data: skipping write operation.
-----------------------------------------
(re)writing active CFG (unchanged) -- this should report that there's nothing to write as the CFG data has not changed -- at 0xC46A0: 1
  flash [0] level 1: Flash sector already contains matching data: skipping write operation.
-----------------------------------------
(re)writing active CFG (unchanged) -- this should report that there's nothing to write as the CFG data has not changed -- at 0xC46A0: 1
  flash [0] level 1: Flash sector already contains matching data: skipping write operation.
writing an updated CFG at address 0xC46C0: 1
(b0:0,b1:42,i1:1,li2:1234567890123456,i3:-555,iter:566)
-----------------------------------------
(re)writing active CFG (unchanged) -- this should report that there's nothing to write as the CFG data has not changed -- at 0xC46C0: 1
  flash [0] level 1: Flash sector already contains matching data: skipping write operation.
-----------------------------------------
(re)writing active CFG (unchanged) -- this should report that there's nothing to write as the CFG data has not changed -- at 0xC46C0: 1
  flash [0] level 1: Flash sector already contains matching data: skipping write operation.
-----------------------------------------
(re)writing active CFG (unchanged) -- this should report that there's nothing to write as the CFG data has not changed -- at 0xC46C0: 1
  flash [0] level 1: Flash sector already contains matching data: skipping write operation.
writing an updated CFG at address 0xC46E0: 1
(b0:0,b1:42,i1:1,li2:1234567890123456,i3:-555,iter:567)
-----------------------------------------
(re)writing active CFG (unchanged) -- this should report that there's nothing to write as the CFG data has not changed -- at 0xC46E0: 1
  flash [0] level 1: Flash sector already contains matching data: skipping write operation.
-----------------------------------------
(re)writing active CFG (unchanged) -- this should report that there's nothing to write as the CFG data has not changed -- at 0xC46E0: 1
  flash [0] level 1: Flash sector already contains matching data: skipping write operation.
-----------------------------------------
(re)writing active CFG (unchanged) -- this should report that there's nothing to write as the CFG data has not changed -- at 0xC46E0: 1
  flash [0] level 1: Flash sector already contains matching data: skipping write operation.
writing an updated CFG at address 0xC4700: 1
(b0:0,b1:42,i1:1,li2:1234567890123456,i3:-555,iter:568)
-----------------------------------------
(re)writing active CFG (unchanged) -- this should report that there's nothing to write as the CFG data has not changed -- at 0xC4700: 1
  flash [0] level 1: Flash sector already contains matching data: skipping write operation.
-----------------------------------------
(re)writing active CFG (unchanged) -- this should report that there's nothing to write as the CFG data has not changed -- at 0xC4700: 1
  flash [0] level 1: Flash sector already contains matching data: skipping write operation.
-----------------------------------------
(re)writing active CFG (unchanged) -- this should report that there's nothing to write as the CFG data has not changed -- at 0xC4700: 1
  flash [0] level 1: Flash sector already contains matching data: skipping write operation.
writing an updated CFG at address 0xC4720: 1
(b0:0,b1:42,i1:1,li2:1234567890123456,i3:-555,iter:569)
-----------------------------------------
(re)writing active CFG (unchanged) -- this should report that there's nothing to write as the CFG data has not changed -- at 0xC4720: 1
  flash [0] level 1: Flash sector already contains matching data: skipping write operation.
-----------------------------------------
(re)writing active CFG (unchanged) -- this should report that there's nothing to write as the CFG data has not changed -- at 0xC4720: 1
  flash [0] level 1: Flash sector already contains matching data: skipping write operation.
-----------------------------------------
(re)writing active CFG (unchanged) -- this should report that there's nothing to write as the CFG data has not changed -- at 0xC4720: 1
  flash [0] level 1: Flash sector already contains matching data: skipping write operation.
writing an updated CFG at address 0xC4740: 1
(b0:0,b1:42,i1:1,li2:1234567890123456,i3:-555,iter:570)
-----------------------------------------
(re)writing active CFG (unchanged) -- this should report that there's nothing to write as the CFG data has not changed -- at 0xC4740: 1
  flash [0] level 1: Flash sector already contains matching data: skipping write operation.
-----------------------------------------
(re)writing active CFG (unchanged) -- this should report that there's nothing to write as the CFG data has not changed -- at 0xC4740: 1
  flash [0] level 1: Flash sector already contains matching data: skipping write operation.
-----------------------------------------
(re)writing active CFG (unchanged) -- this should report that there's nothing to write as the CFG data has not changed -- at 0xC4740: 1
  flash [0] level 1: Flash sector already contains matching data: skipping write operation.
writing an updated CFG at address 0xC4760: 1
(b0:0,b1:42,i1:1,li2:1234567890123456,i3:-555,iter:571)
-----------------------------------------
(re)writing active CFG (unchanged) -- this should report that there's nothing to write as the CFG data has not changed -- at 0xC4760: 1
  flash [0] level 1: Flash sector already contains matching data: skipping write operation.
-----------------------------------------
(re)writing active CFG (unchanged) -- this should report that there's nothing to write as the CFG data has not changed -- at 0xC4760: 1
  flash [0] level 1: Flash sector already contains matching data: skipping write operation.
-----------------------------------------
(re)writing active CFG (unchanged) -- this should report that there's nothing to write as the CFG data has not changed -- at 0xC4760: 1
  flash [0] level 1: Flash sector already contains matching data: skipping write operation.
writing an updated CFG at address 0xC4780: 1
(b0:0,b1:42,i1:1,li2:1234567890123456,i3:-555,iter:572)
-----------------------------------------
(re)writing active CFG (unchanged) -- this should report that there's nothing to write as the CFG data has not changed -- at 0xC4780: 1
  flash [0] level 1: Flash sector already contains matching data: skipping write operation.
-----------------------------------------
(re)writing active CFG (unchanged) -- this should report that there's nothing to write as the CFG data has not changed -- at 0xC4780: 1
  flash [0] level 1: Flash sector already contains matching data: skipping write operation.
-----------------------------------------
(re)writing active CFG (unchanged) -- this should report that there's nothing to write as the CFG data has not changed -- at 0xC4780: 1
  flash [0] level 1: Flash sector already contains matching data: skipping write operation.
writing an updated CFG at address 0xC47A0: 1
(b0:0,b1:42,i1:1,li2:1234567890123456,i3:-555,iter:573)
-----------------------------------------
(re)writing active CFG (unchanged) -- this should report that there's nothing to write as the CFG data has not changed -- at 0xC47A0: 1
  flash [0] level 1: Flash sector already contains matching data: skipping write operation.
-----------------------------------------
(re)writing active CFG (unchanged) -- this should report that there's nothing to write as the CFG data has not changed -- at 0xC47A0: 1
  flash [0] level 1: Flash sector already contains matching data: skipping write operation.
-----------------------------------------
(re)writing active CFG (unchanged) -- this should report that there's nothing to write as the CFG data has not changed -- at 0xC47A0: 1
  flash [0] level 1: Flash sector already contains matching data: skipping write operation.
writing an updated CFG at address 0xC47C0: 1
(b0:0,b1:42,i1:1,li2:1234567890123456,i3:-555,iter:574)
-----------------------------------------
(re)writing active CFG (unchanged) -- this should report that there's nothing to write as the CFG data has not changed -- at 0xC47C0: 1
  flash [0] level 1: Flash sector already contains matching data: skipping write operation.
-----------------------------------------
(re)writing active CFG (unchanged) -- this should report that there's nothing to write as the CFG data has not changed -- at 0xC47C0: 1
  flash [0] level 1: Flash sector already contains matching data: skipping write operation.
-----------------------------------------
(re)writing active CFG (unchanged) -- this should report that there's nothing to write as the CFG data has not changed -- at 0xC47C0: 1
  flash [0] level 1: Flash sector already contains matching data: skipping write operation.
writing an updated CFG at address 0xC47E0: 1
(b0:0,b1:42,i1:1,li2:1234567890123456,i3:-555,iter:575)
-----------------------------------------
(re)writing active CFG (unchanged) -- this should report that there's nothing to write as the CFG data has not changed -- at 0xC47E0: 1
  flash [0] level 1: Flash sector already contains matching data: skipping write operation.
-----------------------------------------
(re)writing active CFG (unchanged) -- this should report that there's nothing to write as the CFG data has not changed -- at 0xC47E0: 1
  flash [0] level 1: Flash sector already contains matching data: skipping write operation.
-----------------------------------------
(re)writing active CFG (unchanged) -- this should report that there's nothing to write as the CFG data has not changed -- at 0xC47E0: 1
  flash [0] level 1: Flash sector already contains matching data: skipping write operation.
writing an updated CFG at address 0xC4800: 1
(b0:0,b1:42,i1:1,li2:1234567890123456,i3:-555,iter:576)
-----------------------------------------
(re)writing active CFG (unchanged) -- this should report that there's nothing to write as the CFG data has not changed -- at 0xC4800: 1
  flash [0] level 1: Flash sector already contains matching data: skipping write operation.
-----------------------------------------
(re)writing active CFG (unchanged) -- this should report that there's nothing to write as the CFG data has not changed -- at 0xC4800: 1
  flash [0] level 1: Flash sector already contains matching data: skipping write operation.
-----------------------------------------
(re)writing active CFG (unchanged) -- this should report that there's nothing to write as the CFG data has not changed -- at 0xC4800: 1
  flash [0] level 1: Flash sector already contains matching data: skipping write operation.
writing an updated CFG at address 0xC4820: 1
(b0:0,b1:42,i1:1,li2:1234567890123456,i3:-555,iter:577)
-----------------------------------------
(re)writing active CFG (unchanged) -- this should report that there's nothing to write as the CFG data has not changed -- at 0xC4820: 1
  flash [0] level 1: Flash sector already contains matching data: skipping write operation.
-----------------------------------------
(re)writing active CFG (unchanged) -- this should report that there's nothing to write as the CFG data has not changed -- at 0xC4820: 1
  flash [0] level 1: Flash sector already contains matching data: skipping write operation.
-----------------------------------------
(re)writing active CFG (unchanged) -- this should report that there's nothing to write as the CFG data has not changed -- at 0xC4820: 1
  flash [0] level 1: Flash sector already contains matching data: skipping write operation.
writing an updated CFG at address 0xC4840: 1
(b0:0,b1:42,i1:1,li2:1234567890123456,i3:-555,iter:578)
-----------------------------------------
(re)writing active CFG (unchanged) -- this should report that there's nothing to write as the CFG data has not changed -- at 0xC4840: 1
  flash [0] level 1: Flash sector already contains matching data: skipping write operation.
-----------------------------------------
(re)writing active CFG (unchanged) -- this should report that there's nothing to write as the CFG data has not changed -- at 0xC4840: 1
  flash [0] level 1: Flash sector already contains matching data: skipping write operation.
-----------------------------------------
(re)writing active CFG (unchanged) -- this should report that there's nothing to write as the CFG data has not changed -- at 0xC4840: 1
  flash [0] level 1: Flash sector already contains matching data: skipping write operation.
writing an updated CFG at address 0xC4860: 1
(b0:0,b1:42,i1:1,li2:1234567890123456,i3:-555,iter:579)
-----------------------------------------
(re)writing active CFG (unchanged) -- this should report that there's nothing to write as the CFG data has not changed -- at 0xC4860: 1
  flash [0] level 1: Flash sector already contains matching data: skipping write operation.
-----------------------------------------
(re)writing active CFG (unchanged) -- this should report that there's nothing to write as the CFG data has not changed -- at 0xC4860: 1
  flash [0] level 1: Flash sector already contains matching data: skipping write operation.
-----------------------------------------
(re)writing active CFG (unchanged) -- this should report that there's nothing to write as the CFG data has not changed -- at 0xC4860: 1
  flash [0] level 1: Flash sector already contains matching data: skipping write operation.
writing an updated CFG at address 0xC4880: 1
(b0:0,b1:42,i1:1,li2:1234567890123456,i3:-555,iter:580)
-----------------------------------------
(re)writing active CFG (unchanged) -- this should report that there's nothing to write as the CFG data has not changed -- at 0xC4880: 1
  flash [0] level 1: Flash sector already contains matching data: skipping write operation.
-----------------------------------------
(re)writing active CFG (unchanged) -- this should report that there's nothing to write as the CFG data has not changed -- at 0xC4880: 1
  flash [0] level 1: Flash sector already contains matching data: skipping write operation.
-----------------------------------------
(re)writing active CFG (unchanged) -- this should report that there's nothing to write as the CFG data has not changed -- at 0xC4880: 1
  flash [0] level 1: Flash sector already contains matching data: skipping write operation.
writing an updated CFG at address 0xC48A0: 1
(b0:0,b1:42,i1:1,li2:1234567890123456,i3:-555,iter:581)
-----------------------------------------
(re)writing active CFG (unchanged) -- this should report that there's nothing to write as the CFG data has not changed -- at 0xC48A0: 1
  flash [0] level 1: Flash sector already contains matching data: skipping write operation.
-----------------------------------------
(re)writing active CFG (unchanged) -- this should report that there's nothing to write as the CFG data has not changed -- at 0xC48A0: 1
  flash [0] level 1: Flash sector already contains matching data: skipping write operation.
-----------------------------------------
(re)writing active CFG (unchanged) -- this should report that there's nothing to write as the CFG data has not changed -- at 0xC48A0: 1
  flash [0] level 1: Flash sector already contains matching data: skipping write operation.
writing an updated CFG at address 0xC48C0: 1
(b0:0,b1:42,i1:1,li2:1234567890123456,i3:-555,iter:582)
-----------------------------------------
(re)writing active CFG (unchanged) -- this should report that there's nothing to write as the CFG data has not changed -- at 0xC48C0: 1
  flash [0] level 1: Flash sector already contains matching data: skipping write operation.
-----------------------------------------
(re)writing active CFG (unchanged) -- this should report that there's nothing to write as the CFG data has not changed -- at 0xC48C0: 1
  flash [0] level 1: Flash sector already contains matching data: skipping write operation.
-----------------------------------------
(re)writing active CFG (unchanged) -- this should report that there's nothing to write as the CFG data has not changed -- at 0xC48C0: 1
  flash [0] level 1: Flash sector already contains matching data: skipping write operation.
writing an updated CFG at address 0xC48E0: 1
(b0:0,b1:42,i1:1,li2:1234567890123456,i3:-555,iter:583)
-----------------------------------------
(re)writing active CFG (unchanged) -- this should report that there's nothing to write as the CFG data has not changed -- at 0xC48E0: 1
  flash [0] level 1: Flash sector already contains matching data: skipping write operation.
-----------------------------------------
(re)writing active CFG (unchanged) -- this should report that there's nothing to write as the CFG data has not changed -- at 0xC48E0: 1
  flash [0] level 1: Flash sector already contains matching data: skipping write operation.
-----------------------------------------
(re)writing active CFG (unchanged) -- this should report that there's nothing to write as the CFG data has not changed -- at 0xC48E0: 1
  flash [0] level 1: Flash sector already contains matching data: skipping write operation.
writing an updated CFG at address 0xC4900: 1
(b0:0,b1:42,i1:1,li2:1234567890123456,i3:-555,iter:584)
-----------------------------------------
(re)writing active CFG (unchanged) -- this should report that there's nothing to write as the CFG data has not changed -- at 0xC4900: 1
  flash [0] level 1: Flash sector already contains matching data: skipping write operation.
-----------------------------------------
(re)writing active CFG (unchanged) -- this should report that there's nothing to write as the CFG data has not changed -- at 0xC4900: 1
  flash [0] level 1: Flash sector already contains matching data: skipping write operation.
-----------------------------------------
(re)writing active CFG (unchanged) -- this should report that there's nothing to write as the CFG data has not changed -- at 0xC4900: 1
  flash [0] level 1: Flash sector already contains matching data: skipping write operation.
writing an updated CFG at address 0xC4920: 1
(b0:0,b1:42,i1:1,li2:1234567890123456,i3:-555,iter:585)
-----------------------------------------
(re)writing active CFG (unchanged) -- this should report that there's nothing to write as the CFG data has not changed -- at 0xC4920: 1
  flash [0] level 1: Flash sector already contains matching data: skipping write operation.
-----------------------------------------
(re)writing active CFG (unchanged) -- this should report that there's nothing to write as the CFG data has not changed -- at 0xC4920: 1
  flash [0] level 1: Flash sector already contains matching data: skipping write operation.
-----------------------------------------
(re)writing active CFG (unchanged) -- this should report that there's nothing to write as the CFG data has not changed -- at 0xC4920: 1
  flash [0] level 1: Flash sector already contains matching data: skipping write operation.
writing an updated CFG at address 0xC4940: 1
(b0:0,b1:42,i1:1,li2:1234567890123456,i3:-555,iter:586)
-----------------------------------------
(re)writing active CFG (unchanged) -- this should report that there's nothing to write as the CFG data has not changed -- at 0xC4940: 1
  flash [0] level 1: Flash sector already contains matching data: skipping write operation.
-----------------------------------------
(re)writing active CFG (unchanged) -- this should report that there's nothing to write as the CFG data has not changed -- at 0xC4940: 1
  flash [0] level 1: Flash sector already contains matching data: skipping write operation.
-----------------------------------------
(re)writing active CFG (unchanged) -- this should report that there's nothing to write as the CFG data has not changed -- at 0xC4940: 1
  flash [0] level 1: Flash sector already contains matching data: skipping write operation.
writing an updated CFG at address 0xC4960: 1
(b0:0,b1:42,i1:1,li2:1234567890123456,i3:-555,iter:587)
-----------------------------------------
(re)writing active CFG (unchanged) -- this should report that there's nothing to write as the CFG data has not changed -- at 0xC4960: 1
  flash [0] level 1: Flash sector already contains matching data: skipping write operation.
-----------------------------------------
(re)writing active CFG (unchanged) -- this should report that there's nothing to write as the CFG data has not changed -- at 0xC4960: 1
  flash [0] level 1: Flash sector already contains matching data: skipping write operation.
-----------------------------------------
(re)writing active CFG (unchanged) -- this should report that there's nothing to write as the CFG data has not changed -- at 0xC4960: 1
  flash [0] level 1: Flash sector already contains matching data: skipping write operation.
writing an updated CFG at address 0xC4980: 1
(b0:0,b1:42,i1:1,li2:1234567890123456,i3:-555,iter:588)
-----------------------------------------
(re)writing active CFG (unchanged) -- this should report that there's nothing to write as the CFG data has not changed -- at 0xC4980: 1
  flash [0] level 1: Flash sector already contains matching data: skipping write operation.
-----------------------------------------
(re)writing active CFG (unchanged) -- this should report that there's nothing to write as the CFG data has not changed -- at 0xC4980: 1
  flash [0] level 1: Flash sector already contains matching data: skipping write operation.
-----------------------------------------
(re)writing active CFG (unchanged) -- this should report that there's nothing to write as the CFG data has not changed -- at 0xC4980: 1
  flash [0] level 1: Flash sector already contains matching data: skipping write operation.
writing an updated CFG at address 0xC49A0: 1
(b0:0,b1:42,i1:1,li2:1234567890123456,i3:-555,iter:589)
-----------------------------------------
(re)writing active CFG (unchanged) -- this should report that there's nothing to write as the CFG data has not changed -- at 0xC49A0: 1
  flash [0] level 1: Flash sector already contains matching data: skipping write operation.
-----------------------------------------
(re)writing active CFG (unchanged) -- this should report that there's nothing to write as the CFG data has not changed -- at 0xC49A0: 1
  flash [0] level 1: Flash sector already contains matching data: skipping write operation.
-----------------------------------------
(re)writing active CFG (unchanged) -- this should report that there's nothing to write as the CFG data has not changed -- at 0xC49A0: 1
  flash [0] level 1: Flash sector already contains matching data: skipping write operation.
writing an updated CFG at address 0xC49C0: 1
(b0:0,b1:42,i1:1,li2:1234567890123456,i3:-555,iter:590)
-----------------------------------------
(re)writing active CFG (unchanged) -- this should report that there's nothing to write as the CFG data has not changed -- at 0xC49C0: 1
  flash [0] level 1: Flash sector already contains matching data: skipping write operation.
-----------------------------------------
(re)writing active CFG (unchanged) -- this should report that there's nothing to write as the CFG data has not changed -- at 0xC49C0: 1
  flash [0] level 1: Flash sector already contains matching data: skipping write operation.
-----------------------------------------
(re)writing active CFG (unchanged) -- this should report that there's nothing to write as the CFG data has not changed -- at 0xC49C0: 1
  flash [0] level 1: Flash sector already contains matching data: skipping write operation.
writing an updated CFG at address 0xC49E0: 1
(b0:0,b1:42,i1:1,li2:1234567890123456,i3:-555,iter:591)
-----------------------------------------
(re)writing active CFG (unchanged) -- this should report that there's nothing to write as the CFG data has not changed -- at 0xC49E0: 1
  flash [0] level 1: Flash sector already contains matching data: skipping write operation.
-----------------------------------------
(re)writing active CFG (unchanged) -- this should report that there's nothing to write as the CFG data has not changed -- at 0xC49E0: 1
  flash [0] level 1: Flash sector already contains matching data: skipping write operation.
-----------------------------------------
(re)writing active CFG (unchanged) -- this should report that there's nothing to write as the CFG data has not changed -- at 0xC49E0: 1
  flash [0] level 1: Flash sector already contains matching data: skipping write operation.
writing an updated CFG at address 0xC4A00: 1
(b0:0,b1:42,i1:1,li2:1234567890123456,i3:-555,iter:592)
-----------------------------------------
(re)writing active CFG (unchanged) -- this should report that there's nothing to write as the CFG data has not changed -- at 0xC4A00: 1
  flash [0] level 1: Flash sector already contains matching data: skipping write operation.
-----------------------------------------
(re)writing active CFG (unchanged) -- this should report that there's nothing to write as the CFG data has not changed -- at 0xC4A00: 1
  flash [0] level 1: Flash sector already contains matching data: skipping write operation.
-----------------------------------------
(re)writing active CFG (unchanged) -- this should report that there's nothing to write as the CFG data has not changed -- at 0xC4A00: 1
  flash [0] level 1: Flash sector already contains matching data: skipping write operation.
writing an updated CFG at address 0xC4A20: 1
(b0:0,b1:42,i1:1,li2:1234567890123456,i3:-555,iter:593)
-----------------------------------------
(re)writing active CFG (unchanged) -- this should report that there's nothing to write as the CFG data has not changed -- at 0xC4A20: 1
  flash [0] level 1: Flash sector already contains matching data: skipping write operation.
-----------------------------------------
(re)writing active CFG (unchanged) -- this should report that there's nothing to write as the CFG data has not changed -- at 0xC4A20: 1
  flash [0] level 1: Flash sector already contains matching data: skipping write operation.
-----------------------------------------
(re)writing active CFG (unchanged) -- this should report that there's nothing to write as the CFG data has not changed -- at 0xC4A20: 1
  flash [0] level 1: Flash sector already contains matching data: skipping write operation.
writing an updated CFG at address 0xC4A40: 1
(b0:0,b1:42,i1:1,li2:1234567890123456,i3:-555,iter:594)
-----------------------------------------
(re)writing active CFG (unchanged) -- this should report that there's nothing to write as the CFG data has not changed -- at 0xC4A40: 1
  flash [0] level 1: Flash sector already contains matching data: skipping write operation.
-----------------------------------------
(re)writing active CFG (unchanged) -- this should report that there's nothing to write as the CFG data has not changed -- at 0xC4A40: 1
  flash [0] level 1: Flash sector already contains matching data: skipping write operation.
-----------------------------------------
(re)writing active CFG (unchanged) -- this should report that there's nothing to write as the CFG data has not changed -- at 0xC4A40: 1
  flash [0] level 1: Flash sector already contains matching data: skipping write operation.
writing an updated CFG at address 0xC4A60: 1
(b0:0,b1:42,i1:1,li2:1234567890123456,i3:-555,iter:595)
-----------------------------------------
(re)writing active CFG (unchanged) -- this should report that there's nothing to write as the CFG data has not changed -- at 0xC4A60: 1
  flash [0] level 1: Flash sector already contains matching data: skipping write operation.
-----------------------------------------
(re)writing active CFG (unchanged) -- this should report that there's nothing to write as the CFG data has not changed -- at 0xC4A60: 1
  flash [0] level 1: Flash sector already contains matching data: skipping write operation.
-----------------------------------------
(re)writing active CFG (unchanged) -- this should report that there's nothing to write as the CFG data has not changed -- at 0xC4A60: 1
  flash [0] level 1: Flash sector already contains matching data: skipping write operation.
writing an updated CFG at address 0xC4A80: 1
(b0:0,b1:42,i1:1,li2:1234567890123456,i3:-555,iter:596)
-----------------------------------------
(re)writing active CFG (unchanged) -- this should report that there's nothing to write as the CFG data has not changed -- at 0xC4A80: 1
  flash [0] level 1: Flash sector already contains matching data: skipping write operation.
-----------------------------------------
(re)writing active CFG (unchanged) -- this should report that there's nothing to write as the CFG data has not changed -- at 0xC4A80: 1
  flash [0] level 1: Flash sector already contains matching data: skipping write operation.
-----------------------------------------
(re)writing active CFG (unchanged) -- this should report that there's nothing to write as the CFG data has not changed -- at 0xC4A80: 1
  flash [0] level 1: Flash sector already contains matching data: skipping write operation.
writing an updated CFG at address 0xC4AA0: 1
(b0:0,b1:42,i1:1,li2:1234567890123456,i3:-555,iter:597)
-----------------------------------------
(re)writing active CFG (unchanged) -- this should report that there's nothing to write as the CFG data has not changed -- at 0xC4AA0: 1
  flash [0] level 1: Flash sector already contains matching data: skipping write operation.
-----------------------------------------
(re)writing active CFG (unchanged) -- this should report that there's nothing to write as the CFG data has not changed -- at 0xC4AA0: 1
  flash [0] level 1: Flash sector already contains matching data: skipping write operation.
-----------------------------------------
(re)writing active CFG (unchanged) -- this should report that there's nothing to write as the CFG data has not changed -- at 0xC4AA0: 1
  flash [0] level 1: Flash sector already contains matching data: skipping write operation.
writing an updated CFG at address 0xC4AC0: 1
(b0:0,b1:42,i1:1,li2:1234567890123456,i3:-555,iter:598)
-----------------------------------------
(re)writing active CFG (unchanged) -- this should report that there's nothing to write as the CFG data has not changed -- at 0xC4AC0: 1
  flash [0] level 1: Flash sector already contains matching data: skipping write operation.
-----------------------------------------
(re)writing active CFG (unchanged) -- this should report that there's nothing to write as the CFG data has not changed -- at 0xC4AC0: 1
  flash [0] level 1: Flash sector already contains matching data: skipping write operation.
-----------------------------------------
(re)writing active CFG (unchanged) -- this should report that there's nothing to write as the CFG data has not changed -- at 0xC4AC0: 1
  flash [0] level 1: Flash sector already contains matching data: skipping write operation.
writing an updated CFG at address 0xC4AE0: 1
(b0:0,b1:42,i1:1,li2:1234567890123456,i3:-555,iter:599)
-----------------------------------------
(re)writing active CFG (unchanged) -- this should report that there's nothing to write as the CFG data has not changed -- at 0xC4AE0: 1
  flash [0] level 1: Flash sector already contains matching data: skipping write operation.
-----------------------------------------
(re)writing active CFG (unchanged) -- this should report that there's nothing to write as the CFG data has not changed -- at 0xC4AE0: 1
  flash [0] level 1: Flash sector already contains matching data: skipping write operation.
-----------------------------------------
(re)writing active CFG (unchanged) -- this should report that there's nothing to write as the CFG data has not changed -- at 0xC4AE0: 1
  flash [0] level 1: Flash sector already contains matching data: skipping write operation.
writing an updated CFG at address 0xC4B00: 1
(b0:0,b1:42,i1:1,li2:1234567890123456,i3:-555,iter:600)
-----------------------------------------
(re)writing active CFG (unchanged) -- this should report that there's nothing to write as the CFG data has not changed -- at 0xC4B00: 1
  flash [0] level 1: Flash sector already contains matching data: skipping write operation.
-----------------------------------------
(re)writing active CFG (unchanged) -- this should report that there's nothing to write as the CFG data has not changed -- at 0xC4B00: 1
  flash [0] level 1: Flash sector already contains matching data: skipping write operation.
-----------------------------------------
(re)writing active CFG (unchanged) -- this should report that there's nothing to write as the CFG data has not changed -- at 0xC4B00: 1
  flash [0] level 1: Flash sector already contains matching data: skipping write operation.
writing an updated CFG at address 0xC4B20: 1
(b0:0,b1:42,i1:1,li2:1234567890123456,i3:-555,iter:601)
-----------------------------------------
(re)writing active CFG (unchanged) -- this should report that there's nothing to write as the CFG data has not changed -- at 0xC4B20: 1
  flash [0] level 1: Flash sector already contains matching data: skipping write operation.
-----------------------------------------
(re)writing active CFG (unchanged) -- this should report that there's nothing to write as the CFG data has not changed -- at 0xC4B20: 1
  flash [0] level 1: Flash sector already contains matching data: skipping write operation.
-----------------------------------------
(re)writing active CFG (unchanged) -- this should report that there's nothing to write as the CFG data has not changed -- at 0xC4B20: 1
  flash [0] level 1: Flash sector already contains matching data: skipping write operation.
writing an updated CFG at address 0xC4B40: 1
(b0:0,b1:42,i1:1,li2:1234567890123456,i3:-555,iter:602)
-----------------------------------------
(re)writing active CFG (unchanged) -- this should report that there's nothing to write as the CFG data has not changed -- at 0xC4B40: 1
  flash [0] level 1: Flash sector already contains matching data: skipping write operation.
-----------------------------------------
(re)writing active CFG (unchanged) -- this should report that there's nothing to write as the CFG data has not changed -- at 0xC4B40: 1
  flash [0] level 1: Flash sector already contains matching data: skipping write operation.
-----------------------------------------
(re)writing active CFG (unchanged) -- this should report that there's nothing to write as the CFG data has not changed -- at 0xC4B40: 1
  flash [0] level 1: Flash sector already contains matching data: skipping write operation.
writing an updated CFG at address 0xC4B60: 1
(b0:0,b1:42,i1:1,li2:1234567890123456,i3:-555,iter:603)
-----------------------------------------
(re)writing active CFG (unchanged) -- this should report that there's nothing to write as the CFG data has not changed -- at 0xC4B60: 1
  flash [0] level 1: Flash sector already contains matching data: skipping write operation.
-----------------------------------------
(re)writing active CFG (unchanged) -- this should report that there's nothing to write as the CFG data has not changed -- at 0xC4B60: 1
  flash [0] level 1: Flash sector already contains matching data: skipping write operation.
-----------------------------------------
(re)writing active CFG (unchanged) -- this should report that there's nothing to write as the CFG data has not changed -- at 0xC4B60: 1
  flash [0] level 1: Flash sector already contains matching data: skipping write operation.
writing an updated CFG at address 0xC4B80: 1
(b0:0,b1:42,i1:1,li2:1234567890123456,i3:-555,iter:604)
-----------------------------------------
(re)writing active CFG (unchanged) -- this should report that there's nothing to write as the CFG data has not changed -- at 0xC4B80: 1
  flash [0] level 1: Flash sector already contains matching data: skipping write operation.
-----------------------------------------
(re)writing active CFG (unchanged) -- this should report that there's nothing to write as the CFG data has not changed -- at 0xC4B80: 1
  flash [0] level 1: Flash sector already contains matching data: skipping write operation.
-----------------------------------------
(re)writing active CFG (unchanged) -- this should report that there's nothing to write as the CFG data has not changed -- at 0xC4B80: 1
  flash [0] level 1: Flash sector already contains matching data: skipping write operation.
writing an updated CFG at address 0xC4BA0: 1
(b0:0,b1:42,i1:1,li2:1234567890123456,i3:-555,iter:605)
-----------------------------------------
(re)writing active CFG (unchanged) -- this should report that there's nothing to write as the CFG data has not changed -- at 0xC4BA0: 1
  flash [0] level 1: Flash sector already contains matching data: skipping write operation.
-----------------------------------------
(re)writing active CFG (unchanged) -- this should report that there's nothing to write as the CFG data has not changed -- at 0xC4BA0: 1
  flash [0] level 1: Flash sector already contains matching data: skipping write operation.
-----------------------------------------
(re)writing active CFG (unchanged) -- this should report that there's nothing to write as the CFG data has not changed -- at 0xC4BA0: 1
  flash [0] level 1: Flash sector already contains matching data: skipping write operation.
writing an updated CFG at address 0xC4BC0: 1
(b0:0,b1:42,i1:1,li2:1234567890123456,i3:-555,iter:606)
-----------------------------------------
(re)writing active CFG (unchanged) -- this should report that there's nothing to write as the CFG data has not changed -- at 0xC4BC0: 1
  flash [0] level 1: Flash sector already contains matching data: skipping write operation.
-----------------------------------------
(re)writing active CFG (unchanged) -- this should report that there's nothing to write as the CFG data has not changed -- at 0xC4BC0: 1
  flash [0] level 1: Flash sector already contains matching data: skipping write operation.
-----------------------------------------
(re)writing active CFG (unchanged) -- this should report that there's nothing to write as the CFG data has not changed -- at 0xC4BC0: 1
  flash [0] level 1: Flash sector already contains matching data: skipping write operation.
writing an updated CFG at address 0xC4BE0: 1
(b0:0,b1:42,i1:1,li2:1234567890123456,i3:-555,iter:607)
-----------------------------------------
(re)writing active CFG (unchanged) -- this should report that there's nothing to write as the CFG data has not changed -- at 0xC4BE0: 1
  flash [0] level 1: Flash sector already contains matching data: skipping write operation.
-----------------------------------------
(re)writing active CFG (unchanged) -- this should report that there's nothing to write as the CFG data has not changed -- at 0xC4BE0: 1
  flash [0] level 1: Flash sector already contains matching data: skipping write operation.
-----------------------------------------
(re)writing active CFG (unchanged) -- this should report that there's nothing to write as the CFG data has not changed -- at 0xC4BE0: 1
  flash [0] level 1: Flash sector already contains matching data: skipping write operation.
writing an updated CFG at address 0xC4C00: 1
(b0:0,b1:42,i1:1,li2:1234567890123456,i3:-555,iter:608)
-----------------------------------------
(re)writing active CFG (unchanged) -- this should report that there's nothing to write as the CFG data has not changed -- at 0xC4C00: 1
  flash [0] level 1: Flash sector already contains matching data: skipping write operation.
-----------------------------------------
(re)writing active CFG (unchanged) -- this should report that there's nothing to write as the CFG data has not changed -- at 0xC4C00: 1
  flash [0] level 1: Flash sector already contains matching data: skipping write operation.
-----------------------------------------
(re)writing active CFG (unchanged) -- this should report that there's nothing to write as the CFG data has not changed -- at 0xC4C00: 1
  flash [0] level 1: Flash sector already contains matching data: skipping write operation.
writing an updated CFG at address 0xC4C20: 1
(b0:0,b1:42,i1:1,li2:1234567890123456,i3:-555,iter:609)
-----------------------------------------
(re)writing active CFG (unchanged) -- this should report that there's nothing to write as the CFG data has not changed -- at 0xC4C20: 1
  flash [0] level 1: Flash sector already contains matching data: skipping write operation.
-----------------------------------------
(re)writing active CFG (unchanged) -- this should report that there's nothing to write as the CFG data has not changed -- at 0xC4C20: 1
  flash [0] level 1: Flash sector already contains matching data: skipping write operation.
-----------------------------------------
(re)writing active CFG (unchanged) -- this should report that there's nothing to write as the CFG data has not changed -- at 0xC4C20: 1
  flash [0] level 1: Flash sector already contains matching data: skipping write operation.
writing an updated CFG at address 0xC4C40: 1
(b0:0,b1:42,i1:1,li2:1234567890123456,i3:-555,iter:610)
-----------------------------------------
(re)writing active CFG (unchanged) -- this should report that there's nothing to write as the CFG data has not changed -- at 0xC4C40: 1
  flash [0] level 1: Flash sector already contains matching data: skipping write operation.
-----------------------------------------
(re)writing active CFG (unchanged) -- this should report that there's nothing to write as the CFG data has not changed -- at 0xC4C40: 1
  flash [0] level 1: Flash sector already contains matching data: skipping write operation.
-----------------------------------------
(re)writing active CFG (unchanged) -- this should report that there's nothing to write as the CFG data has not changed -- at 0xC4C40: 1
  flash [0] level 1: Flash sector already contains matching data: skipping write operation.
writing an updated CFG at address 0xC4C60: 1
(b0:0,b1:42,i1:1,li2:1234567890123456,i3:-555,iter:611)
-----------------------------------------
(re)writing active CFG (unchanged) -- this should report that there's nothing to write as the CFG data has not changed -- at 0xC4C60: 1
  flash [0] level 1: Flash sector already contains matching data: skipping write operation.
-----------------------------------------
(re)writing active CFG (unchanged) -- this should report that there's nothing to write as the CFG data has not changed -- at 0xC4C60: 1
  flash [0] level 1: Flash sector already contains matching data: skipping write operation.
-----------------------------------------
(re)writing active CFG (unchanged) -- this should report that there's nothing to write as the CFG data has not changed -- at 0xC4C60: 1
  flash [0] level 1: Flash sector already contains matching data: skipping write operation.
writing an updated CFG at address 0xC4C80: 1
(b0:0,b1:42,i1:1,li2:1234567890123456,i3:-555,iter:612)
-----------------------------------------
(re)writing active CFG (unchanged) -- this should report that there's nothing to write as the CFG data has not changed -- at 0xC4C80: 1
  flash [0] level 1: Flash sector already contains matching data: skipping write operation.
-----------------------------------------
(re)writing active CFG (unchanged) -- this should report that there's nothing to write as the CFG data has not changed -- at 0xC4C80: 1
  flash [0] level 1: Flash sector already contains matching data: skipping write operation.
-----------------------------------------
(re)writing active CFG (unchanged) -- this should report that there's nothing to write as the CFG data has not changed -- at 0xC4C80: 1
  flash [0] level 1: Flash sector already contains matching data: skipping write operation.
writing an updated CFG at address 0xC4CA0: 1
(b0:0,b1:42,i1:1,li2:1234567890123456,i3:-555,iter:613)
-----------------------------------------
(re)writing active CFG (unchanged) -- this should report that there's nothing to write as the CFG data has not changed -- at 0xC4CA0: 1
  flash [0] level 1: Flash sector already contains matching data: skipping write operation.
-----------------------------------------
(re)writing active CFG (unchanged) -- this should report that there's nothing to write as the CFG data has not changed -- at 0xC4CA0: 1
  flash [0] level 1: Flash sector already contains matching data: skipping write operation.
-----------------------------------------
(re)writing active CFG (unchanged) -- this should report that there's nothing to write as the CFG data has not changed -- at 0xC4CA0: 1
  flash [0] level 1: Flash sector already contains matching data: skipping write operation.
writing an updated CFG at address 0xC4CC0: 1
(b0:0,b1:42,i1:1,li2:1234567890123456,i3:-555,iter:614)
-----------------------------------------
(re)writing active CFG (unchanged) -- this should report that there's nothing to write as the CFG data has not changed -- at 0xC4CC0: 1
  flash [0] level 1: Flash sector already contains matching data: skipping write operation.
-----------------------------------------
(re)writing active CFG (unchanged) -- this should report that there's nothing to write as the CFG data has not changed -- at 0xC4CC0: 1
  flash [0] level 1: Flash sector already contains matching data: skipping write operation.
-----------------------------------------
(re)writing active CFG (unchanged) -- this should report that there's nothing to write as the CFG data has not changed -- at 0xC4CC0: 1
  flash [0] level 1: Flash sector already contains matching data: skipping write operation.
writing an updated CFG at address 0xC4CE0: 1
(b0:0,b1:42,i1:1,li2:1234567890123456,i3:-555,iter:615)
-----------------------------------------
(re)writing active CFG (unchanged) -- this should report that there's nothing to write as the CFG data has not changed -- at 0xC4CE0: 1
  flash [0] level 1: Flash sector already contains matching data: skipping write operation.
-----------------------------------------
(re)writing active CFG (unchanged) -- this should report that there's nothing to write as the CFG data has not changed -- at 0xC4CE0: 1
  flash [0] level 1: Flash sector already contains matching data: skipping write operation.
-----------------------------------------
(re)writing active CFG (unchanged) -- this should report that there's nothing to write as the CFG data has not changed -- at 0xC4CE0: 1
  flash [0] level 1: Flash sector already contains matching data: skipping write operation.
writing an updated CFG at address 0xC4D00: 1
(b0:0,b1:42,i1:1,li2:1234567890123456,i3:-555,iter:616)
-----------------------------------------
(re)writing active CFG (unchanged) -- this should report that there's nothing to write as the CFG data has not changed -- at 0xC4D00: 1
  flash [0] level 1: Flash sector already contains matching data: skipping write operation.
-----------------------------------------
(re)writing active CFG (unchanged) -- this should report that there's nothing to write as the CFG data has not changed -- at 0xC4D00: 1
  flash [0] level 1: Flash sector already contains matching data: skipping write operation.
-----------------------------------------
(re)writing active CFG (unchanged) -- this should report that there's nothing to write as the CFG data has not changed -- at 0xC4D00: 1
  flash [0] level 1: Flash sector already contains matching data: skipping write operation.
writing an updated CFG at address 0xC4D20: 1
(b0:0,b1:42,i1:1,li2:1234567890123456,i3:-555,iter:617)
-----------------------------------------
(re)writing active CFG (unchanged) -- this should report that there's nothing to write as the CFG data has not changed -- at 0xC4D20: 1
  flash [0] level 1: Flash sector already contains matching data: skipping write operation.
-----------------------------------------
(re)writing active CFG (unchanged) -- this should report that there's nothing to write as the CFG data has not changed -- at 0xC4D20: 1
  flash [0] level 1: Flash sector already contains matching data: skipping write operation.
-----------------------------------------
(re)writing active CFG (unchanged) -- this should report that there's nothing to write as the CFG data has not changed -- at 0xC4D20: 1
  flash [0] level 1: Flash sector already contains matching data: skipping write operation.
writing an updated CFG at address 0xC4D40: 1
(b0:0,b1:42,i1:1,li2:1234567890123456,i3:-555,iter:618)
-----------------------------------------
(re)writing active CFG (unchanged) -- this should report that there's nothing to write as the CFG data has not changed -- at 0xC4D40: 1
  flash [0] level 1: Flash sector already contains matching data: skipping write operation.
-----------------------------------------
(re)writing active CFG (unchanged) -- this should report that there's nothing to write as the CFG data has not changed -- at 0xC4D40: 1
  flash [0] level 1: Flash sector already contains matching data: skipping write operation.
-----------------------------------------
(re)writing active CFG (unchanged) -- this should report that there's nothing to write as the CFG data has not changed -- at 0xC4D40: 1
  flash [0] level 1: Flash sector already contains matching data: skipping write operation.
writing an updated CFG at address 0xC4D60: 1
(b0:0,b1:42,i1:1,li2:1234567890123456,i3:-555,iter:619)
-----------------------------------------
(re)writing active CFG (unchanged) -- this should report that there's nothing to write as the CFG data has not changed -- at 0xC4D60: 1
  flash [0] level 1: Flash sector already contains matching data: skipping write operation.
-----------------------------------------
(re)writing active CFG (unchanged) -- this should report that there's nothing to write as the CFG data has not changed -- at 0xC4D60: 1
  flash [0] level 1: Flash sector already contains matching data: skipping write operation.
-----------------------------------------
(re)writing active CFG (unchanged) -- this should report that there's nothing to write as the CFG data has not changed -- at 0xC4D60: 1
  flash [0] level 1: Flash sector already contains matching data: skipping write operation.
writing an updated CFG at address 0xC4D80: 1
(b0:0,b1:42,i1:1,li2:1234567890123456,i3:-555,iter:620)
-----------------------------------------
(re)writing active CFG (unchanged) -- this should report that there's nothing to write as the CFG data has not changed -- at 0xC4D80: 1
  flash [0] level 1: Flash sector already contains matching data: skipping write operation.
-----------------------------------------
(re)writing active CFG (unchanged) -- this should report that there's nothing to write as the CFG data has not changed -- at 0xC4D80: 1
  flash [0] level 1: Flash sector already contains matching data: skipping write operation.
-----------------------------------------
(re)writing active CFG (unchanged) -- this should report that there's nothing to write as the CFG data has not changed -- at 0xC4D80: 1
  flash [0] level 1: Flash sector already contains matching data: skipping write operation.
writing an updated CFG at address 0xC4DA0: 1
(b0:0,b1:42,i1:1,li2:1234567890123456,i3:-555,iter:621)
-----------------------------------------
(re)writing active CFG (unchanged) -- this should report that there's nothing to write as the CFG data has not changed -- at 0xC4DA0: 1
  flash [0] level 1: Flash sector already contains matching data: skipping write operation.
-----------------------------------------
(re)writing active CFG (unchanged) -- this should report that there's nothing to write as the CFG data has not changed -- at 0xC4DA0: 1
  flash [0] level 1: Flash sector already contains matching data: skipping write operation.
-----------------------------------------
(re)writing active CFG (unchanged) -- this should report that there's nothing to write as the CFG data has not changed -- at 0xC4DA0: 1
  flash [0] level 1: Flash sector already contains matching data: skipping write operation.
writing an updated CFG at address 0xC4DC0: 1
(b0:0,b1:42,i1:1,li2:1234567890123456,i3:-555,iter:622)
-----------------------------------------
(re)writing active CFG (unchanged) -- this should report that there's nothing to write as the CFG data has not changed -- at 0xC4DC0: 1
  flash [0] level 1: Flash sector already contains matching data: skipping write operation.
-----------------------------------------
(re)writing active CFG (unchanged) -- this should report that there's nothing to write as the CFG data has not changed -- at 0xC4DC0: 1
  flash [0] level 1: Flash sector already contains matching data: skipping write operation.
-----------------------------------------
(re)writing active CFG (unchanged) -- this should report that there's nothing to write as the CFG data has not changed -- at 0xC4DC0: 1
  flash [0] level 1: Flash sector already contains matching data: skipping write operation.
writing an updated CFG at address 0xC4DE0: 1
(b0:0,b1:42,i1:1,li2:1234567890123456,i3:-555,iter:623)
-----------------------------------------
(re)writing active CFG (unchanged) -- this should report that there's nothing to write as the CFG data has not changed -- at 0xC4DE0: 1
  flash [0] level 1: Flash sector already contains matching data: skipping write operation.
-----------------------------------------
(re)writing active CFG (unchanged) -- this should report that there's nothing to write as the CFG data has not changed -- at 0xC4DE0: 1
  flash [0] level 1: Flash sector already contains matching data: skipping write operation.
-----------------------------------------
(re)writing active CFG (unchanged) -- this should report that there's nothing to write as the CFG data has not changed -- at 0xC4DE0: 1
  flash [0] level 1: Flash sector already contains matching data: skipping write operation.
writing an updated CFG at address 0xC4E00: 1
(b0:0,b1:42,i1:1,li2:1234567890123456,i3:-555,iter:624)
-----------------------------------------
(re)writing active CFG (unchanged) -- this should report that there's nothing to write as the CFG data has not changed -- at 0xC4E00: 1
  flash [0] level 1: Flash sector already contains matching data: skipping write operation.
-----------------------------------------
(re)writing active CFG (unchanged) -- this should report that there's nothing to write as the CFG data has not changed -- at 0xC4E00: 1
  flash [0] level 1: Flash sector already contains matching data: skipping write operation.
-----------------------------------------
(re)writing active CFG (unchanged) -- this should report that there's nothing to write as the CFG data has not changed -- at 0xC4E00: 1
  flash [0] level 1: Flash sector already contains matching data: skipping write operation.
writing an updated CFG at address 0xC4E20: 1
(b0:0,b1:42,i1:1,li2:1234567890123456,i3:-555,iter:625)
-----------------------------------------
(re)writing active CFG (unchanged) -- this should report that there's nothing to write as the CFG data has not changed -- at 0xC4E20: 1
  flash [0] level 1: Flash sector already contains matching data: skipping write operation.
-----------------------------------------
(re)writing active CFG (unchanged) -- this should report that there's nothing to write as the CFG data has not changed -- at 0xC4E20: 1
  flash [0] level 1: Flash sector already contains matching data: skipping write operation.
-----------------------------------------
(re)writing active CFG (unchanged) -- this should report that there's nothing to write as the CFG data has not changed -- at 0xC4E20: 1
  flash [0] level 1: Flash sector already contains matching data: skipping write operation.
writing an updated CFG at address 0xC4E40: 1
(b0:0,b1:42,i1:1,li2:1234567890123456,i3:-555,iter:626)
-----------------------------------------
(re)writing active CFG (unchanged) -- this should report that there's nothing to write as the CFG data has not changed -- at 0xC4E40: 1
  flash [0] level 1: Flash sector already contains matching data: skipping write operation.
-----------------------------------------
(re)writing active CFG (unchanged) -- this should report that there's nothing to write as the CFG data has not changed -- at 0xC4E40: 1
  flash [0] level 1: Flash sector already contains matching data: skipping write operation.
-----------------------------------------
(re)writing active CFG (unchanged) -- this should report that there's nothing to write as the CFG data has not changed -- at 0xC4E40: 1
  flash [0] level 1: Flash sector already contains matching data: skipping write operation.
writing an updated CFG at address 0xC4E60: 1
(b0:0,b1:42,i1:1,li2:1234567890123456,i3:-555,iter:627)
-----------------------------------------
(re)writing active CFG (unchanged) -- this should report that there's nothing to write as the CFG data has not changed -- at 0xC4E60: 1
  flash [0] level 1: Flash sector already contains matching data: skipping write operation.
-----------------------------------------
(re)writing active CFG (unchanged) -- this should report that there's nothing to write as the CFG data has not changed -- at 0xC4E60: 1
  flash [0] level 1: Flash sector already contains matching data: skipping write operation.
-----------------------------------------
(re)writing active CFG (unchanged) -- this should report that there's nothing to write as the CFG data has not changed -- at 0xC4E60: 1
  flash [0] level 1: Flash sector already contains matching data: skipping write operation.
writing an updated CFG at address 0xC4E80: 1
(b0:0,b1:42,i1:1,li2:1234567890123456,i3:-555,iter:628)
-----------------------------------------
(re)writing active CFG (unchanged) -- this should report that there's nothing to write as the CFG data has not changed -- at 0xC4E80: 1
  flash [0] level 1: Flash sector already contains matching data: skipping write operation.
-----------------------------------------
(re)writing active CFG (unchanged) -- this should report that there's nothing to write as the CFG data has not changed -- at 0xC4E80: 1
  flash [0] level 1: Flash sector already contains matching data: skipping write operation.
-----------------------------------------
(re)writing active CFG (unchanged) -- this should report that there's nothing to write as the CFG data has not changed -- at 0xC4E80: 1
  flash [0] level 1: Flash sector already contains matching data: skipping write operation.
writing an updated CFG at address 0xC4EA0: 1
(b0:0,b1:42,i1:1,li2:1234567890123456,i3:-555,iter:629)
-----------------------------------------
(re)writing active CFG (unchanged) -- this should report that there's nothing to write as the CFG data has not changed -- at 0xC4EA0: 1
  flash [0] level 1: Flash sector already contains matching data: skipping write operation.
-----------------------------------------
(re)writing active CFG (unchanged) -- this should report that there's nothing to write as the CFG data has not changed -- at 0xC4EA0: 1
  flash [0] level 1: Flash sector already contains matching data: skipping write operation.
-----------------------------------------
(re)writing active CFG (unchanged) -- this should report that there's nothing to write as the CFG data has not changed -- at 0xC4EA0: 1
  flash [0] level 1: Flash sector already contains matching data: skipping write operation.
writing an updated CFG at address 0xC4EC0: 1
(b0:0,b1:42,i1:1,li2:1234567890123456,i3:-555,iter:630)
-----------------------------------------
(re)writing active CFG (unchanged) -- this should report that there's nothing to write as the CFG data has not changed -- at 0xC4EC0: 1
  flash [0] level 1: Flash sector already contains matching data: skipping write operation.
-----------------------------------------
(re)writing active CFG (unchanged) -- this should report that there's nothing to write as the CFG data has not changed -- at 0xC4EC0: 1
  flash [0] level 1: Flash sector already contains matching data: skipping write operation.
-----------------------------------------
(re)writing active CFG (unchanged) -- this should report that there's nothing to write as the CFG data has not changed -- at 0xC4EC0: 1
  flash [0] level 1: Flash sector already contains matching data: skipping write operation.
writing an updated CFG at address 0xC4EE0: 1
(b0:0,b1:42,i1:1,li2:1234567890123456,i3:-555,iter:631)
-----------------------------------------
(re)writing active CFG (unchanged) -- this should report that there's nothing to write as the CFG data has not changed -- at 0xC4EE0: 1
  flash [0] level 1: Flash sector already contains matching data: skipping write operation.
-----------------------------------------
(re)writing active CFG (unchanged) -- this should report that there's nothing to write as the CFG data has not changed -- at 0xC4EE0: 1
  flash [0] level 1: Flash sector already contains matching data: skipping write operation.
-----------------------------------------
(re)writing active CFG (unchanged) -- this should report that there's nothing to write as the CFG data has not changed -- at 0xC4EE0: 1
  flash [0] level 1: Flash sector already contains matching data: skipping write operation.
writing an updated CFG at address 0xC4F00: 1
(b0:0,b1:42,i1:1,li2:1234567890123456,i3:-555,iter:632)
-----------------------------------------
(re)writing active CFG (unchanged) -- this should report that there's nothing to write as the CFG data has not changed -- at 0xC4F00: 1
  flash [0] level 1: Flash sector already contains matching data: skipping write operation.
-----------------------------------------
(re)writing active CFG (unchanged) -- this should report that there's nothing to write as the CFG data has not changed -- at 0xC4F00: 1
  flash [0] level 1: Flash sector already contains matching data: skipping write operation.
-----------------------------------------
(re)writing active CFG (unchanged) -- this should report that there's nothing to write as the CFG data has not changed -- at 0xC4F00: 1
  flash [0] level 1: Flash sector already contains matching data: skipping write operation.
writing an updated CFG at address 0xC4F20: 1
(b0:0,b1:42,i1:1,li2:1234567890123456,i3:-555,iter:633)
-----------------------------------------
(re)writing active CFG (unchanged) -- this should report that there's nothing to write as the CFG data has not changed -- at 0xC4F20: 1
  flash [0] level 1: Flash sector already contains matching data: skipping write operation.
-----------------------------------------
(re)writing active CFG (unchanged) -- this should report that there's nothing to write as the CFG data has not changed -- at 0xC4F20: 1
  flash [0] level 1: Flash sector already contains matching data: skipping write operation.
-----------------------------------------
(re)writing active CFG (unchanged) -- this should report that there's nothing to write as the CFG data has not changed -- at 0xC4F20: 1
  flash [0] level 1: Flash sector already contains matching data: skipping write operation.
writing an updated CFG at address 0xC4F40: 1
(b0:0,b1:42,i1:1,li2:1234567890123456,i3:-555,iter:634)
-----------------------------------------
(re)writing active CFG (unchanged) -- this should report that there's nothing to write as the CFG data has not changed -- at 0xC4F40: 1
  flash [0] level 1: Flash sector already contains matching data: skipping write operation.
-----------------------------------------
(re)writing active CFG (unchanged) -- this should report that there's nothing to write as the CFG data has not changed -- at 0xC4F40: 1
  flash [0] level 1: Flash sector already contains matching data: skipping write operation.
-----------------------------------------
(re)writing active CFG (unchanged) -- this should report that there's nothing to write as the CFG data has not changed -- at 0xC4F40: 1
  flash [0] level 1: Flash sector already contains matching data: skipping write operation.
writing an updated CFG at address 0xC4F60: 1
(b0:0,b1:42,i1:1,li2:1234567890123456,i3:-555,iter:635)
-----------------------------------------
(re)writing active CFG (unchanged) -- this should report that there's nothing to write as the CFG data has not changed -- at 0xC4F60: 1
  flash [0] level 1: Flash sector already contains matching data: skipping write operation.
-----------------------------------------
(re)writing active CFG (unchanged) -- this should report that there's nothing to write as the CFG data has not changed -- at 0xC4F60: 1
  flash [0] level 1: Flash sector already contains matching data: skipping write operation.
-----------------------------------------
(re)writing active CFG (unchanged) -- this should report that there's nothing to write as the CFG data has not changed -- at 0xC4F60: 1
  flash [0] level 1: Flash sector already contains matching data: skipping write operation.
writing an updated CFG at address 0xC4F80: 1
(b0:0,b1:42,i1:1,li2:1234567890123456,i3:-555,iter:636)
-----------------------------------------
(re)writing active CFG (unchanged) -- this should report that there's nothing to write as the CFG data has not changed -- at 0xC4F80: 1
  flash [0] level 1: Flash sector already contains matching data: skipping write operation.
-----------------------------------------
(re)writing active CFG (unchanged) -- this should report that there's nothing to write as the CFG data has not changed -- at 0xC4F80: 1
  flash [0] level 1: Flash sector already contains matching data: skipping write operation.
-----------------------------------------
(re)writing active CFG (unchanged) -- this should report that there's nothing to write as the CFG data has not changed -- at 0xC4F80: 1
  flash [0] level 1: Flash sector already contains matching data: skipping write operation.
writing an updated CFG at address 0xC4FA0: 1
(b0:0,b1:42,i1:1,li2:1234567890123456,i3:-555,iter:637)
-----------------------------------------
(re)writing active CFG (unchanged) -- this should report that there's nothing to write as the CFG data has not changed -- at 0xC4FA0: 1
  flash [0] level 1: Flash sector already contains matching data: skipping write operation.
-----------------------------------------
(re)writing active CFG (unchanged) -- this should report that there's nothing to write as the CFG data has not changed -- at 0xC4FA0: 1
  flash [0] level 1: Flash sector already contains matching data: skipping write operation.
-----------------------------------------
(re)writing active CFG (unchanged) -- this should report that there's nothing to write as the CFG data has not changed -- at 0xC4FA0: 1
  flash [0] level 1: Flash sector already contains matching data: skipping write operation.
writing an updated CFG at address 0xC4FC0: 1
(b0:0,b1:42,i1:1,li2:1234567890123456,i3:-555,iter:638)
-----------------------------------------
(re)writing active CFG (unchanged) -- this should report that there's nothing to write as the CFG data has not changed -- at 0xC4FC0: 1
  flash [0] level 1: Flash sector already contains matching data: skipping write operation.
-----------------------------------------
(re)writing active CFG (unchanged) -- this should report that there's nothing to write as the CFG data has not changed -- at 0xC4FC0: 1
  flash [0] level 1: Flash sector already contains matching data: skipping write operation.
-----------------------------------------
(re)writing active CFG (unchanged) -- this should report that there's nothing to write as the CFG data has not changed -- at 0xC4FC0: 1
  flash [0] level 1: Flash sector already contains matching data: skipping write operation.
writing an updated CFG at address 0xC4FE0: 1
(b0:0,b1:42,i1:1,li2:1234567890123456,i3:-555,iter:639)
-----------------------------------------
(re)writing active CFG (unchanged) -- this should report that there's nothing to write as the CFG data has not changed -- at 0xC4FE0: 1
  flash [0] level 1: Flash sector already contains matching data: skipping write operation.
-----------------------------------------
(re)writing active CFG (unchanged) -- this should report that there's nothing to write as the CFG data has not changed -- at 0xC4FE0: 1
  flash [0] level 1: Flash sector already contains matching data: skipping write operation.
-----------------------------------------
(re)writing active CFG (unchanged) -- this should report that there's nothing to write as the CFG data has not changed -- at 0xC4FE0: 1
  flash [0] level 1: Flash sector already contains matching data: skipping write operation.
writing an updated CFG at address 0xC5000: 1
(b0:0,b1:42,i1:1,li2:1234567890123456,i3:-555,iter:640)
-----------------------------------------
(re)writing active CFG (unchanged) -- this should report that there's nothing to write as the CFG data has not changed -- at 0xC5000: 1
  flash [0] level 1: Flash sector already contains matching data: skipping write operation.
-----------------------------------------
(re)writing active CFG (unchanged) -- this should report that there's nothing to write as the CFG data has not changed -- at 0xC5000: 1
  flash [0] level 1: Flash sector already contains matching data: skipping write operation.
-----------------------------------------
(re)writing active CFG (unchanged) -- this should report that there's nothing to write as the CFG data has not changed -- at 0xC5000: 1
  flash [0] level 1: Flash sector already contains matching data: skipping write operation.
writing an updated CFG at address 0xC5020: 1
(b0:0,b1:42,i1:1,li2:1234567890123456,i3:-555,iter:641)
-----------------------------------------
(re)writing active CFG (unchanged) -- this should report that there's nothing to write as the CFG data has not changed -- at 0xC5020: 1
  flash [0] level 1: Flash sector already contains matching data: skipping write operation.
-----------------------------------------
(re)writing active CFG (unchanged) -- this should report that there's nothing to write as the CFG data has not changed -- at 0xC5020: 1
  flash [0] level 1: Flash sector already contains matching data: skipping write operation.
-----------------------------------------
(re)writing active CFG (unchanged) -- this should report that there's nothing to write as the CFG data has not changed -- at 0xC5020: 1
  flash [0] level 1: Flash sector already contains matching data: skipping write operation.
writing an updated CFG at address 0xC5040: 1
(b0:0,b1:42,i1:1,li2:1234567890123456,i3:-555,iter:642)
-----------------------------------------
(re)writing active CFG (unchanged) -- this should report that there's nothing to write as the CFG data has not changed -- at 0xC5040: 1
  flash [0] level 1: Flash sector already contains matching data: skipping write operation.
-----------------------------------------
(re)writing active CFG (unchanged) -- this should report that there's nothing to write as the CFG data has not changed -- at 0xC5040: 1
  flash [0] level 1: Flash sector already contains matching data: skipping write operation.
-----------------------------------------
(re)writing active CFG (unchanged) -- this should report that there's nothing to write as the CFG data has not changed -- at 0xC5040: 1
  flash [0] level 1: Flash sector already contains matching data: skipping write operation.
writing an updated CFG at address 0xC5060: 1
(b0:0,b1:42,i1:1,li2:1234567890123456,i3:-555,iter:643)
-----------------------------------------
(re)writing active CFG (unchanged) -- this should report that there's nothing to write as the CFG data has not changed -- at 0xC5060: 1
  flash [0] level 1: Flash sector already contains matching data: skipping write operation.
-----------------------------------------
(re)writing active CFG (unchanged) -- this should report that there's nothing to write as the CFG data has not changed -- at 0xC5060: 1
  flash [0] level 1: Flash sector already contains matching data: skipping write operation.
-----------------------------------------
(re)writing active CFG (unchanged) -- this should report that there's nothing to write as the CFG data has not changed -- at 0xC5060: 1
  flash [0] level 1: Flash sector already contains matching data: skipping write operation.
writing an updated CFG at address 0xC5080: 1
(b0:0,b1:42,i1:1,li2:1234567890123456,i3:-555,iter:644)
-----------------------------------------
(re)writing active CFG (unchanged) -- this should report that there's nothing to write as the CFG data has not changed -- at 0xC5080: 1
  flash [0] level 1: Flash sector already contains matching data: skipping write operation.
-----------------------------------------
(re)writing active CFG (unchanged) -- this should report that there's nothing to write as the CFG data has not changed -- at 0xC5080: 1
  flash [0] level 1: Flash sector already contains matching data: skipping write operation.
-----------------------------------------
(re)writing active CFG (unchanged) -- this should report that there's nothing to write as the CFG data has not changed -- at 0xC5080: 1
  flash [0] level 1: Flash sector already contains matching data: skipping write operation.
writing an updated CFG at address 0xC50A0: 1
(b0:0,b1:42,i1:1,li2:1234567890123456,i3:-555,iter:645)
-----------------------------------------
(re)writing active CFG (unchanged) -- this should report that there's nothing to write as the CFG data has not changed -- at 0xC50A0: 1
  flash [0] level 1: Flash sector already contains matching data: skipping write operation.
-----------------------------------------
(re)writing active CFG (unchanged) -- this should report that there's nothing to write as the CFG data has not changed -- at 0xC50A0: 1
  flash [0] level 1: Flash sector already contains matching data: skipping write operation.
-----------------------------------------
(re)writing active CFG (unchanged) -- this should report that there's nothing to write as the CFG data has not changed -- at 0xC50A0: 1
  flash [0] level 1: Flash sector already contains matching data: skipping write operation.
writing an updated CFG at address 0xC50C0: 1
(b0:0,b1:42,i1:1,li2:1234567890123456,i3:-555,iter:646)
-----------------------------------------
(re)writing active CFG (unchanged) -- this should report that there's nothing to write as the CFG data has not changed -- at 0xC50C0: 1
  flash [0] level 1: Flash sector already contains matching data: skipping write operation.
-----------------------------------------
(re)writing active CFG (unchanged) -- this should report that there's nothing to write as the CFG data has not changed -- at 0xC50C0: 1
  flash [0] level 1: Flash sector already contains matching data: skipping write operation.
-----------------------------------------
(re)writing active CFG (unchanged) -- this should report that there's nothing to write as the CFG data has not changed -- at 0xC50C0: 1
  flash [0] level 1: Flash sector already contains matching data: skipping write operation.
writing an updated CFG at address 0xC50E0: 1
(b0:0,b1:42,i1:1,li2:1234567890123456,i3:-555,iter:647)
-----------------------------------------
(re)writing active CFG (unchanged) -- this should report that there's nothing to write as the CFG data has not changed -- at 0xC50E0: 1
  flash [0] level 1: Flash sector already contains matching data: skipping write operation.
-----------------------------------------
(re)writing active CFG (unchanged) -- this should report that there's nothing to write as the CFG data has not changed -- at 0xC50E0: 1
  flash [0] level 1: Flash sector already contains matching data: skipping write operation.
-----------------------------------------
(re)writing active CFG (unchanged) -- this should report that there's nothing to write as the CFG data has not changed -- at 0xC50E0: 1
  flash [0] level 1: Flash sector already contains matching data: skipping write operation.
writing an updated CFG at address 0xC5100: 1
(b0:0,b1:42,i1:1,li2:1234567890123456,i3:-555,iter:648)
-----------------------------------------
(re)writing active CFG (unchanged) -- this should report that there's nothing to write as the CFG data has not changed -- at 0xC5100: 1
  flash [0] level 1: Flash sector already contains matching data: skipping write operation.
-----------------------------------------
(re)writing active CFG (unchanged) -- this should report that there's nothing to write as the CFG data has not changed -- at 0xC5100: 1
  flash [0] level 1: Flash sector already contains matching data: skipping write operation.
-----------------------------------------
(re)writing active CFG (unchanged) -- this should report that there's nothing to write as the CFG data has not changed -- at 0xC5100: 1
  flash [0] level 1: Flash sector already contains matching data: skipping write operation.
writing an updated CFG at address 0xC5120: 1
(b0:0,b1:42,i1:1,li2:1234567890123456,i3:-555,iter:649)
-----------------------------------------
(re)writing active CFG (unchanged) -- this should report that there's nothing to write as the CFG data has not changed -- at 0xC5120: 1
  flash [0] level 1: Flash sector already contains matching data: skipping write operation.
-----------------------------------------
(re)writing active CFG (unchanged) -- this should report that there's nothing to write as the CFG data has not changed -- at 0xC5120: 1
  flash [0] level 1: Flash sector already contains matching data: skipping write operation.
-----------------------------------------
(re)writing active CFG (unchanged) -- this should report that there's nothing to write as the CFG data has not changed -- at 0xC5120: 1
  flash [0] level 1: Flash sector already contains matching data: skipping write operation.
writing an updated CFG at address 0xC5140: 1
(b0:0,b1:42,i1:1,li2:1234567890123456,i3:-555,iter:650)
-----------------------------------------
(re)writing active CFG (unchanged) -- this should report that there's nothing to write as the CFG data has not changed -- at 0xC5140: 1
  flash [0] level 1: Flash sector already contains matching data: skipping write operation.
-----------------------------------------
(re)writing active CFG (unchanged) -- this should report that there's nothing to write as the CFG data has not changed -- at 0xC5140: 1
  flash [0] level 1: Flash sector already contains matching data: skipping write operation.
-----------------------------------------
(re)writing active CFG (unchanged) -- this should report that there's nothing to write as the CFG data has not changed -- at 0xC5140: 1
  flash [0] level 1: Flash sector already contains matching data: skipping write operation.
writing an updated CFG at address 0xC5160: 1
(b0:0,b1:42,i1:1,li2:1234567890123456,i3:-555,iter:651)
-----------------------------------------
(re)writing active CFG (unchanged) -- this should report that there's nothing to write as the CFG data has not changed -- at 0xC5160: 1
  flash [0] level 1: Flash sector already contains matching data: skipping write operation.
-----------------------------------------
(re)writing active CFG (unchanged) -- this should report that there's nothing to write as the CFG data has not changed -- at 0xC5160: 1
  flash [0] level 1: Flash sector already contains matching data: skipping write operation.
-----------------------------------------
(re)writing active CFG (unchanged) -- this should report that there's nothing to write as the CFG data has not changed -- at 0xC5160: 1
  flash [0] level 1: Flash sector already contains matching data: skipping write operation.
writing an updated CFG at address 0xC5180: 1
(b0:0,b1:42,i1:1,li2:1234567890123456,i3:-555,iter:652)
-----------------------------------------
(re)writing active CFG (unchanged) -- this should report that there's nothing to write as the CFG data has not changed -- at 0xC5180: 1
  flash [0] level 1: Flash sector already contains matching data: skipping write operation.
-----------------------------------------
(re)writing active CFG (unchanged) -- this should report that there's nothing to write as the CFG data has not changed -- at 0xC5180: 1
  flash [0] level 1: Flash sector already contains matching data: skipping write operation.
-----------------------------------------
(re)writing active CFG (unchanged) -- this should report that there's nothing to write as the CFG data has not changed -- at 0xC5180: 1
  flash [0] level 1: Flash sector already contains matching data: skipping write operation.
writing an updated CFG at address 0xC51A0: 1
(b0:0,b1:42,i1:1,li2:1234567890123456,i3:-555,iter:653)
-----------------------------------------
(re)writing active CFG (unchanged) -- this should report that there's nothing to write as the CFG data has not changed -- at 0xC51A0: 1
  flash [0] level 1: Flash sector already contains matching data: skipping write operation.
-----------------------------------------
(re)writing active CFG (unchanged) -- this should report that there's nothing to write as the CFG data has not changed -- at 0xC51A0: 1
  flash [0] level 1: Flash sector already contains matching data: skipping write operation.
-----------------------------------------
(re)writing active CFG (unchanged) -- this should report that there's nothing to write as the CFG data has not changed -- at 0xC51A0: 1
  flash [0] level 1: Flash sector already contains matching data: skipping write operation.
writing an updated CFG at address 0xC51C0: 1
(b0:0,b1:42,i1:1,li2:1234567890123456,i3:-555,iter:654)
-----------------------------------------
(re)writing active CFG (unchanged) -- this should report that there's nothing to write as the CFG data has not changed -- at 0xC51C0: 1
  flash [0] level 1: Flash sector already contains matching data: skipping write operation.
-----------------------------------------
(re)writing active CFG (unchanged) -- this should report that there's nothing to write as the CFG data has not changed -- at 0xC51C0: 1
  flash [0] level 1: Flash sector already contains matching data: skipping write operation.
-----------------------------------------
(re)writing active CFG (unchanged) -- this should report that there's nothing to write as the CFG data has not changed -- at 0xC51C0: 1
  flash [0] level 1: Flash sector already contains matching data: skipping write operation.
writing an updated CFG at address 0xC51E0: 1
(b0:0,b1:42,i1:1,li2:1234567890123456,i3:-555,iter:655)
-----------------------------------------
(re)writing active CFG (unchanged) -- this should report that there's nothing to write as the CFG data has not changed -- at 0xC51E0: 1
  flash [0] level 1: Flash sector already contains matching data: skipping write operation.
-----------------------------------------
(re)writing active CFG (unchanged) -- this should report that there's nothing to write as the CFG data has not changed -- at 0xC51E0: 1
  flash [0] level 1: Flash sector already contains matching data: skipping write operation.
-----------------------------------------
(re)writing active CFG (unchanged) -- this should report that there's nothing to write as the CFG data has not changed -- at 0xC51E0: 1
  flash [0] level 1: Flash sector already contains matching data: skipping write operation.
writing an updated CFG at address 0xC5200: 1
(b0:0,b1:42,i1:1,li2:1234567890123456,i3:-555,iter:656)
-----------------------------------------
(re)writing active CFG (unchanged) -- this should report that there's nothing to write as the CFG data has not changed -- at 0xC5200: 1
  flash [0] level 1: Flash sector already contains matching data: skipping write operation.
-----------------------------------------
(re)writing active CFG (unchanged) -- this should report that there's nothing to write as the CFG data has not changed -- at 0xC5200: 1
  flash [0] level 1: Flash sector already contains matching data: skipping write operation.
-----------------------------------------
(re)writing active CFG (unchanged) -- this should report that there's nothing to write as the CFG data has not changed -- at 0xC5200: 1
  flash [0] level 1: Flash sector already contains matching data: skipping write operation.
writing an updated CFG at address 0xC5220: 1
(b0:0,b1:42,i1:1,li2:1234567890123456,i3:-555,iter:657)
-----------------------------------------
(re)writing active CFG (unchanged) -- this should report that there's nothing to write as the CFG data has not changed -- at 0xC5220: 1
  flash [0] level 1: Flash sector already contains matching data: skipping write operation.
-----------------------------------------
(re)writing active CFG (unchanged) -- this should report that there's nothing to write as the CFG data has not changed -- at 0xC5220: 1
  flash [0] level 1: Flash sector already contains matching data: skipping write operation.
-----------------------------------------
(re)writing active CFG (unchanged) -- this should report that there's nothing to write as the CFG data has not changed -- at 0xC5220: 1
  flash [0] level 1: Flash sector already contains matching data: skipping write operation.
writing an updated CFG at address 0xC5240: 1
(b0:0,b1:42,i1:1,li2:1234567890123456,i3:-555,iter:658)
-----------------------------------------
(re)writing active CFG (unchanged) -- this should report that there's nothing to write as the CFG data has not changed -- at 0xC5240: 1
  flash [0] level 1: Flash sector already contains matching data: skipping write operation.
-----------------------------------------
(re)writing active CFG (unchanged) -- this should report that there's nothing to write as the CFG data has not changed -- at 0xC5240: 1
  flash [0] level 1: Flash sector already contains matching data: skipping write operation.
-----------------------------------------
(re)writing active CFG (unchanged) -- this should report that there's nothing to write as the CFG data has not changed -- at 0xC5240: 1
  flash [0] level 1: Flash sector already contains matching data: skipping write operation.
writing an updated CFG at address 0xC5260: 1
(b0:0,b1:42,i1:1,li2:1234567890123456,i3:-555,iter:659)
-----------------------------------------
(re)writing active CFG (unchanged) -- this should report that there's nothing to write as the CFG data has not changed -- at 0xC5260: 1
  flash [0] level 1: Flash sector already contains matching data: skipping write operation.
-----------------------------------------
(re)writing active CFG (unchanged) -- this should report that there's nothing to write as the CFG data has not changed -- at 0xC5260: 1
  flash [0] level 1: Flash sector already contains matching data: skipping write operation.
-----------------------------------------
(re)writing active CFG (unchanged) -- this should report that there's nothing to write as the CFG data has not changed -- at 0xC5260: 1
  flash [0] level 1: Flash sector already contains matching data: skipping write operation.
writing an updated CFG at address 0xC5280: 1
(b0:0,b1:42,i1:1,li2:1234567890123456,i3:-555,iter:660)
-----------------------------------------
(re)writing active CFG (unchanged) -- this should report that there's nothing to write as the CFG data has not changed -- at 0xC5280: 1
  flash [0] level 1: Flash sector already contains matching data: skipping write operation.
-----------------------------------------
(re)writing active CFG (unchanged) -- this should report that there's nothing to write as the CFG data has not changed -- at 0xC5280: 1
  flash [0] level 1: Flash sector already contains matching data: skipping write operation.
-----------------------------------------
(re)writing active CFG (unchanged) -- this should report that there's nothing to write as the CFG data has not changed -- at 0xC5280: 1
  flash [0] level 1: Flash sector already contains matching data: skipping write operation.
writing an updated CFG at address 0xC52A0: 1
(b0:0,b1:42,i1:1,li2:1234567890123456,i3:-555,iter:661)
-----------------------------------------
(re)writing active CFG (unchanged) -- this should report that there's nothing to write as the CFG data has not changed -- at 0xC52A0: 1
  flash [0] level 1: Flash sector already contains matching data: skipping write operation.
-----------------------------------------
(re)writing active CFG (unchanged) -- this should report that there's nothing to write as the CFG data has not changed -- at 0xC52A0: 1
  flash [0] level 1: Flash sector already contains matching data: skipping write operation.
-----------------------------------------
(re)writing active CFG (unchanged) -- this should report that there's nothing to write as the CFG data has not changed -- at 0xC52A0: 1
  flash [0] level 1: Flash sector already contains matching data: skipping write operation.
writing an updated CFG at address 0xC52C0: 1
(b0:0,b1:42,i1:1,li2:1234567890123456,i3:-555,iter:662)
-----------------------------------------
(re)writing active CFG (unchanged) -- this should report that there's nothing to write as the CFG data has not changed -- at 0xC52C0: 1
  flash [0] level 1: Flash sector already contains matching data: skipping write operation.
-----------------------------------------
(re)writing active CFG (unchanged) -- this should report that there's nothing to write as the CFG data has not changed -- at 0xC52C0: 1
  flash [0] level 1: Flash sector already contains matching data: skipping write operation.
-----------------------------------------
(re)writing active CFG (unchanged) -- this should report that there's nothing to write as the CFG data has not changed -- at 0xC52C0: 1
  flash [0] level 1: Flash sector already contains matching data: skipping write operation.
writing an updated CFG at address 0xC52E0: 1
(b0:0,b1:42,i1:1,li2:1234567890123456,i3:-555,iter:663)
-----------------------------------------
(re)writing active CFG (unchanged) -- this should report that there's nothing to write as the CFG data has not changed -- at 0xC52E0: 1
  flash [0] level 1: Flash sector already contains matching data: skipping write operation.
-----------------------------------------
(re)writing active CFG (unchanged) -- this should report that there's nothing to write as the CFG data has not changed -- at 0xC52E0: 1
  flash [0] level 1: Flash sector already contains matching data: skipping write operation.
-----------------------------------------
(re)writing active CFG (unchanged) -- this should report that there's nothing to write as the CFG data has not changed -- at 0xC52E0: 1
  flash [0] level 1: Flash sector already contains matching data: skipping write operation.
writing an updated CFG at address 0xC5300: 1
(b0:0,b1:42,i1:1,li2:1234567890123456,i3:-555,iter:664)
-----------------------------------------
(re)writing active CFG (unchanged) -- this should report that there's nothing to write as the CFG data has not changed -- at 0xC5300: 1
  flash [0] level 1: Flash sector already contains matching data: skipping write operation.
-----------------------------------------
(re)writing active CFG (unchanged) -- this should report that there's nothing to write as the CFG data has not changed -- at 0xC5300: 1
  flash [0] level 1: Flash sector already contains matching data: skipping write operation.
-----------------------------------------
(re)writing active CFG (unchanged) -- this should report that there's nothing to write as the CFG data has not changed -- at 0xC5300: 1
  flash [0] level 1: Flash sector already contains matching data: skipping write operation.
writing an updated CFG at address 0xC5320: 1
(b0:0,b1:42,i1:1,li2:1234567890123456,i3:-555,iter:665)
-----------------------------------------
(re)writing active CFG (unchanged) -- this should report that there's nothing to write as the CFG data has not changed -- at 0xC5320: 1
  flash [0] level 1: Flash sector already contains matching data: skipping write operation.
-----------------------------------------
(re)writing active CFG (unchanged) -- this should report that there's nothing to write as the CFG data has not changed -- at 0xC5320: 1
  flash [0] level 1: Flash sector already contains matching data: skipping write operation.
-----------------------------------------
(re)writing active CFG (unchanged) -- this should report that there's nothing to write as the CFG data has not changed -- at 0xC5320: 1
  flash [0] level 1: Flash sector already contains matching data: skipping write operation.
writing an updated CFG at address 0xC5340: 1
(b0:0,b1:42,i1:1,li2:1234567890123456,i3:-555,iter:666)
-----------------------------------------
(re)writing active CFG (unchanged) -- this should report that there's nothing to write as the CFG data has not changed -- at 0xC5340: 1
  flash [0] level 1: Flash sector already contains matching data: skipping write operation.
-----------------------------------------
(re)writing active CFG (unchanged) -- this should report that there's nothing to write as the CFG data has not changed -- at 0xC5340: 1
  flash [0] level 1: Flash sector already contains matching data: skipping write operation.
-----------------------------------------
(re)writing active CFG (unchanged) -- this should report that there's nothing to write as the CFG data has not changed -- at 0xC5340: 1
  flash [0] level 1: Flash sector already contains matching data: skipping write operation.
writing an updated CFG at address 0xC5360: 1
(b0:0,b1:42,i1:1,li2:1234567890123456,i3:-555,iter:667)
-----------------------------------------
(re)writing active CFG (unchanged) -- this should report that there's nothing to write as the CFG data has not changed -- at 0xC5360: 1
  flash [0] level 1: Flash sector already contains matching data: skipping write operation.
-----------------------------------------
(re)writing active CFG (unchanged) -- this should report that there's nothing to write as the CFG data has not changed -- at 0xC5360: 1
  flash [0] level 1: Flash sector already contains matching data: skipping write operation.
-----------------------------------------
(re)writing active CFG (unchanged) -- this should report that there's nothing to write as the CFG data has not changed -- at 0xC5360: 1
  flash [0] level 1: Flash sector already contains matching data: skipping write operation.
writing an updated CFG at address 0xC5380: 1
(b0:0,b1:42,i1:1,li2:1234567890123456,i3:-555,iter:668)
-----------------------------------------
(re)writing active CFG (unchanged) -- this should report that there's nothing to write as the CFG data has not changed -- at 0xC5380: 1
  flash [0] level 1: Flash sector already contains matching data: skipping write operation.
-----------------------------------------
(re)writing active CFG (unchanged) -- this should report that there's nothing to write as the CFG data has not changed -- at 0xC5380: 1
  flash [0] level 1: Flash sector already contains matching data: skipping write operation.
-----------------------------------------
(re)writing active CFG (unchanged) -- this should report that there's nothing to write as the CFG data has not changed -- at 0xC5380: 1
  flash [0] level 1: Flash sector already contains matching data: skipping write operation.
writing an updated CFG at address 0xC53A0: 1
(b0:0,b1:42,i1:1,li2:1234567890123456,i3:-555,iter:669)
-----------------------------------------
(re)writing active CFG (unchanged) -- this should report that there's nothing to write as the CFG data has not changed -- at 0xC53A0: 1
  flash [0] level 1: Flash sector already contains matching data: skipping write operation.
-----------------------------------------
(re)writing active CFG (unchanged) -- this should report that there's nothing to write as the CFG data has not changed -- at 0xC53A0: 1
  flash [0] level 1: Flash sector already contains matching data: skipping write operation.
-----------------------------------------
(re)writing active CFG (unchanged) -- this should report that there's nothing to write as the CFG data has not changed -- at 0xC53A0: 1
  flash [0] level 1: Flash sector already contains matching data: skipping write operation.
writing an updated CFG at address 0xC53C0: 1
(b0:0,b1:42,i1:1,li2:1234567890123456,i3:-555,iter:670)
-----------------------------------------
(re)writing active CFG (unchanged) -- this should report that there's nothing to write as the CFG data has not changed -- at 0xC53C0: 1
  flash [0] level 1: Flash sector already contains matching data: skipping write operation.
-----------------------------------------
(re)writing active CFG (unchanged) -- this should report that there's nothing to write as the CFG data has not changed -- at 0xC53C0: 1
  flash [0] level 1: Flash sector already contains matching data: skipping write operation.
-----------------------------------------
(re)writing active CFG (unchanged) -- this should report that there's nothing to write as the CFG data has not changed -- at 0xC53C0: 1
  flash [0] level 1: Flash sector already contains matching data: skipping write operation.
writing an updated CFG at address 0xC53E0: 1
(b0:0,b1:42,i1:1,li2:1234567890123456,i3:-555,iter:671)
Halting... (press RESET button to observe the last written CFG being kept intact in flash storage)

